OrderItemID,OrderID,ProductID,Quantity,UnitPrice,Discount
I-040,O-015,P-001,2,850.87167,0.05
I-086,O-035,P-001,3,850.87167,0.1
I-108,O-043,P-001,5,850.87167,0
I-137,O-057,P-001,2,850.87167,0
I-265,O-112,P-001,2,850.87167,0.1
I-286,O-120,P-001,1,850.87167,0
I-445,O-188,P-001,2,850.87167,0
I-474,O-202,P-001,1,850.87167,0.15
I-631,O-269,P-001,4,850.87167,0
I-672,O-285,P-001,1,850.87167,0
I-719,O-310,P-001,1,850.87167,0
I-851,O-365,P-001,1,850.87167,0.05
I-864,O-370,P-001,1,850.87167,0.05
I-893,O-383,P-001,3,850.87167,0
I-927,O-400,P-001,1,850.87167,0.1
I-982,O-426,P-001,1,850.87167,0.15
I-1012,O-438,P-001,1,850.87167,0
I-1045,O-454,P-001,2,850.87167,0.15
I-1095,O-473,P-001,2,850.87167,0.15
I-1303,O-560,P-001,1,850.87167,0
I-1433,O-614,P-001,2,850.87167,0.05
I-1520,O-654,P-001,1,850.87167,0.1
I-1573,O-677,P-001,2,850.87167,0
I-1577,O-678,P-001,3,850.87167,0.15
I-1772,O-770,P-001,4,850.87167,0.15
I-1813,O-786,P-001,1,850.87167,0.1
I-1872,O-810,P-001,2,850.87167,0.1
I-1948,O-847,P-001,3,850.87167,0
I-2279,O-996,P-001,4,850.87167,0.15
I-2288,O-1000,P-001,1,850.87167,0.15
I-2382,O-1041,P-001,2,850.87167,0.05
I-2424,O-1062,P-001,4,850.87167,0
I-2768,O-1209,P-001,1,850.87167,0.15
I-2811,O-1228,P-001,1,850.87167,0.05
I-2824,O-1235,P-001,2,850.87167,0
I-2861,O-1250,P-001,2,850.87167,0.15
I-2966,O-1299,P-001,1,850.87167,0
I-3107,O-1357,P-001,1,850.87167,0.15
I-3148,O-1373,P-001,1,850.87167,0
I-3232,O-1414,P-001,1,850.87167,0
I-3311,O-1448,P-001,1,850.87167,0.15
I-3382,O-1481,P-001,2,850.87167,0
I-3387,O-1483,P-001,2,850.87167,0.1
I-3409,O-1493,P-001,2,850.87167,0
I-3456,O-1513,P-001,1,850.87167,0.05
I-3472,O-1520,P-001,3,850.87167,0.1
I-3480,O-1524,P-001,1,850.87167,0.1
I-3482,O-1525,P-001,1,850.87167,0.15
I-3535,O-1547,P-001,1,850.87167,0
I-3575,O-1567,P-001,2,850.87167,0.15
I-3580,O-1569,P-001,1,850.87167,0
I-3601,O-1579,P-001,5,850.87167,0.15
I-3887,O-1712,P-001,1,850.87167,0.15
I-3955,O-1747,P-001,2,850.87167,0
I-4093,O-1811,P-001,1,850.87167,0.05
I-4180,O-1850,P-001,5,850.87167,0
I-4235,O-1873,P-001,2,850.87167,0.1
I-4257,O-1884,P-001,3,850.87167,0.15
I-4448,O-1962,P-001,1,850.87167,0
I-4823,O-2119,P-001,1,850.87167,0.05
I-4945,O-2173,P-001,1,850.87167,0
I-4960,O-2179,P-001,1,850.87167,0.05
I-4984,O-2188,P-001,2,850.87167,0
I-5116,O-2244,P-001,2,850.87167,0
I-5264,O-2309,P-001,2,850.87167,0
I-5404,O-2367,P-001,1,850.87167,0.15
I-5431,O-2379,P-001,4,850.87167,0.1
I-5706,O-2495,P-001,1,850.87167,0.15
I-5730,O-2504,P-001,2,850.87167,0
I-5758,O-2519,P-001,2,850.87167,0.05
I-5776,O-2526,P-001,1,850.87167,0.1
I-5791,O-2532,P-001,3,850.87167,0
I-5843,O-2554,P-001,1,850.87167,0.1
I-6076,O-2647,P-001,3,850.87167,0
I-6112,O-2666,P-001,2,850.87167,0.05
I-6157,O-2684,P-001,2,850.87167,0.15
I-6305,O-2751,P-001,1,850.87167,0
I-6377,O-2781,P-001,3,850.87167,0.15
I-6380,O-2782,P-001,1,850.87167,0
I-6383,O-2783,P-001,1,850.87167,0.1
I-6425,O-2799,P-001,2,850.87167,0
I-6467,O-2818,P-001,1,850.87167,0
I-6603,O-2879,P-001,3,850.87167,0.1
I-6641,O-2895,P-001,1,850.87167,0.1
I-6675,O-2909,P-001,1,850.87167,0.05
I-6873,O-2994,P-001,1,850.87167,0
I-6995,O-3049,P-001,1,850.87167,0.15
I-7314,O-3188,P-001,2,850.87167,0
I-7352,O-3204,P-001,1,850.87167,0
I-7462,O-3251,P-001,2,850.87167,0.15
I-7520,O-3274,P-001,1,850.87167,0.05
I-7548,O-3288,P-001,1,850.87167,0.15
I-7712,O-3362,P-001,3,850.87167,0
I-7841,O-3417,P-001,1,850.87167,0.1
I-7885,O-3436,P-001,3,850.87167,0.15
I-7937,O-3458,P-001,2,850.87167,0
I-7948,O-3464,P-001,3,850.87167,0.15
I-7954,O-3466,P-001,2,850.87167,0.05
I-091,O-037,P-002,1,284.37167,0
I-209,O-088,P-002,2,284.37167,0.05
I-224,O-096,P-002,1,284.37167,0.15
I-257,O-109,P-002,1,284.37167,0.15
I-385,O-164,P-002,3,284.37167,0.1
I-427,O-182,P-002,3,284.37167,0
I-557,O-240,P-002,2,284.37167,0
I-566,O-243,P-002,3,284.37167,0.05
I-603,O-258,P-002,2,284.37167,0.1
I-638,O-272,P-002,5,284.37167,0.15
I-693,O-295,P-002,4,284.37167,0.1
I-841,O-362,P-002,2,284.37167,0
I-957,O-413,P-002,2,284.37167,0.1
I-1105,O-477,P-002,1,284.37167,0
I-1167,O-504,P-002,3,284.37167,0.1
I-1361,O-588,P-002,1,284.37167,0
I-1418,O-609,P-002,1,284.37167,0.1
I-1489,O-639,P-002,1,284.37167,0
I-1531,O-658,P-002,1,284.37167,0
I-1571,O-676,P-002,1,284.37167,0
I-1593,O-685,P-002,2,284.37167,0
I-1688,O-727,P-002,2,284.37167,0
I-1810,O-785,P-002,2,284.37167,0.15
I-2000,O-869,P-002,3,284.37167,0.15
I-2047,O-889,P-002,2,284.37167,0
I-2052,O-890,P-002,2,284.37167,0.15
I-2113,O-915,P-002,2,284.37167,0.1
I-2259,O-986,P-002,3,284.37167,0
I-2356,O-1028,P-002,1,284.37167,0.1
I-2404,O-1050,P-002,2,284.37167,0.05
I-2474,O-1083,P-002,4,284.37167,0.1
I-2480,O-1086,P-002,1,284.37167,0.1
I-2505,O-1099,P-002,1,284.37167,0.05
I-2731,O-1194,P-002,1,284.37167,0
I-2735,O-1195,P-002,1,284.37167,0
I-2855,O-1247,P-002,3,284.37167,0
I-2941,O-1288,P-002,1,284.37167,0.05
I-2973,O-1302,P-002,1,284.37167,0.15
I-3011,O-1314,P-002,1,284.37167,0.1
I-3056,O-1334,P-002,1,284.37167,0.15
I-3065,O-1338,P-002,1,284.37167,0.15
I-3113,O-1359,P-002,4,284.37167,0.15
I-3302,O-1444,P-002,3,284.37167,0.05
I-3337,O-1459,P-002,4,284.37167,0
I-3437,O-1504,P-002,3,284.37167,0.15
I-3449,O-1510,P-002,4,284.37167,0.1
I-3490,O-1528,P-002,1,284.37167,0.1
I-3515,O-1538,P-002,1,284.37167,0.15
I-3521,O-1541,P-002,3,284.37167,0
I-3595,O-1576,P-002,3,284.37167,0.05
I-3642,O-1597,P-002,1,284.37167,0
I-3882,O-1710,P-002,1,284.37167,0
I-4056,O-1795,P-002,1,284.37167,0.15
I-4156,O-1840,P-002,1,284.37167,0.15
I-4255,O-1883,P-002,1,284.37167,0.1
I-4434,O-1957,P-002,1,284.37167,0
I-4534,O-1997,P-002,2,284.37167,0.15
I-4564,O-2009,P-002,1,284.37167,0
I-4663,O-2048,P-002,1,284.37167,0.15
I-4723,O-2074,P-002,4,284.37167,0.2
I-4772,O-2097,P-002,2,284.37167,0.05
I-4812,O-2114,P-002,2,284.37167,0
I-4822,O-2118,P-002,1,284.37167,0.05
I-5089,O-2232,P-002,1,284.37167,0.1
I-5324,O-2330,P-002,4,284.37167,0.1
I-5401,O-2365,P-002,1,284.37167,0.1
I-5511,O-2409,P-002,2,284.37167,0
I-5546,O-2425,P-002,1,284.37167,0.2
I-5723,O-2502,P-002,2,284.37167,0.2
I-5729,O-2504,P-002,3,284.37167,0
I-5734,O-2506,P-002,1,284.37167,0.1
I-6021,O-2623,P-002,2,284.37167,0.05
I-6064,O-2643,P-002,3,284.37167,0.05
I-6172,O-2689,P-002,1,284.37167,0.2
I-6194,O-2700,P-002,1,284.37167,0
I-6222,O-2713,P-002,4,284.37167,0
I-6324,O-2758,P-002,5,284.37167,0.05
I-6372,O-2780,P-002,1,284.37167,0.05
I-6512,O-2837,P-002,4,284.37167,0
I-6577,O-2868,P-002,2,284.37167,0.1
I-6579,O-2869,P-002,3,284.37167,0
I-6604,O-2880,P-002,3,284.37167,0
I-6698,O-2920,P-002,4,284.37167,0.05
I-6758,O-2943,P-002,2,284.37167,0
I-6861,O-2989,P-002,1,284.37167,0.15
I-6927,O-3017,P-002,1,284.37167,0
I-6988,O-3046,P-002,1,284.37167,0.1
I-7451,O-3247,P-002,2,284.37167,0.05
I-7476,O-3257,P-002,1,284.37167,0.05
I-7510,O-3271,P-002,2,284.37167,0
I-7527,O-3278,P-002,1,284.37167,0.15
I-7639,O-3330,P-002,1,284.37167,0.2
I-7642,O-3331,P-002,2,284.37167,0.15
I-7684,O-3349,P-002,1,284.37167,0.05
I-7793,O-3397,P-002,1,284.37167,0
I-7883,O-3434,P-002,4,284.37167,0.05
I-8009,O-3491,P-002,3,284.37167,0
I-102,O-041,P-003,2,523.43467,0
I-213,O-090,P-003,1,523.43467,0.05
I-308,O-129,P-003,3,523.43467,0.15
I-454,O-192,P-003,3,523.43467,0.15
I-576,O-246,P-003,1,523.43467,0
I-773,O-336,P-003,3,523.43467,0.1
I-899,O-386,P-003,1,523.43467,0
I-1057,O-459,P-003,1,523.43467,0.1
I-1070,O-464,P-003,2,523.43467,0
I-1092,O-471,P-003,1,523.43467,0
I-1157,O-500,P-003,2,523.43467,0
I-1166,O-504,P-003,1,523.43467,0.15
I-1209,O-522,P-003,2,523.43467,0.15
I-1386,O-598,P-003,1,523.43467,0.15
I-1455,O-624,P-003,1,523.43467,0
I-1465,O-628,P-003,3,523.43467,0
I-1523,O-655,P-003,2,523.43467,0.15
I-1666,O-719,P-003,1,523.43467,0
I-1705,O-736,P-003,2,523.43467,0.1
I-1763,O-763,P-003,1,523.43467,0.1
I-1768,O-767,P-003,2,523.43467,0
I-1777,O-772,P-003,3,523.43467,0
I-1865,O-806,P-003,1,523.43467,0
I-1988,O-864,P-003,3,523.43467,0.15
I-2152,O-933,P-003,3,523.43467,0.1
I-2284,O-998,P-003,3,523.43467,0.1
I-2291,O-1001,P-003,1,523.43467,0.1
I-2383,O-1041,P-003,1,523.43467,0
I-2497,O-1094,P-003,2,523.43467,0.15
I-2510,O-1102,P-003,1,523.43467,0.15
I-2829,O-1237,P-003,2,523.43467,0
I-2942,O-1288,P-003,1,523.43467,0.1
I-2945,O-1290,P-003,4,523.43467,0
I-3128,O-1364,P-003,1,523.43467,0.15
I-3199,O-1398,P-003,4,523.43467,0
I-3353,O-1466,P-003,1,523.43467,0
I-3380,O-1480,P-003,1,523.43467,0
I-3481,O-1524,P-003,1,523.43467,0.1
I-3525,O-1543,P-003,1,523.43467,0
I-3566,O-1564,P-003,2,523.43467,0
I-3586,O-1571,P-003,3,523.43467,0
I-3600,O-1579,P-003,1,523.43467,0
I-3629,O-1591,P-003,1,523.43467,0
I-3780,O-1659,P-003,1,523.43467,0
I-3909,O-1722,P-003,1,523.43467,0.15
I-4071,O-1801,P-003,1,523.43467,0.15
I-4282,O-1895,P-003,2,523.43467,0
I-4386,O-1937,P-003,2,523.43467,0
I-4402,O-1943,P-003,1,523.43467,0.1
I-4444,O-1961,P-003,1,523.43467,0
I-4579,O-2015,P-003,1,523.43467,0.15
I-4591,O-2020,P-003,1,523.43467,0.15
I-4656,O-2044,P-003,2,523.43467,0
I-4676,O-2054,P-003,2,523.43467,0
I-4760,O-2090,P-003,1,523.43467,0
I-4801,O-2110,P-003,1,523.43467,0
I-4849,O-2131,P-003,3,523.43467,0
I-4884,O-2146,P-003,1,523.43467,0
I-4902,O-2154,P-003,2,523.43467,0
I-4926,O-2165,P-003,2,523.43467,0.15
I-5096,O-2236,P-003,1,523.43467,0
I-5165,O-2265,P-003,2,523.43467,0
I-5180,O-2271,P-003,1,523.43467,0
I-5304,O-2322,P-003,1,523.43467,0
I-5321,O-2329,P-003,2,523.43467,0
I-5635,O-2466,P-003,2,523.43467,0.15
I-5726,O-2503,P-003,1,523.43467,0.15
I-5890,O-2571,P-003,1,523.43467,0.15
I-6141,O-2678,P-003,2,523.43467,0.15
I-6185,O-2694,P-003,3,523.43467,0.15
I-6240,O-2720,P-003,2,523.43467,0
I-6289,O-2743,P-003,2,523.43467,0.15
I-6429,O-2801,P-003,1,523.43467,0.15
I-6549,O-2855,P-003,2,523.43467,0
I-6591,O-2874,P-003,2,523.43467,0.15
I-6593,O-2875,P-003,2,523.43467,0
I-7228,O-3148,P-003,1,523.43467,0.15
I-7269,O-3164,P-003,1,523.43467,0
I-7285,O-3174,P-003,1,523.43467,0.1
I-7412,O-3230,P-003,1,523.43467,0
I-7650,O-3334,P-003,4,523.43467,0
I-7694,O-3354,P-003,3,523.43467,0.15
I-7711,O-3362,P-003,1,523.43467,0
I-7715,O-3363,P-003,2,523.43467,0.15
I-7726,O-3368,P-003,1,523.43467,0.15
I-7791,O-3395,P-003,2,523.43467,0
I-7829,O-3413,P-003,3,523.43467,0
I-7962,O-3469,P-003,2,523.43467,0
I-8005,O-3489,P-003,2,523.43467,0
I-8018,O-3493,P-003,4,523.43467,0
I-8029,O-3497,P-003,1,523.43467,0
I-090,O-036,P-004,1,482.658,0.15
I-139,O-058,P-004,1,482.658,0
I-186,O-079,P-004,4,482.658,0
I-290,O-122,P-004,3,482.658,0.05
I-514,O-220,P-004,3,482.658,0
I-741,O-319,P-004,1,482.658,0
I-752,O-325,P-004,2,482.658,0
I-793,O-343,P-004,1,482.658,0.05
I-866,O-371,P-004,1,482.658,0.1
I-1120,O-483,P-004,1,482.658,0.1
I-1134,O-490,P-004,1,482.658,0.15
I-1262,O-545,P-004,4,482.658,0
I-1305,O-561,P-004,1,482.658,0
I-1413,O-608,P-004,1,482.658,0
I-1533,O-659,P-004,3,482.658,0.15
I-1557,O-670,P-004,1,482.658,0.15
I-1588,O-683,P-004,5,482.658,0.1
I-1680,O-723,P-004,1,482.658,0
I-1943,O-845,P-004,3,482.658,0
I-2216,O-963,P-004,1,482.658,0
I-2294,O-1002,P-004,3,482.658,0.15
I-2314,O-1010,P-004,2,482.658,0.1
I-2407,O-1051,P-004,2,482.658,0
I-2494,O-1093,P-004,3,482.658,0
I-2551,O-1117,P-004,1,482.658,0.15
I-2564,O-1123,P-004,1,482.658,0.1
I-2576,O-1127,P-004,2,482.658,0.15
I-2612,O-1144,P-004,1,482.658,0.1
I-2722,O-1191,P-004,2,482.658,0.05
I-2739,O-1197,P-004,1,482.658,0
I-2779,O-1214,P-004,1,482.658,0
I-3021,O-1320,P-004,4,482.658,0.15
I-3035,O-1326,P-004,2,482.658,0.1
I-3101,O-1354,P-004,1,482.658,0
I-3150,O-1374,P-004,3,482.658,0
I-3273,O-1431,P-004,2,482.658,0.1
I-3470,O-1519,P-004,2,482.658,0.15
I-3537,O-1549,P-004,1,482.658,0.1
I-3574,O-1567,P-004,1,482.658,0.15
I-3683,O-1617,P-004,3,482.658,0
I-3817,O-1676,P-004,2,482.658,0.05
I-3881,O-1709,P-004,1,482.658,0.05
I-3968,O-1754,P-004,1,482.658,0
I-4007,O-1772,P-004,3,482.658,0
I-4018,O-1777,P-004,4,482.658,0
I-4109,O-1818,P-004,2,482.658,0.05
I-4125,O-1823,P-004,2,482.658,0
I-4134,O-1827,P-004,4,482.658,0.05
I-4219,O-1866,P-004,3,482.658,0
I-4296,O-1900,P-004,2,482.658,0.1
I-4421,O-1952,P-004,1,482.658,0
I-4721,O-2073,P-004,2,482.658,0.05
I-4748,O-2084,P-004,5,482.658,0.05
I-4895,O-2150,P-004,2,482.658,0.15
I-4971,O-2183,P-004,3,482.658,0.15
I-5155,O-2261,P-004,2,482.658,0.15
I-5273,O-2311,P-004,4,482.658,0
I-5323,O-2330,P-004,3,482.658,0
I-5352,O-2343,P-004,1,482.658,0.1
I-5368,O-2351,P-004,2,482.658,0.15
I-5390,O-2361,P-004,2,482.658,0.15
I-5573,O-2439,P-004,1,482.658,0
I-5765,O-2522,P-004,2,482.658,0
I-5800,O-2535,P-004,1,482.658,0.1
I-5851,O-2557,P-004,1,482.658,0.1
I-5874,O-2564,P-004,1,482.658,0.15
I-5889,O-2570,P-004,2,482.658,0.05
I-5902,O-2575,P-004,2,482.658,0
I-6013,O-2619,P-004,1,482.658,0.15
I-6260,O-2730,P-004,1,482.658,0
I-6276,O-2738,P-004,3,482.658,0
I-6336,O-2762,P-004,2,482.658,0
I-6381,O-2782,P-004,1,482.658,0
I-6385,O-2784,P-004,3,482.658,0.05
I-6529,O-2846,P-004,1,482.658,0.05
I-6545,O-2854,P-004,2,482.658,0.15
I-6554,O-2857,P-004,3,482.658,0
I-6580,O-2869,P-004,1,482.658,0
I-6607,O-2881,P-004,1,482.658,0
I-6713,O-2926,P-004,2,482.658,0.1
I-6767,O-2948,P-004,1,482.658,0
I-6846,O-2983,P-004,3,482.658,0.15
I-6859,O-2989,P-004,2,482.658,0.1
I-6982,O-3043,P-004,2,482.658,0.1
I-7019,O-3058,P-004,1,482.658,0.1
I-7152,O-3114,P-004,4,482.658,0.15
I-7187,O-3128,P-004,1,482.658,0.05
I-7225,O-3146,P-004,1,482.658,0.15
I-7251,O-3156,P-004,1,482.658,0.15
I-7305,O-3184,P-004,2,482.658,0.15
I-7357,O-3206,P-004,4,482.658,0
I-7657,O-3338,P-004,1,482.658,0.15
I-7797,O-3399,P-004,1,482.658,0
I-7862,O-3426,P-004,1,482.658,0.1
I-7903,O-3443,P-004,1,482.658,0.15
I-8000,O-3488,P-004,2,482.658,0.05
I-148,O-062,P-005,1,963.03867,0.1
I-208,O-088,P-005,2,963.03867,0
I-352,O-149,P-005,1,963.03867,0.1
I-397,O-169,P-005,1,963.03867,0
I-583,O-249,P-005,3,963.03867,0.1
I-790,O-342,P-005,3,963.03867,0.1
I-813,O-352,P-005,2,963.03867,0.05
I-817,O-354,P-005,2,963.03867,0
I-873,O-374,P-005,1,963.03867,0
I-898,O-386,P-005,1,963.03867,0.05
I-987,O-428,P-005,2,963.03867,0
I-989,O-429,P-005,1,963.03867,0.15
I-1208,O-522,P-005,3,963.03867,0.1
I-1372,O-592,P-005,2,963.03867,0.05
I-1579,O-679,P-005,1,963.03867,0.05
I-1730,O-748,P-005,2,963.03867,0.15
I-1792,O-777,P-005,1,963.03867,0
I-1949,O-847,P-005,3,963.03867,0.15
I-2041,O-886,P-005,1,963.03867,0.05
I-2058,O-893,P-005,2,963.03867,0.1
I-2138,O-926,P-005,2,963.03867,0.05
I-2360,O-1031,P-005,2,963.03867,0.05
I-2681,O-1172,P-005,3,963.03867,0.1
I-2878,O-1260,P-005,1,963.03867,0.05
I-2970,O-1300,P-005,3,963.03867,0.1
I-2998,O-1309,P-005,1,963.03867,0
I-3037,O-1327,P-005,4,963.03867,0.1
I-3046,O-1330,P-005,1,963.03867,0
I-3114,O-1359,P-005,2,963.03867,0.1
I-3249,O-1421,P-005,3,963.03867,0
I-3396,O-1486,P-005,1,963.03867,0
I-3478,O-1522,P-005,1,963.03867,0.1
I-3668,O-1611,P-005,1,963.03867,0
I-3698,O-1624,P-005,2,963.03867,0.15
I-3777,O-1658,P-005,3,963.03867,0.1
I-3838,O-1689,P-005,1,963.03867,0
I-4505,O-1986,P-005,4,963.03867,0
I-4522,O-1992,P-005,1,963.03867,0.05
I-4619,O-2031,P-005,2,963.03867,0.05
I-4622,O-2032,P-005,3,963.03867,0
I-4742,O-2082,P-005,1,963.03867,0.1
I-4847,O-2130,P-005,1,963.03867,0.1
I-4934,O-2168,P-005,1,963.03867,0
I-5144,O-2257,P-005,1,963.03867,0.05
I-5146,O-2258,P-005,1,963.03867,0.05
I-5326,O-2331,P-005,2,963.03867,0.1
I-5358,O-2346,P-005,2,963.03867,0.05
I-5392,O-2362,P-005,3,963.03867,0.1
I-5497,O-2403,P-005,2,963.03867,0.1
I-5646,O-2471,P-005,2,963.03867,0.1
I-5846,O-2555,P-005,1,963.03867,0
I-5913,O-2579,P-005,1,963.03867,0.1
I-5966,O-2600,P-005,1,963.03867,0.1
I-6003,O-2616,P-005,2,963.03867,0.15
I-6201,O-2703,P-005,2,963.03867,0.1
I-6282,O-2741,P-005,3,963.03867,0
I-6488,O-2827,P-005,1,963.03867,0
I-6575,O-2867,P-005,2,963.03867,0.1
I-6674,O-2908,P-005,2,963.03867,0
I-6771,O-2950,P-005,1,963.03867,0.1
I-6895,O-3004,P-005,2,963.03867,0
I-6912,O-3011,P-005,3,963.03867,0
I-6971,O-3037,P-005,1,963.03867,0.15
I-7052,O-3072,P-005,2,963.03867,0.15
I-7103,O-3094,P-005,1,963.03867,0.1
I-7119,O-3100,P-005,3,963.03867,0
I-7174,O-3123,P-005,1,963.03867,0.15
I-7410,O-3230,P-005,3,963.03867,0.1
I-7551,O-3289,P-005,2,963.03867,0.1
I-7589,O-3308,P-005,1,963.03867,0
I-7597,O-3310,P-005,1,963.03867,0.05
I-7815,O-3408,P-005,1,963.03867,0
I-7989,O-3484,P-005,4,963.03867,0
I-8004,O-3489,P-005,4,963.03867,0
I-8020,O-3494,P-005,2,963.03867,0
I-053,O-021,P-006,3,895.05867,0.1
I-074,O-030,P-006,3,895.05867,0.1
I-142,O-059,P-006,1,895.05867,0
I-206,O-087,P-006,2,895.05867,0.1
I-355,O-150,P-006,2,895.05867,0.1
I-472,O-201,P-006,1,895.05867,0.05
I-517,O-221,P-006,4,895.05867,0
I-718,O-309,P-006,1,895.05867,0.1
I-733,O-315,P-006,2,895.05867,0.15
I-742,O-320,P-006,3,895.05867,0.1
I-743,O-321,P-006,1,895.05867,0.15
I-780,O-338,P-006,1,895.05867,0
I-818,O-354,P-006,1,895.05867,0.15
I-886,O-380,P-006,2,895.05867,0
I-996,O-432,P-006,3,895.05867,0.1
I-1112,O-479,P-006,4,895.05867,0.15
I-1144,O-494,P-006,1,895.05867,0.1
I-1201,O-518,P-006,2,895.05867,0.15
I-1281,O-552,P-006,1,895.05867,0
I-1404,O-604,P-006,1,895.05867,0.1
I-1444,O-619,P-006,1,895.05867,0.1
I-1449,O-621,P-006,3,895.05867,0.15
I-1491,O-640,P-006,1,895.05867,0
I-1543,O-665,P-006,5,895.05867,0
I-1631,O-703,P-006,1,895.05867,0.05
I-1725,O-745,P-006,4,895.05867,0.15
I-1747,O-755,P-006,1,895.05867,0
I-1925,O-836,P-006,2,895.05867,0
I-1960,O-852,P-006,3,895.05867,0
I-2033,O-882,P-006,1,895.05867,0
I-2054,O-892,P-006,2,895.05867,0
I-2064,O-895,P-006,1,895.05867,0
I-2116,O-918,P-006,1,895.05867,0.1
I-2167,O-941,P-006,1,895.05867,0.1
I-2206,O-959,P-006,1,895.05867,0
I-2274,O-993,P-006,2,895.05867,0.05
I-2281,O-997,P-006,1,895.05867,0.05
I-2422,O-1061,P-006,2,895.05867,0
I-2437,O-1069,P-006,1,895.05867,0.15
I-2558,O-1120,P-006,1,895.05867,0
I-2566,O-1124,P-006,1,895.05867,0.1
I-2756,O-1205,P-006,4,895.05867,0.1
I-2785,O-1217,P-006,2,895.05867,0.1
I-2788,O-1218,P-006,1,895.05867,0.1
I-2875,O-1259,P-006,4,895.05867,0.05
I-2888,O-1264,P-006,4,895.05867,0
I-2954,O-1293,P-006,4,895.05867,0.15
I-2972,O-1301,P-006,2,895.05867,0
I-2979,O-1303,P-006,1,895.05867,0
I-3067,O-1339,P-006,2,895.05867,0.15
I-3097,O-1352,P-006,1,895.05867,0.15
I-3139,O-1370,P-006,3,895.05867,0.15
I-3154,O-1376,P-006,1,895.05867,0.15
I-3245,O-1419,P-006,2,895.05867,0.15
I-3312,O-1448,P-006,3,895.05867,0
I-3324,O-1454,P-006,2,895.05867,0.15
I-3465,O-1517,P-006,2,895.05867,0.15
I-3497,O-1531,P-006,5,895.05867,0.1
I-3518,O-1540,P-006,2,895.05867,0.1
I-3527,O-1544,P-006,4,895.05867,0.1
I-3529,O-1545,P-006,2,895.05867,0.1
I-3561,O-1562,P-006,4,895.05867,0.05
I-3576,O-1567,P-006,2,895.05867,0.05
I-3645,O-1599,P-006,4,895.05867,0.05
I-3691,O-1621,P-006,1,895.05867,0.05
I-3736,O-1640,P-006,1,895.05867,0.05
I-3771,O-1655,P-006,2,895.05867,0
I-3850,O-1694,P-006,4,895.05867,0.15
I-3921,O-1727,P-006,1,895.05867,0.05
I-4094,O-1811,P-006,1,895.05867,0.15
I-4178,O-1849,P-006,2,895.05867,0.15
I-4240,O-1875,P-006,2,895.05867,0
I-4242,O-1877,P-006,3,895.05867,0.1
I-4373,O-1932,P-006,3,895.05867,0.05
I-4710,O-2069,P-006,5,895.05867,0.1
I-4727,O-2076,P-006,2,895.05867,0.15
I-4911,O-2158,P-006,2,895.05867,0.1
I-4931,O-2167,P-006,1,895.05867,0
I-4942,O-2171,P-006,3,895.05867,0.05
I-5147,O-2258,P-006,4,895.05867,0.15
I-5167,O-2265,P-006,2,895.05867,0.15
I-5427,O-2377,P-006,1,895.05867,0
I-5436,O-2381,P-006,1,895.05867,0.1
I-5460,O-2389,P-006,2,895.05867,0.1
I-5493,O-2402,P-006,1,895.05867,0.1
I-5596,O-2449,P-006,3,895.05867,0.05
I-5600,O-2450,P-006,1,895.05867,0.1
I-5620,O-2459,P-006,1,895.05867,0.15
I-5649,O-2472,P-006,2,895.05867,0.05
I-5653,O-2474,P-006,3,895.05867,0
I-5664,O-2479,P-006,1,895.05867,0.1
I-5681,O-2486,P-006,1,895.05867,0.15
I-5720,O-2501,P-006,1,895.05867,0
I-5844,O-2554,P-006,1,895.05867,0.05
I-5915,O-2580,P-006,2,895.05867,0.05
I-5965,O-2600,P-006,4,895.05867,0.1
I-5972,O-2603,P-006,5,895.05867,0
I-5975,O-2605,P-006,1,895.05867,0
I-6168,O-2687,P-006,4,895.05867,0
I-6198,O-2701,P-006,2,895.05867,0
I-6291,O-2744,P-006,2,895.05867,0.1
I-6323,O-2758,P-006,1,895.05867,0.1
I-6391,O-2786,P-006,1,895.05867,0
I-6442,O-2807,P-006,4,895.05867,0.05
I-6499,O-2831,P-006,3,895.05867,0.1
I-6513,O-2837,P-006,2,895.05867,0
I-6732,O-2932,P-006,1,895.05867,0.1
I-7088,O-3087,P-006,1,895.05867,0.1
I-7136,O-3105,P-006,5,895.05867,0
I-7229,O-3148,P-006,1,895.05867,0.05
I-7409,O-3229,P-006,1,895.05867,0
I-7496,O-3265,P-006,2,895.05867,0.1
I-7538,O-3283,P-006,4,895.05867,0.05
I-7699,O-3356,P-006,1,895.05867,0.05
I-7730,O-3369,P-006,1,895.05867,0.15
I-7768,O-3385,P-006,4,895.05867,0.1
I-7874,O-3431,P-006,4,895.05867,0.05
I-7950,O-3465,P-006,2,895.05867,0
I-7976,O-3477,P-006,1,895.05867,0.15
I-046,O-018,P-007,1,736.45,0
I-106,O-042,P-007,1,736.45,0.15
I-377,O-161,P-007,2,736.45,0.05
I-391,O-167,P-007,1,736.45,0.1
I-439,O-186,P-007,1,736.45,0.1
I-450,O-190,P-007,1,736.45,0
I-597,O-255,P-007,3,736.45,0
I-697,O-297,P-007,1,736.45,0.15
I-714,O-307,P-007,2,736.45,0.15
I-889,O-382,P-007,1,736.45,0.1
I-945,O-408,P-007,3,736.45,0.05
I-1224,O-530,P-007,1,736.45,0
I-1389,O-598,P-007,1,736.45,0.1
I-1501,O-646,P-007,2,736.45,0
I-1518,O-653,P-007,3,736.45,0.1
I-1575,O-677,P-007,1,736.45,0
I-1655,O-714,P-007,2,736.45,0
I-1692,O-729,P-007,1,736.45,0.05
I-1774,O-771,P-007,2,736.45,0.1
I-1784,O-775,P-007,1,736.45,0.1
I-1883,O-816,P-007,2,736.45,0
I-1901,O-825,P-007,1,736.45,0
I-1936,O-842,P-007,1,736.45,0.1
I-2016,O-874,P-007,1,736.45,0.1
I-2075,O-898,P-007,1,736.45,0.05
I-2161,O-939,P-007,2,736.45,0.1
I-2171,O-943,P-007,2,736.45,0.1
I-2178,O-947,P-007,2,736.45,0
I-2198,O-955,P-007,2,736.45,0.1
I-2313,O-1010,P-007,2,736.45,0
I-2339,O-1021,P-007,3,736.45,0.05
I-2420,O-1060,P-007,1,736.45,0.15
I-2427,O-1063,P-007,2,736.45,0
I-2438,O-1070,P-007,1,736.45,0
I-2478,O-1085,P-007,2,736.45,0.05
I-2517,O-1105,P-007,2,736.45,0
I-2529,O-1110,P-007,1,736.45,0
I-2603,O-1139,P-007,1,736.45,0
I-2660,O-1163,P-007,2,736.45,0.05
I-2742,O-1200,P-007,1,736.45,0.15
I-2759,O-1206,P-007,2,736.45,0.1
I-2773,O-1211,P-007,4,736.45,0.05
I-2780,O-1214,P-007,4,736.45,0.05
I-2918,O-1279,P-007,1,736.45,0.1
I-2928,O-1283,P-007,2,736.45,0.05
I-3068,O-1339,P-007,1,736.45,0
I-3152,O-1375,P-007,1,736.45,0
I-3304,O-1446,P-007,1,736.45,0.05
I-3389,O-1483,P-007,3,736.45,0.15
I-3441,O-1506,P-007,2,736.45,0.15
I-3483,O-1525,P-007,1,736.45,0.15
I-3502,O-1533,P-007,1,736.45,0
I-3508,O-1536,P-007,1,736.45,0.15
I-3553,O-1559,P-007,5,736.45,0.1
I-3671,O-1612,P-007,1,736.45,0.15
I-3768,O-1653,P-007,1,736.45,0
I-3786,O-1663,P-007,2,736.45,0.15
I-3868,O-1703,P-007,1,736.45,0
I-4079,O-1805,P-007,3,736.45,0
I-4144,O-1834,P-007,1,736.45,0
I-4304,O-1904,P-007,1,736.45,0.15
I-4307,O-1905,P-007,1,736.45,0
I-4458,O-1967,P-007,2,736.45,0.15
I-4483,O-1978,P-007,2,736.45,0
I-4503,O-1985,P-007,2,736.45,0.15
I-4520,O-1992,P-007,4,736.45,0.15
I-4639,O-2039,P-007,3,736.45,0.1
I-4714,O-2070,P-007,3,736.45,0.1
I-4741,O-2082,P-007,1,736.45,0.1
I-4938,O-2169,P-007,1,736.45,0.1
I-5002,O-2196,P-007,2,736.45,0.15
I-5079,O-2227,P-007,2,736.45,0.1
I-5142,O-2256,P-007,1,736.45,0
I-5157,O-2262,P-007,1,736.45,0
I-5238,O-2297,P-007,1,736.45,0
I-5277,O-2312,P-007,2,736.45,0.1
I-5637,O-2467,P-007,3,736.45,0
I-5912,O-2579,P-007,1,736.45,0.1
I-6033,O-2628,P-007,2,736.45,0.15
I-6072,O-2646,P-007,3,736.45,0.05
I-6200,O-2703,P-007,5,736.45,0
I-6224,O-2713,P-007,2,736.45,0
I-6349,O-2768,P-007,2,736.45,0.15
I-6376,O-2781,P-007,3,736.45,0
I-6527,O-2845,P-007,4,736.45,0.1
I-6530,O-2846,P-007,1,736.45,0
I-6558,O-2858,P-007,1,736.45,0.1
I-6746,O-2938,P-007,3,736.45,0
I-6796,O-2961,P-007,1,736.45,0.05
I-6933,O-3020,P-007,3,736.45,0.15
I-6951,O-3028,P-007,1,736.45,0.15
I-7049,O-3070,P-007,2,736.45,0
I-7193,O-3131,P-007,2,736.45,0.15
I-7247,O-3155,P-007,2,736.45,0
I-7257,O-3158,P-007,4,736.45,0.05
I-7392,O-3221,P-007,1,736.45,0.05
I-7414,O-3231,P-007,1,736.45,0
I-7488,O-3262,P-007,3,736.45,0.1
I-7683,O-3349,P-007,1,736.45,0
I-7707,O-3360,P-007,2,736.45,0.15
I-7789,O-3395,P-007,1,736.45,0.1
I-7807,O-3403,P-007,3,736.45,0
I-7818,O-3408,P-007,1,736.45,0.15
I-7860,O-3425,P-007,3,736.45,0.1
I-7872,O-3430,P-007,1,736.45,0
I-7890,O-3438,P-007,2,736.45,0.1
I-7911,O-3446,P-007,1,736.45,0.15
I-015,O-006,P-008,3,158.60867,0.1
I-036,O-013,P-008,3,158.60867,0.15
I-118,O-048,P-008,1,158.60867,0.05
I-146,O-062,P-008,3,158.60867,0
I-278,O-118,P-008,3,158.60867,0.05
I-322,O-136,P-008,1,158.60867,0.15
I-389,O-166,P-008,3,158.60867,0.15
I-496,O-213,P-008,2,158.60867,0
I-509,O-218,P-008,2,158.60867,0.1
I-722,O-311,P-008,2,158.60867,0
I-762,O-330,P-008,5,158.60867,0.1
I-765,O-333,P-008,2,158.60867,0.1
I-810,O-350,P-008,4,158.60867,0.05
I-959,O-414,P-008,3,158.60867,0.2
I-965,O-417,P-008,2,158.60867,0.15
I-970,O-419,P-008,1,158.60867,0.05
I-1247,O-540,P-008,1,158.60867,0.05
I-1326,O-569,P-008,2,158.60867,0.15
I-1435,O-615,P-008,1,158.60867,0.1
I-1479,O-634,P-008,2,158.60867,0.05
I-1549,O-667,P-008,1,158.60867,0.15
I-2068,O-896,P-008,1,158.60867,0.1
I-2228,O-970,P-008,1,158.60867,0.05
I-2334,O-1018,P-008,2,158.60867,0.1
I-2429,O-1065,P-008,2,158.60867,0.2
I-2434,O-1068,P-008,5,158.60867,0.1
I-2473,O-1083,P-008,2,158.60867,0
I-2532,O-1111,P-008,5,158.60867,0.1
I-2727,O-1192,P-008,1,158.60867,0
I-2795,O-1221,P-008,2,158.60867,0
I-2812,O-1228,P-008,1,158.60867,0.1
I-2817,O-1231,P-008,2,158.60867,0.05
I-2840,O-1240,P-008,1,158.60867,0
I-3070,O-1340,P-008,3,158.60867,0
I-3123,O-1362,P-008,3,158.60867,0.05
I-3225,O-1410,P-008,3,158.60867,0
I-3254,O-1423,P-008,1,158.60867,0.05
I-3415,O-1495,P-008,4,158.60867,0
I-3743,O-1642,P-008,1,158.60867,0.15
I-3924,O-1728,P-008,2,158.60867,0.05
I-3932,O-1731,P-008,3,158.60867,0.1
I-3962,O-1750,P-008,2,158.60867,0.2
I-4027,O-1781,P-008,1,158.60867,0.05
I-4173,O-1847,P-008,1,158.60867,0
I-4215,O-1864,P-008,3,158.60867,0
I-4237,O-1874,P-008,2,158.60867,0.05
I-4350,O-1922,P-008,1,158.60867,0.2
I-4426,O-1954,P-008,3,158.60867,0.15
I-4497,O-1983,P-008,1,158.60867,0.05
I-4668,O-2051,P-008,2,158.60867,0.05
I-4792,O-2107,P-008,1,158.60867,0.15
I-4829,O-2123,P-008,1,158.60867,0
I-4901,O-2153,P-008,2,158.60867,0.1
I-4952,O-2176,P-008,1,158.60867,0
I-5030,O-2205,P-008,4,158.60867,0.1
I-5082,O-2228,P-008,3,158.60867,0
I-5176,O-2270,P-008,1,158.60867,0
I-5211,O-2285,P-008,4,158.60867,0.05
I-5231,O-2293,P-008,3,158.60867,0
I-5290,O-2317,P-008,1,158.60867,0.1
I-5394,O-2363,P-008,1,158.60867,0.2
I-5626,O-2462,P-008,1,158.60867,0.1
I-5857,O-2559,P-008,1,158.60867,0.2
I-5877,O-2566,P-008,1,158.60867,0
I-6066,O-2644,P-008,3,158.60867,0.1
I-6080,O-2648,P-008,1,158.60867,0.1
I-6094,O-2656,P-008,3,158.60867,0
I-6296,O-2746,P-008,1,158.60867,0.15
I-6346,O-2767,P-008,1,158.60867,0.2
I-6462,O-2816,P-008,1,158.60867,0.2
I-6597,O-2878,P-008,1,158.60867,0.1
I-6613,O-2884,P-008,2,158.60867,0
I-6615,O-2885,P-008,1,158.60867,0
I-6682,O-2912,P-008,1,158.60867,0
I-6703,O-2922,P-008,3,158.60867,0.1
I-6735,O-2933,P-008,1,158.60867,0.1
I-6742,O-2936,P-008,2,158.60867,0.1
I-6799,O-2962,P-008,1,158.60867,0
I-6888,O-3000,P-008,4,158.60867,0.1
I-7002,O-3051,P-008,1,158.60867,0
I-7013,O-3055,P-008,1,158.60867,0.1
I-7024,O-3060,P-008,1,158.60867,0.1
I-7084,O-3085,P-008,2,158.60867,0.1
I-7087,O-3086,P-008,1,158.60867,0.05
I-7107,O-3096,P-008,2,158.60867,0
I-7186,O-3128,P-008,2,158.60867,0.05
I-7270,O-3164,P-008,3,158.60867,0
I-7273,O-3165,P-008,3,158.60867,0.05
I-7353,O-3205,P-008,5,158.60867,0.1
I-7563,O-3295,P-008,3,158.60867,0.2
I-7578,O-3303,P-008,3,158.60867,0
I-7637,O-3329,P-008,1,158.60867,0
I-7654,O-3337,P-008,2,158.60867,0.1
I-7732,O-3370,P-008,1,158.60867,0.2
I-7770,O-3387,P-008,2,158.60867,0.05
I-7771,O-3387,P-008,1,158.60867,0.1
I-7887,O-3437,P-008,2,158.60867,0.05
I-7981,O-3479,P-008,1,158.60867,0.05
I-8014,O-3492,P-008,4,158.60867,0.15
I-011,O-005,P-009,1,403.33667,0.15
I-094,O-038,P-009,4,403.33667,0
I-149,O-062,P-009,3,403.33667,0.1
I-154,O-064,P-009,2,403.33667,0.05
I-232,O-098,P-009,2,403.33667,0.05
I-560,O-241,P-009,1,403.33667,0.15
I-756,O-327,P-009,3,403.33667,0
I-902,O-387,P-009,3,403.33667,0
I-1048,O-455,P-009,2,403.33667,0
I-1065,O-462,P-009,1,403.33667,0
I-1126,O-486,P-009,1,403.33667,0.1
I-1192,O-514,P-009,1,403.33667,0.1
I-1316,O-565,P-009,4,403.33667,0.1
I-1397,O-601,P-009,1,403.33667,0.2
I-1445,O-620,P-009,1,403.33667,0.05
I-1464,O-628,P-009,1,403.33667,0
I-1503,O-647,P-009,3,403.33667,0.05
I-1528,O-657,P-009,1,403.33667,0.05
I-1558,O-671,P-009,1,403.33667,0.05
I-1659,O-716,P-009,1,403.33667,0
I-1701,O-734,P-009,1,403.33667,0.1
I-1912,O-831,P-009,2,403.33667,0.2
I-2062,O-894,P-009,2,403.33667,0.15
I-2067,O-896,P-009,2,403.33667,0.1
I-2120,O-919,P-009,2,403.33667,0.1
I-2330,O-1017,P-009,1,403.33667,0.2
I-2433,O-1067,P-009,1,403.33667,0.1
I-2484,O-1089,P-009,2,403.33667,0
I-2536,O-1112,P-009,1,403.33667,0
I-2582,O-1130,P-009,1,403.33667,0
I-2749,O-1203,P-009,1,403.33667,0.2
I-3042,O-1329,P-009,2,403.33667,0
I-3074,O-1342,P-009,1,403.33667,0.05
I-3170,O-1384,P-009,1,403.33667,0
I-3335,O-1459,P-009,1,403.33667,0
I-3587,O-1572,P-009,3,403.33667,0.1
I-3605,O-1582,P-009,1,403.33667,0.2
I-3608,O-1583,P-009,2,403.33667,0.2
I-3636,O-1594,P-009,2,403.33667,0.15
I-3760,O-1650,P-009,1,403.33667,0.1
I-3764,O-1652,P-009,1,403.33667,0.05
I-3773,O-1656,P-009,3,403.33667,0
I-3860,O-1700,P-009,1,403.33667,0.15
I-3872,O-1704,P-009,3,403.33667,0
I-3966,O-1753,P-009,1,403.33667,0.1
I-3984,O-1763,P-009,1,403.33667,0.2
I-4102,O-1815,P-009,1,403.33667,0
I-4105,O-1817,P-009,2,403.33667,0
I-4345,O-1920,P-009,1,403.33667,0.1
I-4573,O-2013,P-009,1,403.33667,0.05
I-4637,O-2038,P-009,3,403.33667,0.2
I-4667,O-2051,P-009,1,403.33667,0
I-4680,O-2056,P-009,4,403.33667,0.05
I-4725,O-2075,P-009,2,403.33667,0.15
I-4826,O-2121,P-009,1,403.33667,0.1
I-4838,O-2126,P-009,1,403.33667,0
I-4883,O-2145,P-009,1,403.33667,0.05
I-4929,O-2166,P-009,3,403.33667,0.1
I-4951,O-2175,P-009,1,403.33667,0.2
I-4957,O-2178,P-009,2,403.33667,0.05
I-5016,O-2200,P-009,2,403.33667,0
I-5070,O-2222,P-009,2,403.33667,0
I-5280,O-2313,P-009,2,403.33667,0.05
I-5316,O-2327,P-009,1,403.33667,0.15
I-5347,O-2341,P-009,2,403.33667,0
I-5399,O-2365,P-009,1,403.33667,0
I-5422,O-2374,P-009,4,403.33667,0.15
I-5470,O-2393,P-009,2,403.33667,0.05
I-5564,O-2435,P-009,1,403.33667,0
I-5670,O-2481,P-009,2,403.33667,0
I-5788,O-2530,P-009,1,403.33667,0.05
I-5907,O-2577,P-009,2,403.33667,0.2
I-5989,O-2611,P-009,2,403.33667,0
I-6197,O-2701,P-009,1,403.33667,0.05
I-6233,O-2717,P-009,1,403.33667,0
I-6329,O-2759,P-009,2,403.33667,0.1
I-6561,O-2860,P-009,2,403.33667,0
I-6594,O-2876,P-009,1,403.33667,0.15
I-6651,O-2899,P-009,1,403.33667,0.05
I-6718,O-2928,P-009,1,403.33667,0
I-6728,O-2931,P-009,1,403.33667,0.05
I-6785,O-2957,P-009,2,403.33667,0.05
I-6820,O-2971,P-009,1,403.33667,0.1
I-6821,O-2972,P-009,4,403.33667,0.05
I-6886,O-2999,P-009,1,403.33667,0.2
I-6994,O-3048,P-009,1,403.33667,0.15
I-7047,O-3069,P-009,2,403.33667,0.2
I-7099,O-3092,P-009,5,403.33667,0
I-7104,O-3095,P-009,2,403.33667,0.2
I-7372,O-3211,P-009,2,403.33667,0.15
I-7387,O-3217,P-009,2,403.33667,0.05
I-7610,O-3316,P-009,1,403.33667,0
I-7624,O-3322,P-009,3,403.33667,0.2
I-7651,O-3335,P-009,1,403.33667,0
I-7754,O-3380,P-009,1,403.33667,0.1
I-7906,O-3444,P-009,1,403.33667,0.15
I-088,O-036,P-010,3,140.48067,0.05
I-109,O-044,P-010,1,140.48067,0.1
I-116,O-046,P-010,2,140.48067,0.15
I-407,O-173,P-010,2,140.48067,0.1
I-461,O-195,P-010,1,140.48067,0
I-463,O-196,P-010,2,140.48067,0.1
I-477,O-204,P-010,1,140.48067,0.2
I-529,O-226,P-010,2,140.48067,0.15
I-595,O-254,P-010,3,140.48067,0.15
I-602,O-257,P-010,4,140.48067,0.15
I-622,O-265,P-010,1,140.48067,0.1
I-627,O-267,P-010,1,140.48067,0
I-768,O-333,P-010,3,140.48067,0.05
I-969,O-419,P-010,1,140.48067,0.05
I-1034,O-450,P-010,1,140.48067,0
I-1163,O-502,P-010,1,140.48067,0.1
I-1240,O-537,P-010,1,140.48067,0
I-1351,O-583,P-010,2,140.48067,0
I-1516,O-652,P-010,1,140.48067,0.05
I-1597,O-687,P-010,2,140.48067,0.05
I-1686,O-726,P-010,5,140.48067,0.15
I-1761,O-762,P-010,1,140.48067,0.15
I-2010,O-872,P-010,1,140.48067,0
I-2095,O-907,P-010,2,140.48067,0
I-2408,O-1052,P-010,1,140.48067,0.1
I-2485,O-1089,P-010,2,140.48067,0.2
I-2491,O-1092,P-010,1,140.48067,0
I-2646,O-1157,P-010,1,140.48067,0
I-2650,O-1159,P-010,2,140.48067,0.05
I-2691,O-1177,P-010,2,140.48067,0
I-2757,O-1206,P-010,2,140.48067,0.1
I-2790,O-1219,P-010,1,140.48067,0.1
I-2825,O-1235,P-010,2,140.48067,0
I-2850,O-1244,P-010,1,140.48067,0.05
I-2969,O-1300,P-010,1,140.48067,0.2
I-3008,O-1313,P-010,1,140.48067,0.1
I-3111,O-1358,P-010,1,140.48067,0.05
I-3224,O-1410,P-010,1,140.48067,0
I-3428,O-1500,P-010,2,140.48067,0.05
I-3446,O-1508,P-010,2,140.48067,0
I-3577,O-1568,P-010,2,140.48067,0.2
I-3739,O-1641,P-010,1,140.48067,0.15
I-3781,O-1660,P-010,2,140.48067,0.1
I-3797,O-1668,P-010,2,140.48067,0.15
I-3863,O-1701,P-010,1,140.48067,0.15
I-3869,O-1703,P-010,1,140.48067,0.1
I-3902,O-1719,P-010,1,140.48067,0
I-3958,O-1748,P-010,1,140.48067,0.15
I-4030,O-1782,P-010,2,140.48067,0.05
I-4115,O-1819,P-010,2,140.48067,0
I-4229,O-1870,P-010,2,140.48067,0.05
I-4243,O-1877,P-010,1,140.48067,0.2
I-4308,O-1906,P-010,1,140.48067,0.1
I-4438,O-1958,P-010,2,140.48067,0.15
I-4468,O-1971,P-010,1,140.48067,0.05
I-4554,O-2004,P-010,2,140.48067,0.05
I-4601,O-2023,P-010,1,140.48067,0.2
I-4730,O-2077,P-010,1,140.48067,0
I-4922,O-2164,P-010,1,140.48067,0
I-4997,O-2194,P-010,2,140.48067,0.1
I-5078,O-2226,P-010,1,140.48067,0.15
I-5171,O-2268,P-010,2,140.48067,0.15
I-5198,O-2278,P-010,2,140.48067,0.1
I-5236,O-2296,P-010,1,140.48067,0
I-5241,O-2299,P-010,1,140.48067,0.05
I-5423,O-2375,P-010,1,140.48067,0.15
I-5474,O-2394,P-010,5,140.48067,0.15
I-5518,O-2412,P-010,1,140.48067,0.1
I-5540,O-2422,P-010,1,140.48067,0.15
I-5613,O-2456,P-010,2,140.48067,0
I-5618,O-2458,P-010,1,140.48067,0.2
I-5624,O-2462,P-010,2,140.48067,0.15
I-5757,O-2518,P-010,2,140.48067,0
I-6086,O-2651,P-010,2,140.48067,0.05
I-6098,O-2659,P-010,2,140.48067,0.15
I-6139,O-2677,P-010,2,140.48067,0.2
I-6140,O-2678,P-010,3,140.48067,0.15
I-6190,O-2697,P-010,1,140.48067,0
I-6280,O-2740,P-010,2,140.48067,0
I-6436,O-2805,P-010,1,140.48067,0.2
I-6454,O-2812,P-010,1,140.48067,0
I-6574,O-2866,P-010,2,140.48067,0.1
I-6592,O-2875,P-010,2,140.48067,0.05
I-6608,O-2881,P-010,2,140.48067,0.1
I-6610,O-2882,P-010,1,140.48067,0.15
I-6621,O-2887,P-010,2,140.48067,0.15
I-6660,O-2903,P-010,1,140.48067,0.1
I-6727,O-2931,P-010,2,140.48067,0
I-6783,O-2956,P-010,1,140.48067,0.05
I-6896,O-3005,P-010,1,140.48067,0.1
I-6906,O-3009,P-010,2,140.48067,0.2
I-6924,O-3016,P-010,1,140.48067,0.05
I-6996,O-3050,P-010,2,140.48067,0.2
I-7044,O-3067,P-010,2,140.48067,0.1
I-7128,O-3102,P-010,1,140.48067,0.2
I-7294,O-3179,P-010,1,140.48067,0
I-7331,O-3197,P-010,2,140.48067,0.1
I-7368,O-3209,P-010,1,140.48067,0.1
I-7408,O-3228,P-010,2,140.48067,0.1
I-7459,O-3250,P-010,2,140.48067,0.05
I-7514,O-3272,P-010,3,140.48067,0.05
I-7564,O-3296,P-010,1,140.48067,0.05
I-7618,O-3320,P-010,1,140.48067,0
I-7696,O-3355,P-010,3,140.48067,0.1
I-7830,O-3413,P-010,2,140.48067,0.05
I-7987,O-3483,P-010,1,140.48067,0.15
I-8028,O-3497,P-010,1,140.48067,0.05
I-012,O-005,P-011,1,251.526,0
I-034,O-013,P-011,1,251.526,0
I-061,O-024,P-011,1,251.526,0.15
I-100,O-040,P-011,3,251.526,0.1
I-268,O-114,P-011,1,251.526,0
I-282,O-119,P-011,1,251.526,0.1
I-318,O-134,P-011,3,251.526,0
I-400,O-170,P-011,1,251.526,0.15
I-552,O-237,P-011,2,251.526,0.05
I-572,O-245,P-011,4,251.526,0.15
I-701,O-298,P-011,2,251.526,0.05
I-705,O-301,P-011,2,251.526,0.1
I-835,O-360,P-011,3,251.526,0.2
I-950,O-410,P-011,2,251.526,0.05
I-1052,O-457,P-011,2,251.526,0.1
I-1117,O-481,P-011,1,251.526,0
I-1169,O-505,P-011,1,251.526,0
I-1373,O-593,P-011,5,251.526,0.1
I-1443,O-619,P-011,1,251.526,0.1
I-1526,O-656,P-011,2,251.526,0.2
I-1548,O-666,P-011,2,251.526,0.2
I-1801,O-782,P-011,3,251.526,0.1
I-1889,O-819,P-011,1,251.526,0
I-1893,O-821,P-011,2,251.526,0.05
I-2011,O-873,P-011,3,251.526,0
I-2081,O-901,P-011,1,251.526,0.2
I-2217,O-964,P-011,1,251.526,0.05
I-2250,O-983,P-011,2,251.526,0.05
I-2335,O-1019,P-011,3,251.526,0.05
I-2389,O-1044,P-011,3,251.526,0.15
I-2413,O-1054,P-011,1,251.526,0
I-2450,O-1073,P-011,1,251.526,0.2
I-2467,O-1080,P-011,1,251.526,0.1
I-2569,O-1125,P-011,3,251.526,0.2
I-2589,O-1133,P-011,1,251.526,0
I-2641,O-1155,P-011,3,251.526,0
I-2777,O-1213,P-011,1,251.526,0
I-2896,O-1268,P-011,2,251.526,0.05
I-2952,O-1293,P-011,1,251.526,0
I-3030,O-1324,P-011,3,251.526,0.2
I-3092,O-1350,P-011,1,251.526,0
I-3130,O-1365,P-011,1,251.526,0.1
I-3186,O-1391,P-011,2,251.526,0.2
I-3226,O-1411,P-011,1,251.526,0.15
I-3410,O-1493,P-011,2,251.526,0
I-3547,O-1556,P-011,2,251.526,0.15
I-3570,O-1566,P-011,1,251.526,0.05
I-3699,O-1625,P-011,1,251.526,0.2
I-3703,O-1627,P-011,1,251.526,0.15
I-3922,O-1727,P-011,1,251.526,0.1
I-3953,O-1746,P-011,2,251.526,0.1
I-4017,O-1777,P-011,2,251.526,0
I-4040,O-1786,P-011,1,251.526,0
I-4111,O-1818,P-011,3,251.526,0.2
I-4195,O-1857,P-011,1,251.526,0.15
I-4207,O-1861,P-011,1,251.526,0.1
I-4281,O-1895,P-011,4,251.526,0.2
I-4404,O-1944,P-011,2,251.526,0.05
I-4423,O-1953,P-011,1,251.526,0
I-4432,O-1957,P-011,1,251.526,0.05
I-4583,O-2017,P-011,2,251.526,0.05
I-4690,O-2060,P-011,3,251.526,0.1
I-4728,O-2076,P-011,1,251.526,0.05
I-4881,O-2144,P-011,1,251.526,0.05
I-4981,O-2187,P-011,1,251.526,0
I-5057,O-2215,P-011,1,251.526,0.05
I-5370,O-2352,P-011,1,251.526,0.05
I-5391,O-2362,P-011,3,251.526,0
I-5403,O-2366,P-011,1,251.526,0.05
I-5440,O-2382,P-011,1,251.526,0.15
I-5496,O-2403,P-011,3,251.526,0
I-5537,O-2421,P-011,2,251.526,0.05
I-5545,O-2424,P-011,2,251.526,0.1
I-5595,O-2448,P-011,1,251.526,0
I-5701,O-2493,P-011,4,251.526,0.1
I-5831,O-2548,P-011,1,251.526,0.1
I-5895,O-2572,P-011,1,251.526,0
I-5986,O-2610,P-011,1,251.526,0
I-6134,O-2676,P-011,2,251.526,0.2
I-6221,O-2712,P-011,2,251.526,0.15
I-6334,O-2761,P-011,5,251.526,0.1
I-6430,O-2801,P-011,1,251.526,0.05
I-6533,O-2848,P-011,4,251.526,0
I-6626,O-2890,P-011,2,251.526,0.1
I-6632,O-2892,P-011,2,251.526,0.05
I-6700,O-2921,P-011,1,251.526,0
I-6900,O-3006,P-011,1,251.526,0.1
I-7038,O-3065,P-011,5,251.526,0
I-7217,O-3142,P-011,2,251.526,0.15
I-7231,O-3149,P-011,2,251.526,0
I-7290,O-3177,P-011,1,251.526,0
I-7359,O-3206,P-011,1,251.526,0.1
I-7429,O-3238,P-011,3,251.526,0
I-7506,O-3270,P-011,2,251.526,0.05
I-7594,O-3309,P-011,2,251.526,0.1
I-7673,O-3345,P-011,1,251.526,0.2
I-7769,O-3386,P-011,1,251.526,0
I-7788,O-3395,P-011,2,251.526,0.15
I-022,O-008,P-012,2,90.62867,0
I-035,O-013,P-012,2,90.62867,0.05
I-063,O-025,P-012,1,90.62867,0
I-215,O-092,P-012,2,90.62867,0
I-382,O-163,P-012,1,90.62867,0
I-467,O-199,P-012,4,90.62867,0.2
I-534,O-228,P-012,5,90.62867,0.15
I-574,O-246,P-012,4,90.62867,0
I-600,O-256,P-012,1,90.62867,0.15
I-641,O-273,P-012,1,90.62867,0.15
I-750,O-325,P-012,2,90.62867,0
I-974,O-422,P-012,2,90.62867,0
I-1014,O-439,P-012,1,90.62867,0
I-1267,O-547,P-012,1,90.62867,0
I-1334,O-574,P-012,1,90.62867,0
I-1431,O-614,P-012,1,90.62867,0.1
I-1566,O-674,P-012,1,90.62867,0.1
I-1703,O-735,P-012,2,90.62867,0.2
I-1721,O-743,P-012,5,90.62867,0
I-1753,O-757,P-012,2,90.62867,0.1
I-1797,O-780,P-012,2,90.62867,0.15
I-1804,O-783,P-012,1,90.62867,0
I-1817,O-788,P-012,2,90.62867,0.15
I-1857,O-803,P-012,3,90.62867,0
I-1903,O-826,P-012,2,90.62867,0
I-1982,O-861,P-012,1,90.62867,0
I-2050,O-890,P-012,2,90.62867,0.05
I-2066,O-895,P-012,1,90.62867,0.15
I-2103,O-911,P-012,4,90.62867,0
I-2188,O-950,P-012,2,90.62867,0.2
I-2230,O-971,P-012,2,90.62867,0.1
I-2262,O-988,P-012,1,90.62867,0
I-2374,O-1037,P-012,2,90.62867,0.2
I-2430,O-1065,P-012,1,90.62867,0
I-2431,O-1066,P-012,1,90.62867,0.2
I-2435,O-1068,P-012,3,90.62867,0
I-2441,O-1071,P-012,1,90.62867,0
I-2515,O-1104,P-012,1,90.62867,0.15
I-2534,O-1111,P-012,1,90.62867,0.2
I-2547,O-1116,P-012,1,90.62867,0.15
I-2961,O-1296,P-012,1,90.62867,0.05
I-3081,O-1345,P-012,1,90.62867,0.2
I-3093,O-1351,P-012,2,90.62867,0
I-3136,O-1368,P-012,1,90.62867,0
I-3165,O-1381,P-012,1,90.62867,0
I-3402,O-1489,P-012,1,90.62867,0.1
I-3861,O-1700,P-012,2,90.62867,0
I-3894,O-1716,P-012,2,90.62867,0.15
I-3961,O-1749,P-012,1,90.62867,0.05
I-3964,O-1751,P-012,2,90.62867,0.05
I-4005,O-1771,P-012,2,90.62867,0.2
I-4021,O-1779,P-012,3,90.62867,0.2
I-4096,O-1812,P-012,2,90.62867,0
I-4126,O-1823,P-012,1,90.62867,0.05
I-4136,O-1828,P-012,1,90.62867,0.15
I-4157,O-1840,P-012,1,90.62867,0.05
I-4287,O-1897,P-012,2,90.62867,0.15
I-4331,O-1915,P-012,3,90.62867,0
I-4349,O-1922,P-012,2,90.62867,0.15
I-4357,O-1925,P-012,3,90.62867,0
I-4451,O-1964,P-012,1,90.62867,0.05
I-4499,O-1983,P-012,2,90.62867,0
I-4532,O-1995,P-012,2,90.62867,0.1
I-4887,O-2147,P-012,2,90.62867,0.2
I-5099,O-2237,P-012,2,90.62867,0.05
I-5232,O-2294,P-012,2,90.62867,0.15
I-5331,O-2333,P-012,3,90.62867,0.15
I-5381,O-2357,P-012,1,90.62867,0.15
I-5416,O-2371,P-012,1,90.62867,0.05
I-5424,O-2375,P-012,1,90.62867,0.1
I-5432,O-2379,P-012,2,90.62867,0
I-5558,O-2431,P-012,2,90.62867,0
I-5559,O-2432,P-012,1,90.62867,0.15
I-5567,O-2436,P-012,2,90.62867,0.05
I-5572,O-2438,P-012,4,90.62867,0
I-5608,O-2454,P-012,1,90.62867,0.15
I-5671,O-2482,P-012,2,90.62867,0.05
I-5741,O-2509,P-012,1,90.62867,0
I-5753,O-2515,P-012,3,90.62867,0.1
I-5816,O-2541,P-012,1,90.62867,0.2
I-5978,O-2606,P-012,1,90.62867,0
I-6203,O-2704,P-012,1,90.62867,0.05
I-6250,O-2726,P-012,5,90.62867,0
I-6292,O-2744,P-012,3,90.62867,0
I-6293,O-2744,P-012,1,90.62867,0
I-6306,O-2751,P-012,3,90.62867,0.2
I-6423,O-2798,P-012,2,90.62867,0.1
I-6427,O-2800,P-012,1,90.62867,0.1
I-6437,O-2805,P-012,4,90.62867,0.05
I-6487,O-2826,P-012,1,90.62867,0.1
I-6494,O-2828,P-012,1,90.62867,0.2
I-6505,O-2834,P-012,2,90.62867,0.2
I-6516,O-2838,P-012,1,90.62867,0
I-6524,O-2843,P-012,2,90.62867,0.2
I-6658,O-2902,P-012,2,90.62867,0.15
I-6702,O-2921,P-012,1,90.62867,0
I-6841,O-2981,P-012,1,90.62867,0
I-6851,O-2986,P-012,1,90.62867,0.05
I-6858,O-2988,P-012,4,90.62867,0
I-6891,O-3002,P-012,2,90.62867,0.15
I-6938,O-3022,P-012,2,90.62867,0.1
I-7057,O-3074,P-012,1,90.62867,0.15
I-7133,O-3104,P-012,3,90.62867,0.05
I-7134,O-3104,P-012,1,90.62867,0
I-7264,O-3161,P-012,3,90.62867,0
I-7280,O-3170,P-012,2,90.62867,0.2
I-7365,O-3208,P-012,1,90.62867,0.05
I-7381,O-3215,P-012,4,90.62867,0.05
I-7396,O-3222,P-012,1,90.62867,0
I-7439,O-3241,P-012,1,90.62867,0.15
I-7498,O-3266,P-012,1,90.62867,0
I-7547,O-3287,P-012,1,90.62867,0.05
I-7705,O-3359,P-012,3,90.62867,0.15
I-7759,O-3382,P-012,2,90.62867,0
I-7800,O-3400,P-012,2,90.62867,0.1
I-7803,O-3401,P-012,2,90.62867,0
I-7848,O-3420,P-012,2,90.62867,0
I-7863,O-3426,P-012,2,90.62867,0.15
I-7901,O-3443,P-012,1,90.62867,0
I-7913,O-3447,P-012,2,90.62867,0.15
I-003,O-002,P-013,1,13.596,0
I-072,O-030,P-013,1,13.596,0.1
I-101,O-041,P-013,2,13.596,0.1
I-220,O-094,P-013,1,13.596,0.05
I-283,O-120,P-013,2,13.596,0.2
I-298,O-125,P-013,1,13.596,0.05
I-334,O-141,P-013,1,13.596,0.05
I-431,O-184,P-013,3,13.596,0
I-440,O-187,P-013,2,13.596,0.1
I-565,O-242,P-013,1,13.596,0
I-702,O-299,P-013,2,13.596,0
I-853,O-366,P-013,2,13.596,0.05
I-907,O-390,P-013,2,13.596,0.05
I-934,O-403,P-013,1,13.596,0.05
I-1005,O-435,P-013,2,13.596,0.1
I-1059,O-460,P-013,3,13.596,0.15
I-1067,O-463,P-013,5,13.596,0.05
I-1183,O-511,P-013,1,13.596,0.15
I-1290,O-555,P-013,1,13.596,0.15
I-1309,O-562,P-013,1,13.596,0.05
I-1312,O-563,P-013,1,13.596,0.05
I-1429,O-613,P-013,1,13.596,0.2
I-1454,O-624,P-013,1,13.596,0
I-1550,O-667,P-013,4,13.596,0.05
I-1570,O-676,P-013,3,13.596,0.15
I-1596,O-686,P-013,1,13.596,0.15
I-1689,O-727,P-013,1,13.596,0.05
I-1712,O-739,P-013,2,13.596,0
I-1769,O-767,P-013,1,13.596,0
I-1972,O-858,P-013,2,13.596,0.05
I-2060,O-893,P-013,1,13.596,0.15
I-2061,O-894,P-013,1,13.596,0.05
I-2100,O-910,P-013,2,13.596,0.2
I-2187,O-950,P-013,1,13.596,0
I-2214,O-961,P-013,1,13.596,0
I-2215,O-962,P-013,2,13.596,0.05
I-2240,O-978,P-013,1,13.596,0
I-2299,O-1004,P-013,3,13.596,0.15
I-2377,O-1038,P-013,3,13.596,0
I-2466,O-1080,P-013,3,13.596,0.1
I-2531,O-1110,P-013,5,13.596,0
I-2621,O-1147,P-013,3,13.596,0.1
I-2642,O-1155,P-013,2,13.596,0
I-3000,O-1310,P-013,1,13.596,0.15
I-3069,O-1340,P-013,4,13.596,0
I-3134,O-1367,P-013,1,13.596,0.05
I-3156,O-1377,P-013,2,13.596,0
I-3183,O-1390,P-013,1,13.596,0.15
I-3244,O-1418,P-013,3,13.596,0.15
I-3276,O-1433,P-013,2,13.596,0
I-3598,O-1577,P-013,3,13.596,0.15
I-3622,O-1588,P-013,2,13.596,0.15
I-3648,O-1601,P-013,1,13.596,0.05
I-3842,O-1690,P-013,2,13.596,0.2
I-3855,O-1696,P-013,2,13.596,0
I-3857,O-1697,P-013,3,13.596,0.15
I-3981,O-1761,P-013,2,13.596,0
I-4067,O-1799,P-013,2,13.596,0.05
I-4121,O-1822,P-013,3,13.596,0
I-4213,O-1864,P-013,2,13.596,0
I-4297,O-1900,P-013,2,13.596,0.05
I-4460,O-1968,P-013,1,13.596,0.05
I-4586,O-2018,P-013,4,13.596,0.1
I-4697,O-2063,P-013,4,13.596,0.2
I-4865,O-2137,P-013,1,13.596,0.15
I-5076,O-2226,P-013,1,13.596,0.15
I-5132,O-2251,P-013,1,13.596,0.2
I-5342,O-2339,P-013,2,13.596,0.1
I-5412,O-2369,P-013,2,13.596,0
I-5654,O-2474,P-013,5,13.596,0.05
I-5863,O-2561,P-013,1,13.596,0
I-5956,O-2597,P-013,3,13.596,0.1
I-6087,O-2651,P-013,3,13.596,0.15
I-6107,O-2664,P-013,2,13.596,0
I-6253,O-2727,P-013,3,13.596,0
I-6261,O-2730,P-013,2,13.596,0
I-6456,O-2813,P-013,1,13.596,0
I-6474,O-2821,P-013,1,13.596,0
I-6559,O-2859,P-013,1,13.596,0
I-6992,O-3047,P-013,2,13.596,0.15
I-7011,O-3054,P-013,2,13.596,0.15
I-7032,O-3063,P-013,2,13.596,0.05
I-7056,O-3073,P-013,2,13.596,0
I-7069,O-3078,P-013,1,13.596,0
I-7164,O-3119,P-013,2,13.596,0.05
I-7171,O-3122,P-013,2,13.596,0
I-7195,O-3132,P-013,3,13.596,0
I-7419,O-3233,P-013,1,13.596,0
I-7452,O-3248,P-013,2,13.596,0
I-7470,O-3253,P-013,1,13.596,0
I-7473,O-3255,P-013,2,13.596,0.1
I-7501,O-3267,P-013,2,13.596,0.15
I-7512,O-3272,P-013,3,13.596,0.2
I-7567,O-3298,P-013,1,13.596,0.15
I-7570,O-3299,P-013,1,13.596,0
I-7582,O-3305,P-013,3,13.596,0
I-7608,O-3315,P-013,1,13.596,0.1
I-7669,O-3344,P-013,3,13.596,0.2
I-7674,O-3345,P-013,4,13.596,0.2
I-7718,O-3365,P-013,2,13.596,0.05
I-7738,O-3372,P-013,4,13.596,0.1
I-7765,O-3384,P-013,2,13.596,0
I-112,O-045,P-014,1,37.389,0
I-185,O-078,P-014,1,37.389,0.15
I-227,O-097,P-014,4,37.389,0.1
I-279,O-119,P-014,1,37.389,0
I-280,O-119,P-014,2,37.389,0.05
I-369,O-158,P-014,2,37.389,0
I-412,O-174,P-014,1,37.389,0.1
I-446,O-189,P-014,1,37.389,0
I-573,O-246,P-014,1,37.389,0.05
I-614,O-262,P-014,4,37.389,0.05
I-654,O-279,P-014,1,37.389,0.05
I-659,O-280,P-014,2,37.389,0.05
I-675,O-287,P-014,2,37.389,0.2
I-680,O-290,P-014,2,37.389,0.15
I-745,O-321,P-014,1,37.389,0.15
I-747,O-323,P-014,1,37.389,0.2
I-753,O-326,P-014,1,37.389,0
I-815,O-353,P-014,1,37.389,0.15
I-911,O-392,P-014,5,37.389,0.05
I-983,O-426,P-014,2,37.389,0
I-1129,O-487,P-014,2,37.389,0.1
I-1205,O-520,P-014,2,37.389,0.05
I-1236,O-534,P-014,2,37.389,0
I-1238,O-536,P-014,2,37.389,0.1
I-1249,O-540,P-014,1,37.389,0.15
I-1293,O-556,P-014,1,37.389,0.1
I-1322,O-567,P-014,2,37.389,0.05
I-1369,O-591,P-014,1,37.389,0.1
I-1553,O-668,P-014,3,37.389,0.1
I-1555,O-669,P-014,1,37.389,0.15
I-1734,O-749,P-014,1,37.389,0.1
I-1735,O-750,P-014,1,37.389,0.1
I-1809,O-785,P-014,2,37.389,0.1
I-1952,O-848,P-014,1,37.389,0
I-1986,O-863,P-014,2,37.389,0.2
I-2028,O-879,P-014,1,37.389,0.05
I-2034,O-883,P-014,1,37.389,0
I-2089,O-905,P-014,2,37.389,0.2
I-2362,O-1031,P-014,1,37.389,0
I-2464,O-1080,P-014,2,37.389,0.05
I-2500,O-1096,P-014,2,37.389,0.1
I-2556,O-1119,P-014,1,37.389,0
I-2645,O-1156,P-014,2,37.389,0
I-2666,O-1166,P-014,2,37.389,0.2
I-2671,O-1169,P-014,1,37.389,0
I-2707,O-1185,P-014,1,37.389,0.05
I-2912,O-1276,P-014,2,37.389,0
I-2946,O-1290,P-014,1,37.389,0
I-3102,O-1354,P-014,2,37.389,0.1
I-3217,O-1405,P-014,1,37.389,0
I-3277,O-1434,P-014,3,37.389,0.05
I-3296,O-1442,P-014,1,37.389,0.15
I-3393,O-1485,P-014,1,37.389,0.1
I-3453,O-1512,P-014,2,37.389,0.2
I-3590,O-1574,P-014,5,37.389,0.1
I-3599,O-1578,P-014,1,37.389,0.2
I-3607,O-1582,P-014,1,37.389,0.1
I-3655,O-1604,P-014,3,37.389,0
I-3877,O-1707,P-014,2,37.389,0.15
I-3886,O-1712,P-014,1,37.389,0.1
I-3895,O-1717,P-014,1,37.389,0.1
I-4086,O-1808,P-014,4,37.389,0.2
I-4264,O-1887,P-014,3,37.389,0.05
I-4273,O-1892,P-014,1,37.389,0.1
I-4593,O-2021,P-014,1,37.389,0
I-4614,O-2029,P-014,2,37.389,0
I-4935,O-2168,P-014,3,37.389,0.1
I-4964,O-2181,P-014,2,37.389,0
I-5043,O-2210,P-014,1,37.389,0.15
I-5098,O-2237,P-014,2,37.389,0.2
I-5240,O-2298,P-014,2,37.389,0.05
I-5458,O-2388,P-014,2,37.389,0.1
I-5634,O-2466,P-014,2,37.389,0.1
I-5678,O-2484,P-014,4,37.389,0.05
I-5685,O-2487,P-014,1,37.389,0
I-5702,O-2494,P-014,1,37.389,0
I-5748,O-2513,P-014,1,37.389,0.2
I-5911,O-2578,P-014,1,37.389,0
I-6079,O-2648,P-014,1,37.389,0
I-6115,O-2668,P-014,1,37.389,0.1
I-6184,O-2694,P-014,2,37.389,0
I-6232,O-2716,P-014,3,37.389,0.1
I-6354,O-2771,P-014,1,37.389,0.2
I-6360,O-2774,P-014,2,37.389,0.1
I-6459,O-2814,P-014,1,37.389,0
I-6511,O-2836,P-014,4,37.389,0.05
I-6543,O-2852,P-014,2,37.389,0
I-6567,O-2863,P-014,2,37.389,0.15
I-6748,O-2939,P-014,1,37.389,0.1
I-6823,O-2972,P-014,1,37.389,0.05
I-6905,O-3008,P-014,3,37.389,0.05
I-6921,O-3015,P-014,3,37.389,0
I-6957,O-3030,P-014,1,37.389,0.05
I-7015,O-3056,P-014,1,37.389,0.05
I-7021,O-3058,P-014,2,37.389,0.05
I-7266,O-3162,P-014,1,37.389,0.1
I-7296,O-3180,P-014,1,37.389,0.2
I-7360,O-3207,P-014,1,37.389,0.05
I-7388,O-3218,P-014,1,37.389,0
I-7418,O-3232,P-014,1,37.389,0
I-7425,O-3236,P-014,2,37.389,0.1
I-7466,O-3252,P-014,1,37.389,0.1
I-7481,O-3259,P-014,2,37.389,0.2
I-7553,O-3289,P-014,1,37.389,0
I-7573,O-3300,P-014,3,37.389,0
I-7625,O-3322,P-014,3,37.389,0.05
I-7804,O-3402,P-014,5,37.389,0.15
I-7828,O-3412,P-014,1,37.389,0
I-7870,O-3429,P-014,3,37.389,0.2
I-002,O-001,P-015,2,128.65215,0.15
I-026,O-010,P-015,1,128.65215,0.15
I-043,O-017,P-015,1,128.65215,0.05
I-144,O-061,P-015,1,128.65215,0
I-217,O-092,P-015,1,128.65215,0
I-260,O-111,P-015,2,128.65215,0.1
I-266,O-113,P-015,2,128.65215,0.2
I-303,O-126,P-015,1,128.65215,0.05
I-367,O-156,P-015,4,128.65215,0.15
I-411,O-174,P-015,2,128.65215,0
I-578,O-247,P-015,4,128.65215,0.05
I-684,O-291,P-015,1,128.65215,0
I-692,O-295,P-015,2,128.65215,0.05
I-731,O-315,P-015,1,128.65215,0
I-988,O-428,P-015,1,128.65215,0.1
I-1022,O-443,P-015,2,128.65215,0
I-1024,O-444,P-015,2,128.65215,0
I-1118,O-482,P-015,3,128.65215,0
I-1216,O-525,P-015,1,128.65215,0.15
I-1231,O-533,P-015,1,128.65215,0.15
I-1323,O-568,P-015,1,128.65215,0.05
I-1425,O-611,P-015,1,128.65215,0
I-1511,O-650,P-015,3,128.65215,0.1
I-1819,O-789,P-015,1,128.65215,0.2
I-1822,O-791,P-015,1,128.65215,0
I-1836,O-796,P-015,2,128.65215,0
I-1968,O-857,P-015,2,128.65215,0.05
I-2175,O-946,P-015,1,128.65215,0
I-2179,O-947,P-015,1,128.65215,0.2
I-2355,O-1028,P-015,1,128.65215,0
I-2436,O-1068,P-015,1,128.65215,0
I-2609,O-1141,P-015,2,128.65215,0.2
I-2684,O-1174,P-015,2,128.65215,0.1
I-2806,O-1226,P-015,2,128.65215,0.1
I-2809,O-1227,P-015,1,128.65215,0.15
I-2810,O-1228,P-015,4,128.65215,0.15
I-2938,O-1287,P-015,3,128.65215,0
I-2963,O-1297,P-015,1,128.65215,0
I-2988,O-1306,P-015,3,128.65215,0.2
I-3138,O-1369,P-015,3,128.65215,0.15
I-3283,O-1437,P-015,2,128.65215,0
I-3381,O-1480,P-015,2,128.65215,0.15
I-3403,O-1490,P-015,1,128.65215,0.1
I-3500,O-1532,P-015,1,128.65215,0.05
I-3787,O-1664,P-015,1,128.65215,0
I-3866,O-1702,P-015,1,128.65215,0.1
I-3931,O-1731,P-015,1,128.65215,0
I-3993,O-1766,P-015,3,128.65215,0.2
I-4039,O-1786,P-015,1,128.65215,0.05
I-4140,O-1831,P-015,1,128.65215,0.05
I-4227,O-1869,P-015,2,128.65215,0.15
I-4263,O-1886,P-015,3,128.65215,0
I-4289,O-1898,P-015,2,128.65215,0.15
I-4323,O-1911,P-015,1,128.65215,0
I-4469,O-1972,P-015,2,128.65215,0
I-4557,O-2006,P-015,1,128.65215,0
I-4571,O-2012,P-015,4,128.65215,0.15
I-4598,O-2022,P-015,2,128.65215,0.05
I-4625,O-2034,P-015,3,128.65215,0.1
I-4744,O-2083,P-015,1,128.65215,0.05
I-4759,O-2089,P-015,2,128.65215,0.05
I-4868,O-2138,P-015,1,128.65215,0.15
I-4909,O-2157,P-015,3,128.65215,0.2
I-4923,O-2164,P-015,2,128.65215,0.15
I-5035,O-2206,P-015,2,128.65215,0
I-5121,O-2246,P-015,3,128.65215,0
I-5149,O-2258,P-015,1,128.65215,0.1
I-5814,O-2540,P-015,1,128.65215,0
I-5893,O-2572,P-015,1,128.65215,0.2
I-5931,O-2587,P-015,1,128.65215,0
I-6001,O-2615,P-015,2,128.65215,0
I-6039,O-2631,P-015,1,128.65215,0
I-6163,O-2685,P-015,1,128.65215,0
I-6368,O-2779,P-015,1,128.65215,0.1
I-6484,O-2825,P-015,1,128.65215,0.05
I-6566,O-2862,P-015,2,128.65215,0
I-6572,O-2866,P-015,1,128.65215,0.2
I-6659,O-2903,P-015,1,128.65215,0
I-6749,O-2939,P-015,2,128.65215,0
I-7060,O-3074,P-015,3,128.65215,0.15
I-7109,O-3097,P-015,1,128.65215,0.1
I-7240,O-3153,P-015,2,128.65215,0
I-7391,O-3220,P-015,1,128.65215,0.05
I-7421,O-3234,P-015,1,128.65215,0
I-7511,O-3271,P-015,2,128.65215,0
I-7521,O-3275,P-015,1,128.65215,0.1
I-7552,O-3289,P-015,2,128.65215,0.05
I-7849,O-3420,P-015,4,128.65215,0.1
I-8036,O-3500,P-015,3,128.65215,0
I-044,O-017,P-016,1,92.02226,0
I-092,O-037,P-016,3,92.02226,0.1
I-234,O-099,P-016,3,92.02226,0.1
I-350,O-148,P-016,1,92.02226,0
I-370,O-158,P-016,2,92.02226,0.05
I-393,O-168,P-016,1,92.02226,0
I-536,O-229,P-016,1,92.02226,0.1
I-590,O-252,P-016,1,92.02226,0
I-604,O-259,P-016,2,92.02226,0.1
I-629,O-268,P-016,1,92.02226,0.05
I-723,O-311,P-016,3,92.02226,0
I-806,O-349,P-016,3,92.02226,0.15
I-867,O-371,P-016,3,92.02226,0.15
I-904,O-388,P-016,4,92.02226,0
I-952,O-411,P-016,3,92.02226,0.15
I-972,O-421,P-016,3,92.02226,0
I-994,O-431,P-016,1,92.02226,0
I-1058,O-460,P-016,1,92.02226,0
I-1083,O-468,P-016,3,92.02226,0.1
I-1087,O-469,P-016,2,92.02226,0
I-1176,O-507,P-016,1,92.02226,0.05
I-1213,O-524,P-016,3,92.02226,0.2
I-1319,O-567,P-016,1,92.02226,0.05
I-1462,O-627,P-016,1,92.02226,0.1
I-1525,O-656,P-016,1,92.02226,0
I-1527,O-656,P-016,1,92.02226,0
I-1587,O-683,P-016,2,92.02226,0.1
I-1628,O-701,P-016,1,92.02226,0
I-1665,O-718,P-016,1,92.02226,0
I-1799,O-781,P-016,2,92.02226,0
I-1816,O-788,P-016,2,92.02226,0
I-1823,O-791,P-016,2,92.02226,0.15
I-1856,O-803,P-016,3,92.02226,0.1
I-1973,O-858,P-016,2,92.02226,0
I-2045,O-888,P-016,1,92.02226,0.15
I-2150,O-932,P-016,2,92.02226,0.15
I-2194,O-954,P-016,1,92.02226,0
I-2200,O-955,P-016,2,92.02226,0
I-2328,O-1016,P-016,2,92.02226,0.05
I-2402,O-1049,P-016,1,92.02226,0.1
I-2519,O-1106,P-016,2,92.02226,0.05
I-2550,O-1117,P-016,2,92.02226,0.05
I-2658,O-1162,P-016,1,92.02226,0.2
I-2948,O-1291,P-016,4,92.02226,0.1
I-2953,O-1293,P-016,2,92.02226,0.05
I-2984,O-1305,P-016,1,92.02226,0.2
I-3261,O-1426,P-016,1,92.02226,0.1
I-3356,O-1468,P-016,1,92.02226,0.05
I-3367,O-1472,P-016,1,92.02226,0.1
I-3374,O-1476,P-016,2,92.02226,0.2
I-3421,O-1498,P-016,2,92.02226,0.2
I-3439,O-1504,P-016,1,92.02226,0.15
I-3573,O-1567,P-016,3,92.02226,0.2
I-3746,O-1644,P-016,3,92.02226,0
I-3900,O-1719,P-016,2,92.02226,0.05
I-3942,O-1738,P-016,1,92.02226,0
I-4073,O-1802,P-016,2,92.02226,0
I-4150,O-1837,P-016,1,92.02226,0.2
I-4212,O-1863,P-016,1,92.02226,0.2
I-4223,O-1868,P-016,4,92.02226,0.2
I-4248,O-1880,P-016,1,92.02226,0.05
I-4314,O-1908,P-016,5,92.02226,0
I-4487,O-1979,P-016,1,92.02226,0.2
I-4494,O-1982,P-016,3,92.02226,0.2
I-4620,O-2031,P-016,2,92.02226,0.1
I-4678,O-2056,P-016,1,92.02226,0.1
I-4924,O-2165,P-016,1,92.02226,0.05
I-5011,O-2199,P-016,1,92.02226,0
I-5067,O-2221,P-016,2,92.02226,0.1
I-5097,O-2236,P-016,3,92.02226,0
I-5245,O-2300,P-016,1,92.02226,0
I-5388,O-2361,P-016,2,92.02226,0.2
I-5418,O-2372,P-016,1,92.02226,0.05
I-5446,O-2384,P-016,1,92.02226,0
I-5473,O-2394,P-016,1,92.02226,0.1
I-5708,O-2495,P-016,1,92.02226,0
I-5823,O-2543,P-016,3,92.02226,0.1
I-5852,O-2557,P-016,1,92.02226,0
I-6025,O-2625,P-016,1,92.02226,0
I-6060,O-2641,P-016,2,92.02226,0
I-6114,O-2667,P-016,1,92.02226,0
I-6123,O-2671,P-016,3,92.02226,0
I-6204,O-2705,P-016,2,92.02226,0.2
I-6234,O-2717,P-016,2,92.02226,0.1
I-6322,O-2758,P-016,2,92.02226,0.15
I-6406,O-2792,P-016,1,92.02226,0.1
I-6444,O-2807,P-016,1,92.02226,0.2
I-6711,O-2925,P-016,1,92.02226,0.15
I-6788,O-2957,P-016,2,92.02226,0.05
I-6963,O-3033,P-016,1,92.02226,0.05
I-6974,O-3039,P-016,1,92.02226,0.1
I-7090,O-3087,P-016,1,92.02226,0
I-7143,O-3107,P-016,2,92.02226,0
I-7242,O-3153,P-016,1,92.02226,0
I-7301,O-3182,P-016,4,92.02226,0.1
I-7441,O-3242,P-016,3,92.02226,0.05
I-7599,O-3311,P-016,1,92.02226,0
I-7812,O-3406,P-016,1,92.02226,0.2
I-7893,O-3438,P-016,2,92.02226,0
I-7947,O-3463,P-016,1,92.02226,0
I-7965,O-3470,P-016,1,92.02226,0
I-8030,O-3498,P-016,1,92.02226,0.05
I-124,O-052,P-017,2,43.7338,0.1
I-246,O-103,P-017,1,43.7338,0.1
I-328,O-138,P-017,3,43.7338,0.15
I-345,O-145,P-017,1,43.7338,0.15
I-410,O-174,P-017,1,43.7338,0
I-430,O-184,P-017,1,43.7338,0.2
I-486,O-209,P-017,1,43.7338,0.05
I-508,O-218,P-017,2,43.7338,0
I-586,O-251,P-017,2,43.7338,0.05
I-588,O-252,P-017,3,43.7338,0.15
I-593,O-254,P-017,1,43.7338,0
I-655,O-279,P-017,1,43.7338,0.05
I-711,O-305,P-017,2,43.7338,0
I-721,O-310,P-017,2,43.7338,0.15
I-783,O-339,P-017,2,43.7338,0.05
I-843,O-363,P-017,1,43.7338,0.05
I-875,O-375,P-017,1,43.7338,0.05
I-885,O-380,P-017,3,43.7338,0.15
I-963,O-416,P-017,3,43.7338,0
I-1032,O-449,P-017,2,43.7338,0.2
I-1202,O-519,P-017,3,43.7338,0
I-1289,O-555,P-017,3,43.7338,0.05
I-1468,O-629,P-017,2,43.7338,0.2
I-1474,O-632,P-017,1,43.7338,0
I-1486,O-637,P-017,1,43.7338,0
I-1911,O-831,P-017,4,43.7338,0.15
I-2114,O-916,P-017,2,43.7338,0
I-2537,O-1112,P-017,1,43.7338,0.2
I-2541,O-1113,P-017,1,43.7338,0.2
I-2625,O-1148,P-017,5,43.7338,0
I-2663,O-1165,P-017,3,43.7338,0.05
I-2834,O-1238,P-017,2,43.7338,0.05
I-3044,O-1329,P-017,2,43.7338,0
I-3094,O-1352,P-017,1,43.7338,0
I-3109,O-1358,P-017,3,43.7338,0.05
I-3115,O-1360,P-017,1,43.7338,0
I-3236,O-1415,P-017,1,43.7338,0.2
I-3272,O-1431,P-017,1,43.7338,0.1
I-3280,O-1436,P-017,2,43.7338,0
I-3313,O-1449,P-017,2,43.7338,0.05
I-3440,O-1505,P-017,1,43.7338,0.2
I-3455,O-1513,P-017,2,43.7338,0
I-3544,O-1553,P-017,1,43.7338,0.1
I-3623,O-1589,P-017,1,43.7338,0.05
I-3741,O-1642,P-017,3,43.7338,0
I-3750,O-1646,P-017,2,43.7338,0.1
I-3783,O-1662,P-017,1,43.7338,0
I-3808,O-1672,P-017,1,43.7338,0
I-3928,O-1730,P-017,1,43.7338,0
I-4063,O-1798,P-017,3,43.7338,0.2
I-4216,O-1865,P-017,1,43.7338,0.05
I-4236,O-1873,P-017,2,43.7338,0
I-4337,O-1916,P-017,3,43.7338,0
I-4474,O-1974,P-017,3,43.7338,0
I-4646,O-2041,P-017,1,43.7338,0
I-4698,O-2064,P-017,2,43.7338,0
I-4731,O-2078,P-017,1,43.7338,0.1
I-4780,O-2099,P-017,2,43.7338,0
I-4803,O-2110,P-017,1,43.7338,0.05
I-4840,O-2127,P-017,1,43.7338,0.1
I-4876,O-2142,P-017,4,43.7338,0
I-4928,O-2166,P-017,1,43.7338,0.1
I-4941,O-2171,P-017,1,43.7338,0.2
I-5059,O-2217,P-017,1,43.7338,0
I-5109,O-2241,P-017,4,43.7338,0.2
I-5158,O-2262,P-017,2,43.7338,0.15
I-5296,O-2320,P-017,1,43.7338,0.2
I-5345,O-2340,P-017,2,43.7338,0.05
I-5417,O-2371,P-017,1,43.7338,0.05
I-5459,O-2388,P-017,1,43.7338,0
I-5508,O-2408,P-017,1,43.7338,0.2
I-5657,O-2476,P-017,1,43.7338,0.15
I-5692,O-2490,P-017,1,43.7338,0.2
I-5837,O-2550,P-017,1,43.7338,0.1
I-5856,O-2558,P-017,2,43.7338,0.1
I-5967,O-2601,P-017,1,43.7338,0.1
I-6162,O-2685,P-017,2,43.7338,0
I-6267,O-2733,P-017,2,43.7338,0
I-6268,O-2733,P-017,3,43.7338,0
I-6310,O-2752,P-017,1,43.7338,0.2
I-6389,O-2786,P-017,2,43.7338,0.2
I-6477,O-2822,P-017,1,43.7338,0
I-6637,O-2894,P-017,1,43.7338,0
I-6697,O-2920,P-017,1,43.7338,0.05
I-6794,O-2960,P-017,1,43.7338,0.1
I-6816,O-2969,P-017,2,43.7338,0.1
I-6831,O-2977,P-017,1,43.7338,0.05
I-6877,O-2995,P-017,1,43.7338,0.15
I-6917,O-3013,P-017,1,43.7338,0
I-7201,O-3136,P-017,3,43.7338,0.05
I-7283,O-3172,P-017,1,43.7338,0.1
I-7284,O-3173,P-017,2,43.7338,0.05
I-7335,O-3198,P-017,1,43.7338,0.15
I-7340,O-3200,P-017,3,43.7338,0.15
I-7447,O-3246,P-017,1,43.7338,0.1
I-7619,O-3320,P-017,2,43.7338,0
I-7873,O-3430,P-017,1,43.7338,0
I-7892,O-3438,P-017,2,43.7338,0
I-7973,O-3475,P-017,1,43.7338,0.15
I-8023,O-3496,P-017,1,43.7338,0.1
I-8031,O-3498,P-017,2,43.7338,0.15
I-008,O-004,P-018,3,96.305,0.2
I-017,O-007,P-018,1,96.305,0.1
I-033,O-012,P-018,1,96.305,0.1
I-181,O-076,P-018,4,96.305,0
I-199,O-083,P-018,2,96.305,0.05
I-214,O-091,P-018,2,96.305,0
I-289,O-122,P-018,3,96.305,0
I-358,O-152,P-018,1,96.305,0
I-405,O-172,P-018,1,96.305,0.15
I-448,O-190,P-018,1,96.305,0.15
I-457,O-193,P-018,2,96.305,0.15
I-470,O-200,P-018,2,96.305,0
I-488,O-210,P-018,2,96.305,0.1
I-495,O-212,P-018,4,96.305,0
I-498,O-213,P-018,1,96.305,0.1
I-535,O-229,P-018,2,96.305,0.05
I-678,O-289,P-018,1,96.305,0.15
I-699,O-297,P-018,1,96.305,0.2
I-710,O-304,P-018,1,96.305,0
I-736,O-317,P-018,4,96.305,0
I-755,O-327,P-018,1,96.305,0
I-789,O-341,P-018,1,96.305,0.1
I-838,O-361,P-018,1,96.305,0.2
I-1146,O-495,P-018,1,96.305,0.2
I-1298,O-559,P-018,1,96.305,0.1
I-1500,O-645,P-018,1,96.305,0.15
I-1586,O-683,P-018,1,96.305,0
I-1591,O-684,P-018,1,96.305,0.05
I-1611,O-693,P-018,2,96.305,0.1
I-1748,O-755,P-018,1,96.305,0
I-1798,O-780,P-018,1,96.305,0
I-1850,O-801,P-018,1,96.305,0.05
I-1855,O-802,P-018,1,96.305,0
I-1863,O-806,P-018,1,96.305,0.15
I-1887,O-818,P-018,2,96.305,0
I-2017,O-875,P-018,3,96.305,0.1
I-2080,O-901,P-018,3,96.305,0.15
I-2130,O-923,P-018,2,96.305,0.1
I-2204,O-957,P-018,1,96.305,0
I-2258,O-985,P-018,5,96.305,0.2
I-2337,O-1020,P-018,1,96.305,0
I-2366,O-1034,P-018,3,96.305,0.15
I-2432,O-1066,P-018,4,96.305,0.15
I-2440,O-1070,P-018,1,96.305,0.1
I-2458,O-1077,P-018,1,96.305,0.05
I-2563,O-1123,P-018,2,96.305,0.1
I-2708,O-1185,P-018,1,96.305,0
I-2778,O-1214,P-018,2,96.305,0
I-2853,O-1246,P-018,1,96.305,0
I-2951,O-1292,P-018,3,96.305,0.15
I-3087,O-1348,P-018,1,96.305,0
I-3218,O-1405,P-018,2,96.305,0.1
I-3274,O-1432,P-018,1,96.305,0
I-3292,O-1440,P-018,2,96.305,0.1
I-3334,O-1458,P-018,1,96.305,0.05
I-3358,O-1468,P-018,2,96.305,0.15
I-3366,O-1472,P-018,3,96.305,0.15
I-3385,O-1482,P-018,3,96.305,0
I-3416,O-1496,P-018,1,96.305,0.05
I-3464,O-1516,P-018,1,96.305,0.1
I-3473,O-1520,P-018,2,96.305,0.2
I-3509,O-1536,P-018,2,96.305,0.15
I-3516,O-1538,P-018,1,96.305,0.2
I-3528,O-1544,P-018,1,96.305,0.1
I-3582,O-1570,P-018,2,96.305,0.1
I-3639,O-1595,P-018,1,96.305,0
I-3644,O-1598,P-018,2,96.305,0
I-3647,O-1600,P-018,1,96.305,0
I-3740,O-1642,P-018,1,96.305,0.1
I-3765,O-1652,P-018,1,96.305,0
I-3784,O-1662,P-018,3,96.305,0.1
I-3846,O-1692,P-018,2,96.305,0.2
I-3938,O-1735,P-018,1,96.305,0.05
I-3970,O-1755,P-018,2,96.305,0.1
I-4004,O-1771,P-018,4,96.305,0.15
I-4112,O-1818,P-018,3,96.305,0.15
I-4132,O-1826,P-018,2,96.305,0.05
I-4138,O-1830,P-018,3,96.305,0.15
I-4152,O-1838,P-018,3,96.305,0.2
I-4154,O-1839,P-018,3,96.305,0.1
I-4199,O-1858,P-018,3,96.305,0.15
I-4251,O-1881,P-018,2,96.305,0.1
I-4265,O-1887,P-018,2,96.305,0.2
I-4328,O-1913,P-018,2,96.305,0.1
I-4375,O-1933,P-018,2,96.305,0.2
I-4455,O-1965,P-018,2,96.305,0
I-4475,O-1974,P-018,2,96.305,0.2
I-4500,O-1984,P-018,2,96.305,0.2
I-4556,O-2005,P-018,2,96.305,0.15
I-4683,O-2058,P-018,1,96.305,0.15
I-4700,O-2065,P-018,1,96.305,0
I-4776,O-2098,P-018,1,96.305,0
I-4856,O-2133,P-018,1,96.305,0.15
I-5047,O-2211,P-018,1,96.305,0.05
I-5139,O-2254,P-018,2,96.305,0.05
I-5288,O-2316,P-018,1,96.305,0.2
I-5340,O-2339,P-018,1,96.305,0
I-5397,O-2364,P-018,2,96.305,0
I-5489,O-2401,P-018,3,96.305,0
I-5491,O-2401,P-018,3,96.305,0.1
I-5617,O-2458,P-018,1,96.305,0.05
I-5630,O-2464,P-018,2,96.305,0.15
I-5633,O-2465,P-018,2,96.305,0.05
I-5793,O-2532,P-018,3,96.305,0
I-5865,O-2561,P-018,1,96.305,0.1
I-5920,O-2583,P-018,1,96.305,0
I-6031,O-2627,P-018,2,96.305,0.05
I-6130,O-2674,P-018,4,96.305,0.2
I-6138,O-2677,P-018,2,96.305,0
I-6143,O-2679,P-018,1,96.305,0.15
I-6176,O-2690,P-018,1,96.305,0.1
I-6177,O-2691,P-018,1,96.305,0.15
I-6217,O-2710,P-018,3,96.305,0.1
I-6223,O-2713,P-018,2,96.305,0.1
I-6231,O-2716,P-018,2,96.305,0
I-6262,O-2730,P-018,1,96.305,0
I-6295,O-2745,P-018,1,96.305,0
I-6320,O-2757,P-018,4,96.305,0.1
I-6325,O-2758,P-018,2,96.305,0.15
I-6374,O-2781,P-018,4,96.305,0.1
I-6403,O-2791,P-018,3,96.305,0.15
I-6419,O-2796,P-018,2,96.305,0.05
I-6470,O-2819,P-018,3,96.305,0.05
I-6476,O-2822,P-018,2,96.305,0
I-6500,O-2832,P-018,3,96.305,0.1
I-6508,O-2835,P-018,5,96.305,0.15
I-6515,O-2838,P-018,1,96.305,0.2
I-6663,O-2905,P-018,1,96.305,0.2
I-6672,O-2908,P-018,1,96.305,0
I-6756,O-2943,P-018,2,96.305,0
I-6843,O-2982,P-018,2,96.305,0.1
I-7023,O-3059,P-018,1,96.305,0.05
I-7037,O-3065,P-018,3,96.305,0
I-7098,O-3091,P-018,1,96.305,0.2
I-7137,O-3105,P-018,2,96.305,0
I-7287,O-3175,P-018,5,96.305,0.05
I-7311,O-3186,P-018,1,96.305,0.2
I-7486,O-3261,P-018,2,96.305,0.05
I-7690,O-3351,P-018,1,96.305,0.2
I-7733,O-3370,P-018,1,96.305,0.1
I-7778,O-3391,P-018,5,96.305,0.1
I-7914,O-3447,P-018,3,96.305,0.05
I-7955,O-3466,P-018,4,96.305,0.1
I-8007,O-3490,P-018,1,96.305,0.05
I-018,O-007,P-019,2,104.6892,0.1
I-128,O-053,P-019,1,104.6892,0.05
I-244,O-103,P-019,2,104.6892,0.15
I-473,O-202,P-019,1,104.6892,0
I-660,O-280,P-019,2,104.6892,0.05
I-674,O-286,P-019,5,104.6892,0.2
I-679,O-289,P-019,2,104.6892,0.05
I-730,O-314,P-019,1,104.6892,0.1
I-739,O-318,P-019,2,104.6892,0.1
I-861,O-369,P-019,2,104.6892,0
I-914,O-393,P-019,2,104.6892,0
I-964,O-417,P-019,3,104.6892,0
I-1097,O-474,P-019,1,104.6892,0.05
I-1187,O-512,P-019,1,104.6892,0.05
I-1195,O-515,P-019,1,104.6892,0.05
I-1221,O-529,P-019,1,104.6892,0.15
I-1276,O-551,P-019,3,104.6892,0.15
I-1297,O-558,P-019,2,104.6892,0.05
I-1344,O-580,P-019,2,104.6892,0
I-1368,O-591,P-019,1,104.6892,0
I-1475,O-632,P-019,1,104.6892,0.15
I-1632,O-703,P-019,2,104.6892,0.1
I-1746,O-755,P-019,2,104.6892,0
I-1830,O-794,P-019,3,104.6892,0.05
I-1854,O-802,P-019,1,104.6892,0.1
I-1987,O-864,P-019,2,104.6892,0.05
I-1996,O-868,P-019,2,104.6892,0
I-2015,O-874,P-019,2,104.6892,0.05
I-2176,O-946,P-019,1,104.6892,0.1
I-2195,O-954,P-019,1,104.6892,0.2
I-2278,O-995,P-019,2,104.6892,0
I-2298,O-1004,P-019,1,104.6892,0.05
I-2303,O-1005,P-019,4,104.6892,0.05
I-2347,O-1024,P-019,1,104.6892,0
I-2358,O-1030,P-019,1,104.6892,0.15
I-2470,O-1082,P-019,2,104.6892,0
I-2482,O-1087,P-019,1,104.6892,0
I-2590,O-1133,P-019,3,104.6892,0
I-2604,O-1140,P-019,1,104.6892,0.05
I-2636,O-1153,P-019,5,104.6892,0.15
I-2719,O-1190,P-019,1,104.6892,0.1
I-2723,O-1191,P-019,1,104.6892,0
I-2752,O-1204,P-019,1,104.6892,0.1
I-2803,O-1224,P-019,1,104.6892,0.2
I-2930,O-1283,P-019,1,104.6892,0
I-2975,O-1302,P-019,2,104.6892,0.05
I-2997,O-1309,P-019,2,104.6892,0
I-2999,O-1309,P-019,2,104.6892,0.1
I-3003,O-1311,P-019,2,104.6892,0.1
I-3031,O-1324,P-019,1,104.6892,0.1
I-3055,O-1334,P-019,1,104.6892,0
I-3133,O-1367,P-019,1,104.6892,0
I-3164,O-1381,P-019,1,104.6892,0.05
I-3169,O-1383,P-019,1,104.6892,0.1
I-3196,O-1396,P-019,2,104.6892,0
I-3208,O-1400,P-019,3,104.6892,0
I-3215,O-1405,P-019,2,104.6892,0.05
I-3271,O-1431,P-019,1,104.6892,0.05
I-3392,O-1485,P-019,1,104.6892,0
I-3466,O-1517,P-019,1,104.6892,0
I-3534,O-1546,P-019,3,104.6892,0.05
I-3558,O-1561,P-019,1,104.6892,0.1
I-3616,O-1586,P-019,1,104.6892,0
I-3690,O-1620,P-019,2,104.6892,0.1
I-3757,O-1649,P-019,1,104.6892,0.2
I-3929,O-1730,P-019,1,104.6892,0
I-3936,O-1734,P-019,4,104.6892,0.15
I-3985,O-1763,P-019,3,104.6892,0
I-4187,O-1854,P-019,1,104.6892,0
I-4210,O-1862,P-019,1,104.6892,0.15
I-4427,O-1954,P-019,1,104.6892,0.05
I-4509,O-1988,P-019,2,104.6892,0
I-4650,O-2042,P-019,2,104.6892,0
I-4907,O-2156,P-019,1,104.6892,0
I-4988,O-2189,P-019,2,104.6892,0.05
I-5026,O-2203,P-019,2,104.6892,0.05
I-5048,O-2211,P-019,3,104.6892,0
I-5482,O-2397,P-019,1,104.6892,0.2
I-5486,O-2400,P-019,2,104.6892,0
I-5551,O-2427,P-019,1,104.6892,0.05
I-5552,O-2428,P-019,1,104.6892,0
I-5611,O-2455,P-019,1,104.6892,0.05
I-5803,O-2536,P-019,3,104.6892,0.05
I-5853,O-2557,P-019,2,104.6892,0.1
I-5897,O-2573,P-019,1,104.6892,0
I-5937,O-2589,P-019,1,104.6892,0.1
I-6006,O-2616,P-019,3,104.6892,0.15
I-6042,O-2632,P-019,1,104.6892,0.15
I-6050,O-2635,P-019,3,104.6892,0.1
I-6173,O-2690,P-019,2,104.6892,0.15
I-6463,O-2816,P-019,1,104.6892,0
I-6479,O-2823,P-019,1,104.6892,0.1
I-6520,O-2840,P-019,2,104.6892,0.1
I-6536,O-2850,P-019,1,104.6892,0.15
I-6681,O-2911,P-019,2,104.6892,0.2
I-6889,O-3001,P-019,1,104.6892,0.15
I-6936,O-3022,P-019,2,104.6892,0.15
I-7169,O-3121,P-019,2,104.6892,0
I-7288,O-3176,P-019,1,104.6892,0.1
I-7289,O-3177,P-019,5,104.6892,0.05
I-7312,O-3187,P-019,4,104.6892,0.05
I-7366,O-3209,P-019,1,104.6892,0
I-7600,O-3312,P-019,4,104.6892,0
I-7622,O-3321,P-019,4,104.6892,0.15
I-7743,O-3375,P-019,2,104.6892,0.2
I-7836,O-3415,P-019,3,104.6892,0
I-7934,O-3456,P-019,1,104.6892,0.15
I-004,O-002,P-020,1,68.4332,0.05
I-013,O-006,P-020,3,68.4332,0.2
I-051,O-020,P-020,1,68.4332,0
I-151,O-063,P-020,2,68.4332,0.1
I-255,O-108,P-020,3,68.4332,0.15
I-297,O-125,P-020,3,68.4332,0.15
I-414,O-176,P-020,1,68.4332,0.15
I-524,O-224,P-020,1,68.4332,0.1
I-530,O-226,P-020,3,68.4332,0.1
I-607,O-260,P-020,1,68.4332,0
I-685,O-292,P-020,2,68.4332,0
I-734,O-316,P-020,1,68.4332,0.1
I-769,O-334,P-020,1,68.4332,0.05
I-850,O-365,P-020,1,68.4332,0.1
I-1056,O-459,P-020,1,68.4332,0.15
I-1101,O-475,P-020,1,68.4332,0.2
I-1104,O-476,P-020,1,68.4332,0.05
I-1147,O-496,P-020,2,68.4332,0.05
I-1171,O-505,P-020,2,68.4332,0.2
I-1228,O-531,P-020,1,68.4332,0.05
I-1364,O-589,P-020,1,68.4332,0.15
I-1391,O-599,P-020,2,68.4332,0.15
I-1427,O-613,P-020,4,68.4332,0.1
I-1453,O-623,P-020,1,68.4332,0.1
I-1496,O-643,P-020,4,68.4332,0
I-1499,O-645,P-020,1,68.4332,0.15
I-1506,O-648,P-020,1,68.4332,0.1
I-1622,O-697,P-020,1,68.4332,0
I-1698,O-733,P-020,1,68.4332,0.2
I-1711,O-739,P-020,2,68.4332,0.05
I-1771,O-769,P-020,3,68.4332,0
I-1794,O-779,P-020,5,68.4332,0.2
I-1838,O-796,P-020,2,68.4332,0.2
I-1941,O-844,P-020,3,68.4332,0.1
I-1995,O-867,P-020,1,68.4332,0.1
I-2003,O-870,P-020,3,68.4332,0.15
I-2117,O-918,P-020,4,68.4332,0
I-2144,O-929,P-020,4,68.4332,0
I-2241,O-978,P-020,1,68.4332,0
I-2373,O-1036,P-020,2,68.4332,0
I-2375,O-1037,P-020,1,68.4332,0
I-2506,O-1099,P-020,3,68.4332,0.1
I-2610,O-1142,P-020,2,68.4332,0.1
I-2635,O-1153,P-020,1,68.4332,0.2
I-2751,O-1203,P-020,2,68.4332,0.2
I-3012,O-1315,P-020,1,68.4332,0
I-3062,O-1337,P-020,2,68.4332,0.1
I-3281,O-1436,P-020,2,68.4332,0.1
I-3286,O-1438,P-020,2,68.4332,0
I-3423,O-1499,P-020,1,68.4332,0
I-3433,O-1503,P-020,3,68.4332,0.15
I-3486,O-1526,P-020,2,68.4332,0.05
I-3491,O-1528,P-020,4,68.4332,0
I-3632,O-1593,P-020,1,68.4332,0
I-3762,O-1651,P-020,2,68.4332,0.05
I-3788,O-1664,P-020,1,68.4332,0
I-3811,O-1673,P-020,3,68.4332,0.1
I-3893,O-1715,P-020,1,68.4332,0
I-3919,O-1726,P-020,1,68.4332,0
I-4010,O-1774,P-020,4,68.4332,0
I-4034,O-1785,P-020,3,68.4332,0.05
I-4214,O-1864,P-020,1,68.4332,0.1
I-4315,O-1908,P-020,1,68.4332,0
I-4339,O-1917,P-020,1,68.4332,0.1
I-4411,O-1948,P-020,2,68.4332,0.15
I-4575,O-2014,P-020,4,68.4332,0.2
I-4606,O-2026,P-020,1,68.4332,0.15
I-4692,O-2062,P-020,2,68.4332,0.05
I-4752,O-2087,P-020,4,68.4332,0.2
I-4774,O-2098,P-020,1,68.4332,0.1
I-4781,O-2100,P-020,1,68.4332,0
I-4893,O-2149,P-020,4,68.4332,0.2
I-4900,O-2153,P-020,2,68.4332,0
I-4995,O-2192,P-020,3,68.4332,0.15
I-5053,O-2214,P-020,1,68.4332,0.1
I-5195,O-2277,P-020,2,68.4332,0.15
I-5223,O-2290,P-020,2,68.4332,0.1
I-5247,O-2301,P-020,3,68.4332,0
I-5265,O-2309,P-020,5,68.4332,0.1
I-5362,O-2348,P-020,4,68.4332,0
I-5542,O-2424,P-020,1,68.4332,0
I-5548,O-2426,P-020,2,68.4332,0.05
I-5666,O-2480,P-020,1,68.4332,0
I-5675,O-2483,P-020,2,68.4332,0.2
I-5683,O-2486,P-020,3,68.4332,0.2
I-5799,O-2535,P-020,1,68.4332,0.15
I-5885,O-2569,P-020,1,68.4332,0.1
I-6256,O-2728,P-020,5,68.4332,0.15
I-6378,O-2782,P-020,1,68.4332,0.1
I-6491,O-2827,P-020,1,68.4332,0
I-6522,O-2841,P-020,1,68.4332,0.1
I-6642,O-2896,P-020,3,68.4332,0
I-6762,O-2945,P-020,2,68.4332,0.2
I-7071,O-3079,P-020,5,68.4332,0
I-7126,O-3101,P-020,2,68.4332,0.15
I-7313,O-3187,P-020,2,68.4332,0.1
I-7422,O-3234,P-020,2,68.4332,0.05
I-7454,O-3248,P-020,1,68.4332,0.05
I-7493,O-3264,P-020,1,68.4332,0.15
I-7560,O-3293,P-020,3,68.4332,0.15
I-7664,O-3341,P-020,1,68.4332,0.15
I-7864,O-3427,P-020,2,68.4332,0.15
I-024,O-009,P-021,3,355.762,0
I-041,O-016,P-021,1,355.762,0.2
I-054,O-022,P-021,2,355.762,0.1
I-191,O-080,P-021,3,355.762,0
I-194,O-081,P-021,1,355.762,0
I-211,O-090,P-021,1,355.762,0
I-221,O-094,P-021,1,355.762,0.1
I-299,O-125,P-021,3,355.762,0.2
I-326,O-137,P-021,2,355.762,0
I-364,O-155,P-021,1,355.762,0.15
I-404,O-172,P-021,1,355.762,0
I-406,O-173,P-021,5,355.762,0
I-500,O-214,P-021,2,355.762,0.15
I-523,O-224,P-021,1,355.762,0
I-650,O-277,P-021,2,355.762,0
I-1013,O-438,P-021,2,355.762,0
I-1073,O-465,P-021,1,355.762,0.05
I-1078,O-467,P-021,1,355.762,0.15
I-1130,O-488,P-021,1,355.762,0
I-1174,O-506,P-021,1,355.762,0
I-1232,O-533,P-021,2,355.762,0
I-1235,O-534,P-021,1,355.762,0.1
I-1367,O-590,P-021,1,355.762,0.2
I-1378,O-594,P-021,1,355.762,0.05
I-1400,O-602,P-021,2,355.762,0
I-1564,O-673,P-021,4,355.762,0.1
I-1589,O-683,P-021,1,355.762,0
I-1653,O-713,P-021,2,355.762,0.05
I-1805,O-783,P-021,2,355.762,0
I-1808,O-784,P-021,1,355.762,0.1
I-2020,O-877,P-021,3,355.762,0
I-2169,O-942,P-021,2,355.762,0.2
I-2203,O-957,P-021,1,355.762,0.1
I-2225,O-969,P-021,3,355.762,0.05
I-2248,O-982,P-021,1,355.762,0.15
I-2326,O-1016,P-021,1,355.762,0.2
I-2637,O-1153,P-021,2,355.762,0.1
I-2685,O-1174,P-021,1,355.762,0
I-2729,O-1193,P-021,1,355.762,0
I-2763,O-1208,P-021,1,355.762,0
I-2775,O-1212,P-021,2,355.762,0
I-2843,O-1241,P-021,3,355.762,0.1
I-2915,O-1277,P-021,1,355.762,0.15
I-3106,O-1356,P-021,2,355.762,0.2
I-3120,O-1361,P-021,1,355.762,0
I-3141,O-1371,P-021,5,355.762,0.1
I-3212,O-1402,P-021,3,355.762,0.05
I-3369,O-1474,P-021,2,355.762,0.2
I-3372,O-1476,P-021,1,355.762,0
I-3377,O-1478,P-021,2,355.762,0.2
I-3417,O-1496,P-021,3,355.762,0
I-3719,O-1634,P-021,1,355.762,0.15
I-3751,O-1647,P-021,1,355.762,0
I-3790,O-1665,P-021,1,355.762,0.15
I-3864,O-1701,P-021,1,355.762,0.1
I-3891,O-1714,P-021,1,355.762,0
I-3983,O-1762,P-021,3,355.762,0
I-4036,O-1785,P-021,1,355.762,0.05
I-4050,O-1791,P-021,3,355.762,0.05
I-4089,O-1810,P-021,3,355.762,0
I-4368,O-1930,P-021,4,355.762,0.15
I-4484,O-1978,P-021,1,355.762,0.05
I-4550,O-2003,P-021,1,355.762,0.15
I-4691,O-2061,P-021,1,355.762,0.2
I-4735,O-2079,P-021,1,355.762,0
I-4783,O-2101,P-021,1,355.762,0.2
I-4872,O-2140,P-021,1,355.762,0.05
I-4906,O-2156,P-021,3,355.762,0.1
I-4919,O-2162,P-021,1,355.762,0.1
I-5044,O-2210,P-021,1,355.762,0
I-5175,O-2269,P-021,1,355.762,0
I-5457,O-2387,P-021,1,355.762,0.05
I-5484,O-2399,P-021,2,355.762,0.2
I-5520,O-2413,P-021,3,355.762,0.15
I-5665,O-2479,P-021,1,355.762,0
I-5770,O-2524,P-021,2,355.762,0.05
I-5775,O-2525,P-021,3,355.762,0.15
I-5824,O-2543,P-021,2,355.762,0
I-6023,O-2624,P-021,1,355.762,0.2
I-6071,O-2646,P-021,2,355.762,0
I-6089,O-2652,P-021,1,355.762,0.2
I-6131,O-2675,P-021,3,355.762,0.15
I-6210,O-2707,P-021,1,355.762,0
I-6375,O-2781,P-021,1,355.762,0.2
I-6582,O-2870,P-021,3,355.762,0.2
I-6624,O-2889,P-021,1,355.762,0.15
I-6673,O-2908,P-021,1,355.762,0
I-6715,O-2926,P-021,1,355.762,0.2
I-6739,O-2935,P-021,3,355.762,0.05
I-6754,O-2942,P-021,2,355.762,0
I-6801,O-2962,P-021,3,355.762,0.15
I-6814,O-2968,P-021,2,355.762,0.05
I-7075,O-3080,P-021,1,355.762,0.05
I-7180,O-3125,P-021,1,355.762,0.15
I-7278,O-3168,P-021,1,355.762,0.05
I-7286,O-3174,P-021,1,355.762,0.05
I-7344,O-3202,P-021,2,355.762,0.1
I-7423,O-3235,P-021,4,355.762,0.1
I-7434,O-3239,P-021,2,355.762,0.1
I-7528,O-3279,P-021,1,355.762,0.05
I-7601,O-3312,P-021,2,355.762,0
I-7722,O-3367,P-021,2,355.762,0.1
I-7773,O-3389,P-021,2,355.762,0.2
I-7783,O-3392,P-021,4,355.762,0.1
I-7808,O-3404,P-021,3,355.762,0.1
I-7809,O-3405,P-021,1,355.762,0
I-8010,O-3491,P-021,4,355.762,0.1
I-001,O-001,P-022,1,307.043,0.05
I-119,O-049,P-022,3,307.043,0.15
I-155,O-064,P-022,1,307.043,0.1
I-212,O-090,P-022,1,307.043,0.1
I-273,O-116,P-022,1,307.043,0
I-281,O-119,P-022,1,307.043,0
I-301,O-126,P-022,4,307.043,0.1
I-476,O-203,P-022,1,307.043,0.2
I-491,O-211,P-022,1,307.043,0
I-640,O-273,P-022,5,307.043,0.2
I-645,O-275,P-022,3,307.043,0.1
I-842,O-362,P-022,1,307.043,0.1
I-942,O-407,P-022,1,307.043,0
I-1197,O-516,P-022,5,307.043,0
I-1227,O-531,P-022,1,307.043,0.2
I-1294,O-557,P-022,1,307.043,0.1
I-1416,O-608,P-022,2,307.043,0
I-1448,O-621,P-022,1,307.043,0.2
I-1637,O-705,P-022,1,307.043,0.05
I-1639,O-706,P-022,2,307.043,0.05
I-1654,O-713,P-022,1,307.043,0
I-1859,O-804,P-022,5,307.043,0.15
I-1873,O-810,P-022,4,307.043,0.2
I-1977,O-860,P-022,2,307.043,0.15
I-2005,O-871,P-022,1,307.043,0.15
I-2024,O-878,P-022,4,307.043,0
I-2026,O-879,P-022,1,307.043,0.05
I-2031,O-881,P-022,1,307.043,0
I-2246,O-981,P-022,1,307.043,0.05
I-2292,O-1001,P-022,2,307.043,0.2
I-2561,O-1122,P-022,3,307.043,0
I-2857,O-1247,P-022,2,307.043,0.2
I-2876,O-1260,P-022,3,307.043,0
I-2987,O-1306,P-022,1,307.043,0.2
I-3020,O-1319,P-022,2,307.043,0.05
I-3023,O-1321,P-022,5,307.043,0
I-3038,O-1328,P-022,5,307.043,0.1
I-3105,O-1356,P-022,3,307.043,0.15
I-3246,O-1420,P-022,1,307.043,0
I-3287,O-1438,P-022,2,307.043,0.1
I-3298,O-1443,P-022,3,307.043,0.1
I-3299,O-1443,P-022,4,307.043,0.15
I-3350,O-1465,P-022,1,307.043,0.05
I-3404,O-1490,P-022,3,307.043,0
I-3658,O-1605,P-022,3,307.043,0.05
I-3667,O-1610,P-022,2,307.043,0.1
I-3677,O-1615,P-022,1,307.043,0.05
I-3934,O-1733,P-022,1,307.043,0.2
I-3939,O-1736,P-022,1,307.043,0
I-3965,O-1752,P-022,2,307.043,0
I-4129,O-1825,P-022,2,307.043,0.2
I-4149,O-1836,P-022,3,307.043,0.05
I-4188,O-1855,P-022,3,307.043,0
I-4238,O-1874,P-022,1,307.043,0.15
I-4310,O-1906,P-022,1,307.043,0.1
I-4796,O-2108,P-022,1,307.043,0.05
I-4804,O-2111,P-022,3,307.043,0.1
I-5031,O-2205,P-022,1,307.043,0.1
I-5034,O-2206,P-022,1,307.043,0.1
I-5101,O-2238,P-022,1,307.043,0.05
I-5182,O-2273,P-022,1,307.043,0.05
I-5208,O-2284,P-022,2,307.043,0
I-5226,O-2291,P-022,3,307.043,0.1
I-5410,O-2369,P-022,2,307.043,0
I-5604,O-2451,P-022,1,307.043,0.2
I-5607,O-2454,P-022,2,307.043,0.1
I-5847,O-2556,P-022,4,307.043,0.2
I-5942,O-2591,P-022,1,307.043,0
I-6110,O-2665,P-022,2,307.043,0.05
I-6165,O-2686,P-022,3,307.043,0.15
I-6230,O-2716,P-022,1,307.043,0
I-6414,O-2794,P-022,1,307.043,0.05
I-6486,O-2826,P-022,3,307.043,0
I-6540,O-2851,P-022,3,307.043,0.1
I-6665,O-2906,P-022,3,307.043,0
I-6701,O-2921,P-022,4,307.043,0.05
I-6714,O-2926,P-022,1,307.043,0.1
I-6839,O-2980,P-022,2,307.043,0.05
I-6842,O-2982,P-022,3,307.043,0.05
I-6890,O-3002,P-022,1,307.043,0
I-6961,O-3032,P-022,2,307.043,0
I-7004,O-3052,P-022,3,307.043,0.15
I-7431,O-3238,P-022,1,307.043,0.2
I-7448,O-3246,P-022,2,307.043,0
I-7499,O-3266,P-022,3,307.043,0
I-7502,O-3268,P-022,3,307.043,0
I-7533,O-3281,P-022,1,307.043,0.05
I-7609,O-3315,P-022,1,307.043,0.05
I-7823,O-3411,P-022,1,307.043,0
I-7894,O-3439,P-022,3,307.043,0.05
I-7935,O-3457,P-022,1,307.043,0.1
I-7944,O-3461,P-022,2,307.043,0
I-7964,O-3470,P-022,2,307.043,0.1
I-247,O-104,P-023,1,215.25867,0.05
I-276,O-117,P-023,1,215.25867,0.1
I-337,O-141,P-023,1,215.25867,0.1
I-551,O-237,P-023,1,215.25867,0
I-666,O-282,P-023,1,215.25867,0
I-792,O-342,P-023,1,215.25867,0.2
I-923,O-397,P-023,1,215.25867,0.15
I-940,O-406,P-023,1,215.25867,0.1
I-1003,O-434,P-023,2,215.25867,0
I-1017,O-440,P-023,1,215.25867,0.1
I-1111,O-479,P-023,1,215.25867,0.15
I-1125,O-486,P-023,2,215.25867,0
I-1178,O-508,P-023,2,215.25867,0.05
I-1440,O-618,P-023,3,215.25867,0
I-1530,O-658,P-023,1,215.25867,0
I-1661,O-717,P-023,3,215.25867,0
I-1663,O-718,P-023,2,215.25867,0.05
I-1713,O-740,P-023,2,215.25867,0.15
I-1984,O-863,P-023,3,215.25867,0.15
I-2186,O-950,P-023,3,215.25867,0.1
I-2249,O-982,P-023,1,215.25867,0.2
I-2336,O-1019,P-023,3,215.25867,0.2
I-2381,O-1040,P-023,3,215.25867,0
I-2493,O-1093,P-023,3,215.25867,0
I-2639,O-1154,P-023,2,215.25867,0.2
I-2651,O-1159,P-023,2,215.25867,0
I-2761,O-1207,P-023,1,215.25867,0
I-2813,O-1229,P-023,2,215.25867,0
I-2819,O-1232,P-023,2,215.25867,0.05
I-2929,O-1283,P-023,2,215.25867,0.1
I-3004,O-1311,P-023,2,215.25867,0.15
I-3006,O-1312,P-023,2,215.25867,0
I-3126,O-1363,P-023,2,215.25867,0.2
I-3131,O-1366,P-023,2,215.25867,0
I-3220,O-1407,P-023,3,215.25867,0.2
I-3321,O-1452,P-023,3,215.25867,0.05
I-3327,O-1455,P-023,1,215.25867,0
I-3626,O-1590,P-023,1,215.25867,0.15
I-3785,O-1663,P-023,1,215.25867,0
I-3867,O-1702,P-023,1,215.25867,0
I-3933,O-1732,P-023,2,215.25867,0.05
I-3994,O-1767,P-023,2,215.25867,0.1
I-4234,O-1873,P-023,1,215.25867,0.15
I-4322,O-1910,P-023,1,215.25867,0
I-4415,O-1950,P-023,2,215.25867,0.2
I-4508,O-1988,P-023,1,215.25867,0.15
I-4510,O-1988,P-023,1,215.25867,0
I-4757,O-2089,P-023,2,215.25867,0.05
I-4855,O-2132,P-023,2,215.25867,0.2
I-4999,O-2195,P-023,1,215.25867,0.1
I-5189,O-2275,P-023,1,215.25867,0
I-5286,O-2316,P-023,1,215.25867,0.1
I-5339,O-2338,P-023,3,215.25867,0
I-5354,O-2344,P-023,5,215.25867,0
I-5452,O-2386,P-023,2,215.25867,0.1
I-5522,O-2414,P-023,3,215.25867,0.1
I-5679,O-2485,P-023,2,215.25867,0.2
I-5985,O-2610,P-023,3,215.25867,0.05
I-6058,O-2640,P-023,3,215.25867,0.2
I-6077,O-2648,P-023,1,215.25867,0
I-6090,O-2653,P-023,3,215.25867,0
I-6109,O-2665,P-023,2,215.25867,0
I-6147,O-2680,P-023,3,215.25867,0
I-6352,O-2770,P-023,1,215.25867,0
I-6570,O-2865,P-023,1,215.25867,0.15
I-6656,O-2901,P-023,2,215.25867,0.05
I-6669,O-2907,P-023,2,215.25867,0.2
I-6782,O-2955,P-023,1,215.25867,0.1
I-6874,O-2995,P-023,5,215.25867,0.15
I-6915,O-3012,P-023,2,215.25867,0
I-6945,O-3026,P-023,3,215.25867,0
I-7001,O-3051,P-023,2,215.25867,0
I-7082,O-3084,P-023,2,215.25867,0
I-7095,O-3090,P-023,2,215.25867,0.05
I-7178,O-3125,P-023,1,215.25867,0
I-7212,O-3141,P-023,1,215.25867,0
I-7256,O-3158,P-023,3,215.25867,0.05
I-7295,O-3179,P-023,2,215.25867,0.05
I-7324,O-3193,P-023,1,215.25867,0.15
I-7449,O-3247,P-023,2,215.25867,0
I-7495,O-3265,P-023,2,215.25867,0.05
I-7596,O-3310,P-023,5,215.25867,0.2
I-7605,O-3314,P-023,2,215.25867,0
I-7749,O-3377,P-023,2,215.25867,0.15
I-7756,O-3381,P-023,1,215.25867,0
I-7824,O-3411,P-023,1,215.25867,0.15
I-7853,O-3423,P-023,2,215.25867,0
I-7958,O-3468,P-023,2,215.25867,0.15
I-7974,O-3476,P-023,2,215.25867,0.2
I-187,O-079,P-024,2,126.88467,0
I-201,O-084,P-024,3,126.88467,0
I-444,O-188,P-024,3,126.88467,0.05
I-460,O-194,P-024,3,126.88467,0
I-462,O-195,P-024,1,126.88467,0.1
I-487,O-209,P-024,5,126.88467,0.1
I-501,O-215,P-024,1,126.88467,0.05
I-544,O-233,P-024,4,126.88467,0.2
I-554,O-238,P-024,3,126.88467,0
I-559,O-241,P-024,3,126.88467,0.2
I-599,O-256,P-024,3,126.88467,0.2
I-975,O-422,P-024,1,126.88467,0.1
I-1038,O-451,P-024,2,126.88467,0.2
I-1193,O-514,P-024,1,126.88467,0
I-1261,O-545,P-024,1,126.88467,0.1
I-1270,O-548,P-024,3,126.88467,0.2
I-1308,O-562,P-024,2,126.88467,0.2
I-1349,O-582,P-024,2,126.88467,0.05
I-1417,O-609,P-024,1,126.88467,0.2
I-1430,O-614,P-024,2,126.88467,0
I-1437,O-616,P-024,3,126.88467,0
I-1510,O-650,P-024,1,126.88467,0.1
I-1621,O-697,P-024,4,126.88467,0.05
I-1723,O-744,P-024,2,126.88467,0
I-1741,O-753,P-024,4,126.88467,0.15
I-1800,O-781,P-024,1,126.88467,0.15
I-1910,O-831,P-024,1,126.88467,0.05
I-1966,O-855,P-024,3,126.88467,0.1
I-2036,O-884,P-024,3,126.88467,0.1
I-2039,O-885,P-024,2,126.88467,0.15
I-2076,O-899,P-024,1,126.88467,0.1
I-2135,O-925,P-024,1,126.88467,0.15
I-2261,O-987,P-024,1,126.88467,0
I-2324,O-1015,P-024,1,126.88467,0.1
I-2327,O-1016,P-024,1,126.88467,0.2
I-2514,O-1103,P-024,2,126.88467,0
I-2611,O-1143,P-024,2,126.88467,0.2
I-2638,O-1154,P-024,1,126.88467,0.05
I-2717,O-1189,P-024,2,126.88467,0.1
I-2747,O-1202,P-024,4,126.88467,0
I-2750,O-1203,P-024,1,126.88467,0.05
I-2784,O-1217,P-024,1,126.88467,0
I-2827,O-1236,P-024,2,126.88467,0
I-2889,O-1264,P-024,2,126.88467,0.2
I-2906,O-1273,P-024,3,126.88467,0.1
I-3053,O-1333,P-024,1,126.88467,0.1
I-3202,O-1398,P-024,1,126.88467,0.2
I-3213,O-1403,P-024,3,126.88467,0.15
I-3450,O-1511,P-024,3,126.88467,0
I-3468,O-1518,P-024,1,126.88467,0.15
I-3542,O-1552,P-024,1,126.88467,0.05
I-3555,O-1559,P-024,3,126.88467,0.15
I-3556,O-1560,P-024,2,126.88467,0.05
I-3563,O-1563,P-024,1,126.88467,0.1
I-3565,O-1564,P-024,1,126.88467,0.2
I-3686,O-1619,P-024,2,126.88467,0.2
I-3706,O-1628,P-024,3,126.88467,0
I-3828,O-1682,P-024,1,126.88467,0.15
I-3870,O-1704,P-024,3,126.88467,0
I-3926,O-1729,P-024,4,126.88467,0
I-4085,O-1808,P-024,1,126.88467,0.2
I-4130,O-1825,P-024,2,126.88467,0.05
I-4191,O-1855,P-024,2,126.88467,0.05
I-4275,O-1892,P-024,1,126.88467,0
I-4335,O-1916,P-024,2,126.88467,0.15
I-4528,O-1994,P-024,2,126.88467,0
I-4539,O-1998,P-024,1,126.88467,0
I-4581,O-2016,P-024,2,126.88467,0.15
I-4626,O-2034,P-024,4,126.88467,0.05
I-4642,O-2040,P-024,2,126.88467,0.15
I-4653,O-2043,P-024,2,126.88467,0.15
I-4750,O-2085,P-024,2,126.88467,0.2
I-4810,O-2113,P-024,1,126.88467,0.05
I-4947,O-2174,P-024,1,126.88467,0
I-5054,O-2214,P-024,2,126.88467,0.05
I-5102,O-2238,P-024,3,126.88467,0
I-5166,O-2265,P-024,2,126.88467,0.05
I-5448,O-2384,P-024,1,126.88467,0.15
I-5605,O-2452,P-024,3,126.88467,0.15
I-5623,O-2461,P-024,3,126.88467,0.15
I-5797,O-2534,P-024,1,126.88467,0.1
I-5842,O-2553,P-024,1,126.88467,0.1
I-5958,O-2598,P-024,3,126.88467,0.05
I-5982,O-2608,P-024,1,126.88467,0.2
I-6041,O-2632,P-024,1,126.88467,0
I-6070,O-2645,P-024,3,126.88467,0
I-6083,O-2650,P-024,2,126.88467,0.05
I-6127,O-2673,P-024,2,126.88467,0.15
I-6339,O-2764,P-024,2,126.88467,0
I-6465,O-2817,P-024,2,126.88467,0.2
I-6475,O-2821,P-024,1,126.88467,0
I-6535,O-2849,P-024,1,126.88467,0.05
I-6628,O-2890,P-024,2,126.88467,0
I-6793,O-2959,P-024,1,126.88467,0.1
I-6999,O-3050,P-024,2,126.88467,0
I-7086,O-3085,P-024,1,126.88467,0
I-7150,O-3112,P-024,3,126.88467,0.2
I-7249,O-3156,P-024,1,126.88467,0.2
I-7371,O-3211,P-024,2,126.88467,0
I-7373,O-3212,P-024,1,126.88467,0.1
I-7519,O-3274,P-024,5,126.88467,0.15
I-7607,O-3315,P-024,2,126.88467,0
I-7660,O-3339,P-024,1,126.88467,0.05
I-7704,O-3358,P-024,1,126.88467,0.2
I-7896,O-3440,P-024,1,126.88467,0.05
I-8013,O-3492,P-024,1,126.88467,0
I-8033,O-3499,P-024,2,126.88467,0
I-058,O-023,P-025,1,24.926,0.15
I-256,O-108,P-025,1,24.926,0.05
I-311,O-130,P-025,2,24.926,0
I-327,O-138,P-025,1,24.926,0.15
I-387,O-165,P-025,2,24.926,0
I-420,O-178,P-025,1,24.926,0.05
I-441,O-187,P-025,1,24.926,0.05
I-453,O-191,P-025,2,24.926,0
I-653,O-278,P-025,2,24.926,0.1
I-663,O-282,P-025,2,24.926,0.05
I-776,O-337,P-025,1,24.926,0
I-830,O-358,P-025,3,24.926,0
I-863,O-370,P-025,4,24.926,0.05
I-906,O-389,P-025,2,24.926,0
I-920,O-395,P-025,1,24.926,0.05
I-954,O-412,P-025,2,24.926,0
I-1127,O-487,P-025,1,24.926,0.05
I-1161,O-502,P-025,1,24.926,0
I-1172,O-505,P-025,1,24.926,0
I-1182,O-510,P-025,1,24.926,0.05
I-1212,O-523,P-025,1,24.926,0.1
I-1409,O-607,P-025,3,24.926,0.15
I-1459,O-625,P-025,2,24.926,0
I-1614,O-695,P-025,1,24.926,0.05
I-1780,O-773,P-025,1,24.926,0.15
I-1782,O-774,P-025,3,24.926,0.15
I-1985,O-863,P-025,1,24.926,0.2
I-2131,O-923,P-025,1,24.926,0.15
I-2192,O-953,P-025,1,24.926,0.1
I-2197,O-954,P-025,3,24.926,0
I-2560,O-1121,P-025,2,24.926,0
I-2702,O-1183,P-025,2,24.926,0.15
I-2766,O-1209,P-025,3,24.926,0
I-2826,O-1235,P-025,3,24.926,0.15
I-2869,O-1254,P-025,1,24.926,0.05
I-2904,O-1272,P-025,2,24.926,0
I-2931,O-1284,P-025,3,24.926,0.2
I-2989,O-1306,P-025,1,24.926,0.05
I-2994,O-1308,P-025,1,24.926,0
I-3086,O-1347,P-025,2,24.926,0.2
I-3159,O-1378,P-025,1,24.926,0.2
I-3341,O-1461,P-025,2,24.926,0
I-3462,O-1516,P-025,2,24.926,0.1
I-3557,O-1561,P-025,2,24.926,0.05
I-3602,O-1580,P-025,5,24.926,0.1
I-3614,O-1585,P-025,1,24.926,0
I-3670,O-1612,P-025,5,24.926,0.1
I-3694,O-1622,P-025,2,24.926,0.15
I-3829,O-1683,P-025,1,24.926,0.2
I-4101,O-1814,P-025,1,24.926,0.15
I-4381,O-1935,P-025,1,24.926,0
I-4407,O-1946,P-025,1,24.926,0
I-4479,O-1976,P-025,1,24.926,0
I-4600,O-2023,P-025,2,24.926,0.1
I-4770,O-2097,P-025,2,24.926,0.05
I-5062,O-2219,P-025,2,24.926,0.2
I-5074,O-2224,P-025,1,24.926,0
I-5092,O-2234,P-025,3,24.926,0
I-5143,O-2256,P-025,1,24.926,0.15
I-5227,O-2292,P-025,3,24.926,0.1
I-5279,O-2313,P-025,1,24.926,0.1
I-5375,O-2354,P-025,2,24.926,0.1
I-5526,O-2416,P-025,1,24.926,0
I-5672,O-2482,P-025,1,24.926,0.2
I-5768,O-2523,P-025,1,24.926,0.1
I-5970,O-2602,P-025,2,24.926,0.15
I-6053,O-2638,P-025,2,24.926,0
I-6149,O-2681,P-025,2,24.926,0.05
I-6273,O-2736,P-025,1,24.926,0.05
I-6332,O-2761,P-025,2,24.926,0
I-6434,O-2803,P-025,4,24.926,0
I-6447,O-2809,P-025,2,24.926,0.1
I-6482,O-2824,P-025,3,24.926,0
I-6629,O-2891,P-025,2,24.926,0.2
I-6645,O-2897,P-025,3,24.926,0
I-6792,O-2959,P-025,4,24.926,0.2
I-6944,O-3025,P-025,4,24.926,0
I-7253,O-3157,P-025,1,24.926,0
I-7377,O-3214,P-025,4,24.926,0.05
I-7457,O-3249,P-025,3,24.926,0.1
I-7534,O-3281,P-025,1,24.926,0
I-7549,O-3288,P-025,2,24.926,0.2
I-7611,O-3316,P-025,2,24.926,0.2
I-7802,O-3401,P-025,2,24.926,0.05
I-7897,O-3441,P-025,1,24.926,0
I-7915,O-3448,P-025,4,24.926,0
I-7939,O-3459,P-025,2,24.926,0.2
I-111,O-044,P-026,2,15.85067,0
I-131,O-055,P-026,3,15.85067,0
I-188,O-079,P-026,2,15.85067,0
I-219,O-093,P-026,1,15.85067,0.1
I-277,O-118,P-026,3,15.85067,0
I-331,O-140,P-026,2,15.85067,0.1
I-339,O-143,P-026,2,15.85067,0.05
I-399,O-170,P-026,3,15.85067,0.05
I-408,O-173,P-026,3,15.85067,0.15
I-416,O-177,P-026,1,15.85067,0.15
I-469,O-200,P-026,3,15.85067,0.15
I-545,O-234,P-026,1,15.85067,0.1
I-612,O-261,P-026,2,15.85067,0.2
I-748,O-324,P-026,2,15.85067,0
I-876,O-375,P-026,1,15.85067,0.05
I-900,O-386,P-026,1,15.85067,0
I-1001,O-433,P-026,1,15.85067,0.05
I-1002,O-434,P-026,1,15.85067,0.15
I-1140,O-493,P-026,1,15.85067,0
I-1244,O-539,P-026,2,15.85067,0.05
I-1410,O-607,P-026,5,15.85067,0.05
I-1602,O-689,P-026,1,15.85067,0.2
I-1696,O-731,P-026,1,15.85067,0.05
I-1751,O-756,P-026,1,15.85067,0.05
I-1846,O-799,P-026,1,15.85067,0.05
I-1937,O-843,P-026,2,15.85067,0.2
I-2009,O-872,P-026,3,15.85067,0
I-2025,O-878,P-026,1,15.85067,0
I-2098,O-909,P-026,3,15.85067,0.05
I-2142,O-928,P-026,2,15.85067,0.1
I-2168,O-941,P-026,1,15.85067,0.05
I-2172,O-944,P-026,2,15.85067,0.15
I-2174,O-945,P-026,2,15.85067,0.05
I-2182,O-949,P-026,1,15.85067,0
I-2221,O-966,P-026,2,15.85067,0
I-2224,O-968,P-026,3,15.85067,0.15
I-2348,O-1024,P-026,4,15.85067,0.2
I-2447,O-1073,P-026,3,15.85067,0.15
I-2543,O-1114,P-026,2,15.85067,0.2
I-2581,O-1129,P-026,2,15.85067,0.05
I-2680,O-1172,P-026,1,15.85067,0.05
I-2730,O-1193,P-026,2,15.85067,0
I-2808,O-1227,P-026,1,15.85067,0
I-3049,O-1332,P-026,1,15.85067,0.05
I-3124,O-1362,P-026,1,15.85067,0.1
I-3129,O-1365,P-026,1,15.85067,0.1
I-3228,O-1412,P-026,3,15.85067,0
I-3317,O-1450,P-026,1,15.85067,0.1
I-3379,O-1480,P-026,3,15.85067,0.1
I-3424,O-1499,P-026,2,15.85067,0.15
I-3651,O-1603,P-026,1,15.85067,0.05
I-3653,O-1603,P-026,3,15.85067,0.1
I-3673,O-1613,P-026,2,15.85067,0.1
I-3761,O-1651,P-026,1,15.85067,0.1
I-3812,O-1674,P-026,4,15.85067,0
I-3879,O-1708,P-026,3,15.85067,0.15
I-3998,O-1769,P-026,2,15.85067,0.2
I-4099,O-1813,P-026,2,15.85067,0.15
I-4117,O-1820,P-026,2,15.85067,0
I-4164,O-1843,P-026,2,15.85067,0.2
I-4176,O-1849,P-026,1,15.85067,0.2
I-4225,O-1868,P-026,1,15.85067,0.05
I-4233,O-1872,P-026,1,15.85067,0
I-4299,O-1901,P-026,3,15.85067,0.05
I-4462,O-1969,P-026,5,15.85067,0.15
I-4482,O-1977,P-026,1,15.85067,0
I-4491,O-1981,P-026,1,15.85067,0.2
I-4647,O-2041,P-026,4,15.85067,0.1
I-4688,O-2059,P-026,1,15.85067,0.05
I-4734,O-2079,P-026,1,15.85067,0.1
I-4746,O-2083,P-026,1,15.85067,0.05
I-4771,O-2097,P-026,2,15.85067,0
I-4830,O-2123,P-026,2,15.85067,0
I-5063,O-2220,P-026,2,15.85067,0.2
I-5103,O-2239,P-026,1,15.85067,0.1
I-5199,O-2279,P-026,3,15.85067,0.1
I-5204,O-2282,P-026,2,15.85067,0
I-5351,O-2343,P-026,3,15.85067,0
I-5365,O-2349,P-026,2,15.85067,0.05
I-5515,O-2411,P-026,2,15.85067,0.05
I-5629,O-2464,P-026,1,15.85067,0
I-5677,O-2484,P-026,1,15.85067,0
I-5680,O-2485,P-026,3,15.85067,0
I-5774,O-2525,P-026,4,15.85067,0.1
I-5984,O-2609,P-026,1,15.85067,0.2
I-6386,O-2784,P-026,1,15.85067,0.05
I-6395,O-2787,P-026,2,15.85067,0.05
I-6578,O-2868,P-026,1,15.85067,0
I-6738,O-2934,P-026,1,15.85067,0.05
I-6850,O-2985,P-026,4,15.85067,0.1
I-6897,O-3005,P-026,2,15.85067,0.1
I-6939,O-3023,P-026,2,15.85067,0
I-7020,O-3058,P-026,1,15.85067,0.2
I-7034,O-3063,P-026,1,15.85067,0.05
I-7042,O-3067,P-026,2,15.85067,0
I-7276,O-3167,P-026,1,15.85067,0.2
I-7367,O-3209,P-026,2,15.85067,0.05
I-7444,O-3244,P-026,1,15.85067,0
I-7460,O-3250,P-026,3,15.85067,0.15
I-7782,O-3392,P-026,2,15.85067,0.1
I-7805,O-3402,P-026,2,15.85067,0
I-7810,O-3405,P-026,2,15.85067,0
I-7932,O-3455,P-026,1,15.85067,0
I-173,O-073,P-027,3,7.03593,0.15
I-176,O-074,P-027,1,7.03593,0
I-222,O-095,P-027,1,7.03593,0
I-245,O-103,P-027,1,7.03593,0
I-348,O-148,P-027,2,7.03593,0
I-443,O-188,P-027,1,7.03593,0.1
I-580,O-248,P-027,3,7.03593,0
I-746,O-322,P-027,2,7.03593,0
I-788,O-341,P-027,2,7.03593,0
I-795,O-344,P-027,1,7.03593,0.15
I-878,O-376,P-027,2,7.03593,0
I-892,O-383,P-027,2,7.03593,0
I-919,O-395,P-027,2,7.03593,0.05
I-930,O-401,P-027,4,7.03593,0
I-1089,O-470,P-027,2,7.03593,0.15
I-1179,O-509,P-027,2,7.03593,0.1
I-1189,O-513,P-027,1,7.03593,0.05
I-1340,O-576,P-027,2,7.03593,0.1
I-1380,O-595,P-027,1,7.03593,0.05
I-1483,O-635,P-027,1,7.03593,0.1
I-1509,O-650,P-027,3,7.03593,0.15
I-1524,O-656,P-027,3,7.03593,0.2
I-1552,O-668,P-027,2,7.03593,0
I-1630,O-703,P-027,1,7.03593,0
I-1635,O-705,P-027,1,7.03593,0.1
I-1643,O-708,P-027,3,7.03593,0
I-1683,O-725,P-027,2,7.03593,0
I-1867,O-808,P-027,1,7.03593,0.1
I-1886,O-818,P-027,1,7.03593,0.1
I-1933,O-839,P-027,2,7.03593,0.2
I-1967,O-856,P-027,3,7.03593,0
I-2121,O-919,P-027,1,7.03593,0
I-2170,O-942,P-027,3,7.03593,0.1
I-2340,O-1021,P-027,1,7.03593,0.1
I-2380,O-1040,P-027,4,7.03593,0
I-2584,O-1130,P-027,3,7.03593,0.1
I-2667,O-1166,P-027,1,7.03593,0
I-2725,O-1192,P-027,1,7.03593,0
I-2774,O-1212,P-027,1,7.03593,0
I-2820,O-1233,P-027,2,7.03593,0.05
I-2955,O-1294,P-027,1,7.03593,0.05
I-2958,O-1295,P-027,1,7.03593,0
I-3076,O-1342,P-027,1,7.03593,0.1
I-3200,O-1398,P-027,1,7.03593,0
I-3229,O-1412,P-027,1,7.03593,0
I-3267,O-1429,P-027,1,7.03593,0
I-3361,O-1470,P-027,1,7.03593,0.15
I-3493,O-1529,P-027,1,7.03593,0.2
I-3640,O-1596,P-027,3,7.03593,0.15
I-3675,O-1614,P-027,1,7.03593,0.1
I-3789,O-1664,P-027,1,7.03593,0.2
I-3944,O-1739,P-027,1,7.03593,0.05
I-3978,O-1759,P-027,1,7.03593,0.1
I-4011,O-1775,P-027,1,7.03593,0.05
I-4160,O-1841,P-027,1,7.03593,0
I-4267,O-1888,P-027,2,7.03593,0.15
I-4343,O-1919,P-027,1,7.03593,0.1
I-4397,O-1941,P-027,3,7.03593,0.05
I-4425,O-1954,P-027,3,7.03593,0.1
I-4461,O-1968,P-027,1,7.03593,0
I-4762,O-2091,P-027,2,7.03593,0.15
I-5056,O-2215,P-027,1,7.03593,0
I-5084,O-2228,P-027,3,7.03593,0.15
I-5169,O-2267,P-027,1,7.03593,0.05
I-5393,O-2363,P-027,2,7.03593,0
I-5437,O-2381,P-027,2,7.03593,0
I-5454,O-2386,P-027,2,7.03593,0.15
I-5464,O-2390,P-027,1,7.03593,0
I-5516,O-2412,P-027,1,7.03593,0.2
I-5554,O-2429,P-027,1,7.03593,0.1
I-5560,O-2433,P-027,1,7.03593,0.15
I-5721,O-2501,P-027,1,7.03593,0.1
I-5749,O-2513,P-027,2,7.03593,0
I-5783,O-2528,P-027,2,7.03593,0.15
I-5900,O-2574,P-027,3,7.03593,0.1
I-5906,O-2576,P-027,3,7.03593,0.1
I-6054,O-2638,P-027,3,7.03593,0.05
I-6146,O-2680,P-027,2,7.03593,0
I-6195,O-2700,P-027,2,7.03593,0
I-6218,O-2711,P-027,1,7.03593,0.2
I-6258,O-2729,P-027,1,7.03593,0.15
I-6384,O-2784,P-027,1,7.03593,0.15
I-6402,O-2790,P-027,2,7.03593,0
I-6404,O-2791,P-027,3,7.03593,0.2
I-6439,O-2806,P-027,1,7.03593,0
I-6537,O-2850,P-027,2,7.03593,0
I-6635,O-2894,P-027,2,7.03593,0.1
I-6648,O-2898,P-027,5,7.03593,0
I-6667,O-2906,P-027,2,7.03593,0
I-6691,O-2917,P-027,2,7.03593,0.1
I-6743,O-2936,P-027,2,7.03593,0
I-6966,O-3035,P-027,1,7.03593,0.1
I-6968,O-3036,P-027,5,7.03593,0
I-7248,O-3155,P-027,2,7.03593,0.1
I-7261,O-3159,P-027,2,7.03593,0.1
I-7323,O-3193,P-027,2,7.03593,0.05
I-7379,O-3215,P-027,1,7.03593,0.05
I-7465,O-3252,P-027,1,7.03593,0
I-7517,O-3274,P-027,1,7.03593,0.2
I-7630,O-3325,P-027,3,7.03593,0.15
I-7876,O-3432,P-027,3,7.03593,0.1
I-065,O-026,P-028,1,7.03593,0.05
I-079,O-033,P-028,1,7.03593,0.1
I-166,O-069,P-028,1,7.03593,0.1
I-226,O-096,P-028,1,7.03593,0.1
I-284,O-120,P-028,2,7.03593,0.15
I-418,O-177,P-028,1,7.03593,0
I-548,O-235,P-028,1,7.03593,0.1
I-608,O-260,P-028,1,7.03593,0.1
I-623,O-266,P-028,3,7.03593,0.1
I-887,O-381,P-028,3,7.03593,0
I-1141,O-493,P-028,1,7.03593,0.1
I-1152,O-498,P-028,2,7.03593,0
I-1222,O-529,P-028,2,7.03593,0
I-1259,O-545,P-028,1,7.03593,0
I-1300,O-559,P-028,1,7.03593,0.15
I-1382,O-596,P-028,1,7.03593,0.2
I-1461,O-626,P-028,2,7.03593,0.1
I-1505,O-648,P-028,2,7.03593,0.05
I-1595,O-686,P-028,1,7.03593,0.1
I-1642,O-707,P-028,3,7.03593,0
I-1719,O-742,P-028,3,7.03593,0
I-1752,O-756,P-028,2,7.03593,0.2
I-1821,O-790,P-028,1,7.03593,0
I-1877,O-812,P-028,3,7.03593,0
I-1921,O-835,P-028,2,7.03593,0
I-1932,O-839,P-028,3,7.03593,0
I-1939,O-843,P-028,1,7.03593,0.15
I-1953,O-849,P-028,1,7.03593,0
I-1964,O-854,P-028,1,7.03593,0
I-1999,O-869,P-028,1,7.03593,0.15
I-2128,O-922,P-028,1,7.03593,0.1
I-2411,O-1053,P-028,2,7.03593,0.2
I-2460,O-1078,P-028,1,7.03593,0.05
I-2483,O-1088,P-028,2,7.03593,0.1
I-2498,O-1095,P-028,1,7.03593,0
I-2522,O-1107,P-028,5,7.03593,0
I-2549,O-1117,P-028,4,7.03593,0.1
I-2614,O-1145,P-028,1,7.03593,0
I-2615,O-1145,P-028,1,7.03593,0
I-2622,O-1147,P-028,1,7.03593,0.15
I-2668,O-1167,P-028,1,7.03593,0
I-2698,O-1180,P-028,1,7.03593,0
I-2801,O-1224,P-028,1,7.03593,0
I-2821,O-1233,P-028,3,7.03593,0.2
I-2882,O-1261,P-028,1,7.03593,0
I-2911,O-1275,P-028,2,7.03593,0
I-3002,O-1310,P-028,2,7.03593,0
I-3010,O-1313,P-028,1,7.03593,0.05
I-3168,O-1383,P-028,1,7.03593,0.1
I-3295,O-1441,P-028,1,7.03593,0.15
I-3316,O-1449,P-028,1,7.03593,0
I-3412,O-1494,P-028,1,7.03593,0.05
I-3633,O-1593,P-028,2,7.03593,0
I-3763,O-1652,P-028,1,7.03593,0
I-3832,O-1685,P-028,2,7.03593,0.1
I-3945,O-1740,P-028,1,7.03593,0
I-3949,O-1743,P-028,1,7.03593,0
I-4023,O-1779,P-028,1,7.03593,0
I-4031,O-1782,P-028,1,7.03593,0.1
I-4631,O-2036,P-028,3,7.03593,0.1
I-4652,O-2043,P-028,2,7.03593,0.15
I-4719,O-2072,P-028,2,7.03593,0
I-4726,O-2075,P-028,3,7.03593,0.05
I-4814,O-2115,P-028,1,7.03593,0.1
I-4940,O-2170,P-028,3,7.03593,0.05
I-4944,O-2172,P-028,2,7.03593,0.2
I-5111,O-2242,P-028,3,7.03593,0
I-5131,O-2250,P-028,1,7.03593,0.2
I-5161,O-2263,P-028,3,7.03593,0
I-5278,O-2312,P-028,1,7.03593,0.2
I-5366,O-2349,P-028,2,7.03593,0.1
I-5478,O-2395,P-028,3,7.03593,0.2
I-5507,O-2408,P-028,1,7.03593,0.2
I-5544,O-2424,P-028,4,7.03593,0.15
I-5731,O-2505,P-028,2,7.03593,0.05
I-5782,O-2528,P-028,2,7.03593,0
I-5899,O-2574,P-028,3,7.03593,0.05
I-5988,O-2611,P-028,3,7.03593,0
I-6007,O-2617,P-028,2,7.03593,0
I-6068,O-2645,P-028,1,7.03593,0.05
I-6297,O-2746,P-028,5,7.03593,0.15
I-6327,O-2759,P-028,1,7.03593,0
I-6407,O-2792,P-028,1,7.03593,0.05
I-6458,O-2814,P-028,1,7.03593,0
I-6483,O-2824,P-028,3,7.03593,0.15
I-6489,O-2827,P-028,1,7.03593,0
I-6602,O-2879,P-028,1,7.03593,0
I-6630,O-2891,P-028,1,7.03593,0.2
I-6644,O-2897,P-028,1,7.03593,0
I-6812,O-2968,P-028,1,7.03593,0.15
I-6830,O-2976,P-028,1,7.03593,0.1
I-6985,O-3045,P-028,1,7.03593,0
I-7051,O-3072,P-028,4,7.03593,0.15
I-7146,O-3109,P-028,3,7.03593,0
I-7172,O-3122,P-028,2,7.03593,0
I-7219,O-3143,P-028,2,7.03593,0.1
I-7245,O-3154,P-028,3,7.03593,0
I-7258,O-3158,P-028,1,7.03593,0.1
I-7389,O-3219,P-028,1,7.03593,0.05
I-7490,O-3262,P-028,4,7.03593,0.05
I-7508,O-3270,P-028,2,7.03593,0
I-7603,O-3313,P-028,1,7.03593,0.05
I-7656,O-3338,P-028,2,7.03593,0
I-7687,O-3350,P-028,2,7.03593,0.1
I-7741,O-3374,P-028,1,7.03593,0.05
I-7760,O-3383,P-028,1,7.03593,0.2
I-7866,O-3428,P-028,1,7.03593,0
I-7979,O-3478,P-028,3,7.03593,0.15
I-095,O-038,P-029,2,16.995,0.1
I-136,O-057,P-029,2,16.995,0.2
I-210,O-089,P-029,4,16.995,0
I-368,O-157,P-029,1,16.995,0.2
I-386,O-165,P-029,2,16.995,0.1
I-475,O-202,P-029,3,16.995,0.15
I-492,O-211,P-029,1,16.995,0.05
I-639,O-273,P-029,4,16.995,0.05
I-656,O-279,P-029,1,16.995,0.1
I-667,O-283,P-029,2,16.995,0.05
I-668,O-284,P-029,2,16.995,0.05
I-758,O-328,P-029,1,16.995,0.1
I-784,O-340,P-029,3,16.995,0
I-794,O-344,P-029,2,16.995,0.1
I-819,O-355,P-029,1,16.995,0
I-935,O-404,P-029,4,16.995,0
I-962,O-415,P-029,2,16.995,0.1
I-985,O-427,P-029,3,16.995,0.15
I-1047,O-455,P-029,2,16.995,0.15
I-1103,O-476,P-029,3,16.995,0.15
I-1114,O-480,P-029,1,16.995,0.2
I-1168,O-504,P-029,1,16.995,0.15
I-1203,O-519,P-029,2,16.995,0.1
I-1251,O-541,P-029,2,16.995,0.1
I-1279,O-552,P-029,1,16.995,0.1
I-1350,O-583,P-029,1,16.995,0.15
I-1387,O-598,P-029,4,16.995,0.05
I-1536,O-661,P-029,2,16.995,0.05
I-1601,O-689,P-029,2,16.995,0.2
I-1710,O-738,P-029,1,16.995,0.2
I-1993,O-866,P-029,1,16.995,0
I-2304,O-1005,P-029,3,16.995,0
I-2345,O-1023,P-029,2,16.995,0.05
I-2399,O-1048,P-029,3,16.995,0.2
I-2496,O-1094,P-029,1,16.995,0
I-2501,O-1097,P-029,1,16.995,0.15
I-2557,O-1120,P-029,1,16.995,0
I-2605,O-1140,P-029,1,16.995,0
I-2623,O-1148,P-029,1,16.995,0.05
I-2630,O-1151,P-029,3,16.995,0.1
I-2647,O-1157,P-029,2,16.995,0
I-2695,O-1179,P-029,1,16.995,0.05
I-2860,O-1249,P-029,2,16.995,0
I-2885,O-1262,P-029,3,16.995,0.2
I-2903,O-1272,P-029,1,16.995,0
I-2982,O-1304,P-029,1,16.995,0.15
I-2992,O-1307,P-029,1,16.995,0
I-3171,O-1384,P-029,3,16.995,0
I-3234,O-1414,P-029,1,16.995,0.1
I-3235,O-1415,P-029,5,16.995,0.05
I-3309,O-1448,P-029,4,16.995,0.2
I-3435,O-1503,P-029,2,16.995,0
I-3693,O-1622,P-029,1,16.995,0.15
I-3803,O-1671,P-029,1,16.995,0.2
I-3818,O-1677,P-029,1,16.995,0.05
I-3836,O-1687,P-029,1,16.995,0.15
I-3908,O-1722,P-029,5,16.995,0.1
I-3940,O-1736,P-029,1,16.995,0
I-3973,O-1756,P-029,2,16.995,0.05
I-4114,O-1819,P-029,2,16.995,0.2
I-4185,O-1853,P-029,3,16.995,0.15
I-4286,O-1896,P-029,1,16.995,0
I-4387,O-1937,P-029,1,16.995,0.2
I-4401,O-1943,P-029,1,16.995,0.15
I-4412,O-1949,P-029,3,16.995,0
I-4459,O-1967,P-029,4,16.995,0.15
I-4671,O-2052,P-029,1,16.995,0
I-4684,O-2058,P-029,2,16.995,0.05
I-4806,O-2112,P-029,3,16.995,0.1
I-4813,O-2115,P-029,5,16.995,0
I-4828,O-2123,P-029,2,16.995,0.05
I-4832,O-2124,P-029,1,16.995,0.15
I-4877,O-2142,P-029,2,16.995,0.2
I-4932,O-2167,P-029,1,16.995,0.2
I-4943,O-2172,P-029,4,16.995,0
I-5024,O-2203,P-029,3,16.995,0
I-5066,O-2221,P-029,3,16.995,0.1
I-5110,O-2242,P-029,2,16.995,0.2
I-5173,O-2269,P-029,1,16.995,0.1
I-5212,O-2285,P-029,1,16.995,0
I-5303,O-2321,P-029,3,16.995,0.15
I-5371,O-2352,P-029,2,16.995,0.1
I-5387,O-2360,P-029,1,16.995,0.05
I-5509,O-2409,P-029,3,16.995,0.2
I-5676,O-2484,P-029,1,16.995,0.1
I-5705,O-2495,P-029,1,16.995,0
I-5713,O-2498,P-029,2,16.995,0.15
I-5802,O-2535,P-029,1,16.995,0
I-5971,O-2603,P-029,1,16.995,0.15
I-6136,O-2676,P-029,2,16.995,0.2
I-6243,O-2722,P-029,1,16.995,0.05
I-6438,O-2806,P-029,2,16.995,0.1
I-6638,O-2895,P-029,2,16.995,0
I-6709,O-2924,P-029,1,16.995,0.2
I-6860,O-2989,P-029,1,16.995,0.15
I-6862,O-2990,P-029,1,16.995,0.1
I-6904,O-3008,P-029,2,16.995,0.05
I-6947,O-3026,P-029,2,16.995,0
I-6969,O-3037,P-029,1,16.995,0.1
I-6984,O-3044,P-029,3,16.995,0.2
I-7028,O-3061,P-029,1,16.995,0.05
I-7149,O-3111,P-029,3,16.995,0.1
I-7155,O-3115,P-029,3,16.995,0
I-7192,O-3130,P-029,1,16.995,0.05
I-7334,O-3198,P-029,4,16.995,0
I-7350,O-3204,P-029,1,16.995,0.1
I-7358,O-3206,P-029,2,16.995,0
I-7403,O-3226,P-029,1,16.995,0.05
I-7407,O-3228,P-029,2,16.995,0.15
I-7435,O-3240,P-029,1,16.995,0.05
I-7530,O-3279,P-029,4,16.995,0
I-7565,O-3297,P-029,4,16.995,0.15
I-7581,O-3304,P-029,1,16.995,0.15
I-7665,O-3341,P-029,4,16.995,0.15
I-7679,O-3347,P-029,3,16.995,0
I-7799,O-3399,P-029,1,16.995,0.05
I-7801,O-3400,P-029,5,16.995,0.1
I-7844,O-3418,P-029,2,16.995,0.05
I-7868,O-3429,P-029,1,16.995,0.05
I-7895,O-3440,P-029,2,16.995,0.2
I-7918,O-3449,P-029,1,16.995,0
I-7924,O-3452,P-029,2,16.995,0
I-8027,O-3497,P-029,2,16.995,0.1
I-096,O-038,P-030,5,15.85067,0.1
I-099,O-040,P-030,1,15.85067,0.2
I-161,O-067,P-030,2,15.85067,0
I-175,O-073,P-030,1,15.85067,0.15
I-295,O-124,P-030,1,15.85067,0.2
I-422,O-179,P-030,1,15.85067,0
I-825,O-357,P-030,1,15.85067,0.15
I-918,O-394,P-030,2,15.85067,0.2
I-997,O-432,P-030,1,15.85067,0.05
I-1055,O-458,P-030,1,15.85067,0.05
I-1108,O-477,P-030,1,15.85067,0.15
I-1458,O-625,P-030,4,15.85067,0
I-1535,O-661,P-030,1,15.85067,0.05
I-1585,O-682,P-030,1,15.85067,0.05
I-1681,O-724,P-030,1,15.85067,0.05
I-1851,O-801,P-030,2,15.85067,0
I-1918,O-834,P-030,3,15.85067,0
I-1990,O-866,P-030,2,15.85067,0.2
I-2040,O-886,P-030,1,15.85067,0.15
I-2184,O-949,P-030,2,15.85067,0.1
I-2213,O-961,P-030,1,15.85067,0.2
I-2332,O-1018,P-030,4,15.85067,0.1
I-2406,O-1050,P-030,2,15.85067,0.15
I-2465,O-1080,P-030,2,15.85067,0.1
I-2468,O-1081,P-030,2,15.85067,0.05
I-2617,O-1146,P-030,2,15.85067,0.15
I-2732,O-1194,P-030,2,15.85067,0
I-2737,O-1196,P-030,2,15.85067,0
I-2818,O-1232,P-030,5,15.85067,0
I-2872,O-1257,P-030,1,15.85067,0.2
I-2873,O-1258,P-030,1,15.85067,0.2
I-2920,O-1280,P-030,2,15.85067,0
I-3051,O-1332,P-030,2,15.85067,0.05
I-3153,O-1376,P-030,1,15.85067,0.15
I-3172,O-1385,P-030,1,15.85067,0.2
I-3185,O-1391,P-030,1,15.85067,0.15
I-3192,O-1394,P-030,1,15.85067,0.05
I-3260,O-1426,P-030,1,15.85067,0.1
I-3514,O-1538,P-030,1,15.85067,0.15
I-3702,O-1627,P-030,1,15.85067,0.1
I-3728,O-1638,P-030,1,15.85067,0.2
I-3759,O-1650,P-030,1,15.85067,0.05
I-3954,O-1747,P-030,1,15.85067,0.15
I-3996,O-1767,P-030,1,15.85067,0
I-4184,O-1852,P-030,2,15.85067,0.1
I-4206,O-1861,P-030,1,15.85067,0.05
I-4211,O-1863,P-030,2,15.85067,0.2
I-4279,O-1894,P-030,4,15.85067,0
I-4359,O-1926,P-030,1,15.85067,0.1
I-4391,O-1939,P-030,1,15.85067,0.1
I-4447,O-1962,P-030,2,15.85067,0
I-4467,O-1971,P-030,5,15.85067,0.1
I-4501,O-1984,P-030,2,15.85067,0.15
I-4632,O-2036,P-030,1,15.85067,0.1
I-4635,O-2037,P-030,2,15.85067,0.1
I-4687,O-2059,P-030,1,15.85067,0.1
I-4736,O-2079,P-030,2,15.85067,0
I-4775,O-2098,P-030,2,15.85067,0.1
I-4809,O-2112,P-030,4,15.85067,0
I-4834,O-2125,P-030,3,15.85067,0
I-4854,O-2132,P-030,2,15.85067,0
I-4948,O-2174,P-030,1,15.85067,0.05
I-4950,O-2175,P-030,1,15.85067,0
I-4990,O-2191,P-030,1,15.85067,0
I-5254,O-2304,P-030,2,15.85067,0.2
I-5322,O-2329,P-030,1,15.85067,0.05
I-5428,O-2377,P-030,1,15.85067,0.15
I-5456,O-2387,P-030,1,15.85067,0.2
I-5527,O-2416,P-030,3,15.85067,0.05
I-5577,O-2440,P-030,1,15.85067,0.15
I-5588,O-2445,P-030,2,15.85067,0
I-5625,O-2462,P-030,1,15.85067,0.05
I-5696,O-2491,P-030,1,15.85067,0
I-5710,O-2497,P-030,4,15.85067,0
I-5738,O-2508,P-030,5,15.85067,0.05
I-5990,O-2611,P-030,3,15.85067,0
I-6062,O-2642,P-030,1,15.85067,0.1
I-6246,O-2724,P-030,1,15.85067,0.05
I-6312,O-2753,P-030,1,15.85067,0
I-6422,O-2798,P-030,2,15.85067,0.05
I-6424,O-2799,P-030,2,15.85067,0
I-6598,O-2878,P-030,1,15.85067,0.05
I-6600,O-2879,P-030,4,15.85067,0.05
I-6678,O-2910,P-030,3,15.85067,0
I-6690,O-2916,P-030,3,15.85067,0.1
I-6734,O-2933,P-030,1,15.85067,0.05
I-6774,O-2951,P-030,2,15.85067,0.2
I-6824,O-2973,P-030,4,15.85067,0
I-6892,O-3003,P-030,3,15.85067,0
I-6908,O-3010,P-030,1,15.85067,0.2
I-6952,O-3028,P-030,1,15.85067,0.05
I-7008,O-3053,P-030,1,15.85067,0.15
I-7181,O-3126,P-030,1,15.85067,0.15
I-7222,O-3145,P-030,2,15.85067,0
I-7397,O-3222,P-030,1,15.85067,0.1
I-7569,O-3299,P-030,1,15.85067,0.15
I-7641,O-3330,P-030,1,15.85067,0
I-7655,O-3337,P-030,4,15.85067,0.05
I-7667,O-3343,P-030,5,15.85067,0
I-7740,O-3373,P-030,1,15.85067,0.1
I-7921,O-3450,P-030,2,15.85067,0.05
I-7922,O-3451,P-030,3,15.85067,0
I-7986,O-3482,P-030,1,15.85067,0.05
I-8017,O-3493,P-030,1,15.85067,0.2
I-218,O-093,P-031,1,15.85067,0.2
I-236,O-099,P-031,1,15.85067,0
I-315,O-132,P-031,1,15.85067,0.05
I-478,O-204,P-031,1,15.85067,0
I-515,O-220,P-031,2,15.85067,0
I-561,O-241,P-031,1,15.85067,0.1
I-648,O-276,P-031,1,15.85067,0
I-744,O-321,P-031,1,15.85067,0
I-766,O-333,P-031,3,15.85067,0
I-786,O-340,P-031,2,15.85067,0
I-791,O-342,P-031,3,15.85067,0
I-961,O-415,P-031,1,15.85067,0.05
I-1033,O-449,P-031,2,15.85067,0.1
I-1039,O-451,P-031,1,15.85067,0
I-1214,O-524,P-031,3,15.85067,0
I-1342,O-578,P-031,4,15.85067,0
I-1383,O-596,P-031,2,15.85067,0.2
I-1603,O-690,P-031,3,15.85067,0.05
I-1749,O-755,P-031,1,15.85067,0
I-1765,O-765,P-031,1,15.85067,0.1
I-1811,O-786,P-031,3,15.85067,0.1
I-1917,O-834,P-031,1,15.85067,0
I-1959,O-851,P-031,1,15.85067,0.15
I-1969,O-857,P-031,1,15.85067,0.05
I-2004,O-870,P-031,3,15.85067,0.15
I-2044,O-887,P-031,2,15.85067,0.1
I-2073,O-898,P-031,3,15.85067,0.1
I-2092,O-906,P-031,2,15.85067,0
I-2101,O-910,P-031,3,15.85067,0.15
I-2140,O-927,P-031,4,15.85067,0.1
I-2251,O-983,P-031,5,15.85067,0.1
I-2363,O-1032,P-031,1,15.85067,0.15
I-2367,O-1035,P-031,2,15.85067,0.2
I-2507,O-1100,P-031,5,15.85067,0.2
I-2574,O-1126,P-031,3,15.85067,0.15
I-2588,O-1132,P-031,3,15.85067,0
I-2738,O-1197,P-031,2,15.85067,0.2
I-2864,O-1251,P-031,1,15.85067,0
I-2881,O-1261,P-031,1,15.85067,0
I-2964,O-1298,P-031,2,15.85067,0.15
I-3059,O-1335,P-031,1,15.85067,0.05
I-3063,O-1337,P-031,2,15.85067,0.15
I-3116,O-1360,P-031,2,15.85067,0.05
I-3285,O-1438,P-031,2,15.85067,0.05
I-3320,O-1451,P-031,1,15.85067,0.2
I-3333,O-1458,P-031,2,15.85067,0
I-3339,O-1460,P-031,2,15.85067,0
I-3505,O-1534,P-031,4,15.85067,0.1
I-3517,O-1539,P-031,1,15.85067,0.05
I-3541,O-1552,P-031,1,15.85067,0.15
I-3880,O-1709,P-031,1,15.85067,0.05
I-4100,O-1813,P-031,3,15.85067,0
I-4141,O-1832,P-031,1,15.85067,0.1
I-4181,O-1850,P-031,1,15.85067,0.1
I-4247,O-1879,P-031,1,15.85067,0.15
I-4428,O-1955,P-031,1,15.85067,0
I-4477,O-1975,P-031,1,15.85067,0
I-4555,O-2005,P-031,3,15.85067,0.1
I-4596,O-2022,P-031,2,15.85067,0.05
I-4607,O-2026,P-031,3,15.85067,0.15
I-4629,O-2035,P-031,1,15.85067,0
I-4666,O-2050,P-031,2,15.85067,0.1
I-4789,O-2105,P-031,1,15.85067,0
I-4794,O-2107,P-031,1,15.85067,0.1
I-4858,O-2133,P-031,1,15.85067,0.1
I-4891,O-2148,P-031,1,15.85067,0.05
I-4982,O-2187,P-031,4,15.85067,0.05
I-5032,O-2206,P-031,3,15.85067,0.2
I-5141,O-2255,P-031,2,15.85067,0
I-5228,O-2292,P-031,1,15.85067,0.05
I-5275,O-2312,P-031,4,15.85067,0
I-5343,O-2340,P-031,3,15.85067,0
I-5353,O-2344,P-031,3,15.85067,0.15
I-5361,O-2348,P-031,1,15.85067,0.2
I-5382,O-2358,P-031,3,15.85067,0
I-5442,O-2383,P-031,1,15.85067,0.2
I-5479,O-2395,P-031,2,15.85067,0.1
I-5510,O-2409,P-031,3,15.85067,0
I-5598,O-2449,P-031,2,15.85067,0.1
I-5742,O-2510,P-031,1,15.85067,0.15
I-5798,O-2534,P-031,2,15.85067,0
I-5957,O-2597,P-031,1,15.85067,0
I-6012,O-2619,P-031,1,15.85067,0.15
I-6038,O-2631,P-031,3,15.85067,0.15
I-6049,O-2634,P-031,2,15.85067,0.15
I-6132,O-2675,P-031,1,15.85067,0.15
I-6174,O-2690,P-031,2,15.85067,0.2
I-6208,O-2706,P-031,5,15.85067,0
I-6469,O-2819,P-031,2,15.85067,0.2
I-6565,O-2862,P-031,2,15.85067,0.05
I-6639,O-2895,P-031,1,15.85067,0
I-6657,O-2902,P-031,1,15.85067,0
I-7041,O-3066,P-031,2,15.85067,0
I-7072,O-3079,P-031,4,15.85067,0
I-7105,O-3095,P-031,1,15.85067,0
I-7185,O-3127,P-031,1,15.85067,0.15
I-7191,O-3130,P-031,3,15.85067,0.05
I-7265,O-3162,P-031,1,15.85067,0.15
I-7320,O-3191,P-031,2,15.85067,0.15
I-7584,O-3306,P-031,5,15.85067,0.15
I-7786,O-3393,P-031,2,15.85067,0.05
I-7814,O-3407,P-031,2,15.85067,0.15
I-7880,O-3433,P-031,3,15.85067,0
I-7923,O-3451,P-031,1,15.85067,0.15
I-7980,O-3478,P-031,2,15.85067,0.05
I-005,O-003,P-032,1,18.6945,0
I-073,O-030,P-032,4,18.6945,0.05
I-110,O-044,P-032,2,18.6945,0.15
I-125,O-052,P-032,1,18.6945,0
I-195,O-082,P-032,2,18.6945,0.05
I-353,O-150,P-032,2,18.6945,0.15
I-362,O-154,P-032,2,18.6945,0.1
I-424,O-180,P-032,1,18.6945,0.15
I-490,O-210,P-032,2,18.6945,0.05
I-541,O-231,P-032,1,18.6945,0.05
I-621,O-265,P-032,1,18.6945,0
I-644,O-275,P-032,1,18.6945,0.1
I-649,O-277,P-032,3,18.6945,0.1
I-677,O-288,P-032,1,18.6945,0
I-781,O-339,P-032,2,18.6945,0
I-803,O-347,P-032,1,18.6945,0
I-831,O-359,P-032,1,18.6945,0
I-966,O-418,P-032,1,18.6945,0.2
I-977,O-423,P-032,2,18.6945,0.15
I-979,O-424,P-032,3,18.6945,0
I-1021,O-443,P-032,3,18.6945,0.05
I-1079,O-467,P-032,1,18.6945,0.05
I-1110,O-478,P-032,3,18.6945,0
I-1188,O-512,P-032,2,18.6945,0
I-1204,O-520,P-032,1,18.6945,0.15
I-1233,O-534,P-032,2,18.6945,0
I-1248,O-540,P-032,3,18.6945,0.2
I-1333,O-573,P-032,1,18.6945,0
I-1390,O-599,P-032,3,18.6945,0
I-1650,O-711,P-032,1,18.6945,0.05
I-1820,O-789,P-032,2,18.6945,0.1
I-1849,O-800,P-032,1,18.6945,0
I-2070,O-896,P-032,3,18.6945,0
I-2133,O-924,P-032,1,18.6945,0
I-2234,O-974,P-032,2,18.6945,0
I-2286,O-999,P-032,3,18.6945,0
I-2425,O-1062,P-032,1,18.6945,0.1
I-2488,O-1090,P-032,1,18.6945,0
I-2689,O-1176,P-032,4,18.6945,0.15
I-2753,O-1204,P-032,3,18.6945,0
I-2765,O-1208,P-032,2,18.6945,0.1
I-2783,O-1216,P-032,3,18.6945,0.1
I-2957,O-1295,P-032,3,18.6945,0
I-3016,O-1317,P-032,4,18.6945,0.1
I-3181,O-1389,P-032,2,18.6945,0.15
I-3257,O-1425,P-032,2,18.6945,0
I-3307,O-1447,P-032,2,18.6945,0
I-3355,O-1467,P-032,1,18.6945,0.05
I-3386,O-1482,P-032,1,18.6945,0.05
I-3630,O-1592,P-032,1,18.6945,0.1
I-3692,O-1621,P-032,2,18.6945,0.15
I-3791,O-1665,P-032,1,18.6945,0
I-3798,O-1668,P-032,3,18.6945,0
I-3804,O-1671,P-032,4,18.6945,0.2
I-3814,O-1675,P-032,2,18.6945,0.05
I-3820,O-1678,P-032,3,18.6945,0.05
I-3851,O-1694,P-032,3,18.6945,0.2
I-3905,O-1720,P-032,2,18.6945,0
I-3948,O-1743,P-032,1,18.6945,0.1
I-3974,O-1757,P-032,2,18.6945,0.1
I-4076,O-1804,P-032,2,18.6945,0.05
I-4244,O-1878,P-032,1,18.6945,0
I-4318,O-1909,P-032,2,18.6945,0.2
I-4340,O-1917,P-032,1,18.6945,0
I-4430,O-1956,P-032,4,18.6945,0.15
I-4529,O-1994,P-032,2,18.6945,0
I-4578,O-2015,P-032,1,18.6945,0
I-4636,O-2038,P-032,1,18.6945,0.2
I-4661,O-2047,P-032,1,18.6945,0.05
I-4694,O-2062,P-032,4,18.6945,0
I-4751,O-2086,P-032,4,18.6945,0
I-4837,O-2125,P-032,1,18.6945,0.1
I-4885,O-2147,P-032,2,18.6945,0.05
I-4898,O-2152,P-032,1,18.6945,0
I-4927,O-2165,P-032,1,18.6945,0.1
I-5006,O-2198,P-032,2,18.6945,0
I-5107,O-2240,P-032,2,18.6945,0.15
I-5216,O-2287,P-032,2,18.6945,0.2
I-5276,O-2312,P-032,2,18.6945,0.15
I-5307,O-2322,P-032,1,18.6945,0
I-5328,O-2332,P-032,1,18.6945,0
I-5383,O-2359,P-032,1,18.6945,0.2
I-5386,O-2360,P-032,2,18.6945,0.1
I-5494,O-2402,P-032,3,18.6945,0.2
I-5550,O-2427,P-032,1,18.6945,0.1
I-5583,O-2442,P-032,2,18.6945,0.05
I-5599,O-2450,P-032,2,18.6945,0
I-5627,O-2463,P-032,1,18.6945,0
I-5693,O-2490,P-032,2,18.6945,0.15
I-5711,O-2497,P-032,2,18.6945,0
I-5834,O-2549,P-032,1,18.6945,0.1
I-5839,O-2551,P-032,2,18.6945,0.05
I-5848,O-2556,P-032,2,18.6945,0.1
I-5882,O-2568,P-032,1,18.6945,0.05
I-5938,O-2589,P-032,4,18.6945,0
I-5948,O-2594,P-032,1,18.6945,0.2
I-5977,O-2605,P-032,3,18.6945,0
I-6096,O-2657,P-032,2,18.6945,0.2
I-6182,O-2693,P-032,3,18.6945,0
I-6196,O-2700,P-032,1,18.6945,0
I-6215,O-2710,P-032,1,18.6945,0.05
I-6241,O-2721,P-032,2,18.6945,0
I-6266,O-2732,P-032,3,18.6945,0
I-6301,O-2748,P-032,2,18.6945,0.1
I-6340,O-2764,P-032,1,18.6945,0
I-6379,O-2782,P-032,1,18.6945,0.1
I-6480,O-2823,P-032,5,18.6945,0.1
I-6525,O-2843,P-032,3,18.6945,0.1
I-6553,O-2857,P-032,2,18.6945,0.15
I-6556,O-2858,P-032,1,18.6945,0.15
I-6706,O-2923,P-032,3,18.6945,0.1
I-6726,O-2930,P-032,3,18.6945,0
I-6778,O-2952,P-032,1,18.6945,0.1
I-6836,O-2979,P-032,2,18.6945,0.05
I-6853,O-2987,P-032,1,18.6945,0.2
I-6903,O-3007,P-032,1,18.6945,0
I-6989,O-3046,P-032,2,18.6945,0.15
I-7014,O-3056,P-032,3,18.6945,0
I-7083,O-3084,P-032,2,18.6945,0.05
I-7106,O-3096,P-032,1,18.6945,0.05
I-7159,O-3117,P-032,2,18.6945,0
I-7211,O-3140,P-032,2,18.6945,0.2
I-7213,O-3141,P-032,2,18.6945,0
I-7316,O-3189,P-032,1,18.6945,0
I-7383,O-3216,P-032,3,18.6945,0
I-7453,O-3248,P-032,1,18.6945,0.05
I-7653,O-3336,P-032,2,18.6945,0.15
I-7795,O-3398,P-032,1,18.6945,0.05
I-7806,O-3403,P-032,3,18.6945,0.2
I-062,O-025,P-033,1,14.06053,0
I-127,O-052,P-033,1,14.06053,0.1
I-305,O-127,P-033,4,14.06053,0.1
I-361,O-153,P-033,4,14.06053,0
I-456,O-193,P-033,3,14.06053,0
I-619,O-264,P-033,2,14.06053,0.05
I-698,O-297,P-033,3,14.06053,0
I-713,O-306,P-033,2,14.06053,0
I-749,O-324,P-033,1,14.06053,0.05
I-1155,O-499,P-033,3,14.06053,0
I-1226,O-531,P-033,4,14.06053,0.05
I-1377,O-594,P-033,2,14.06053,0.1
I-1403,O-604,P-033,1,14.06053,0.05
I-1559,O-671,P-033,2,14.06053,0
I-1568,O-674,P-033,1,14.06053,0.2
I-1576,O-677,P-033,3,14.06053,0
I-1624,O-699,P-033,5,14.06053,0.1
I-1652,O-712,P-033,1,14.06053,0.2
I-1657,O-715,P-033,1,14.06053,0.05
I-2210,O-960,P-033,1,14.06053,0
I-2227,O-969,P-033,1,14.06053,0.15
I-2231,O-972,P-033,2,14.06053,0
I-2235,O-975,P-033,2,14.06053,0.15
I-2273,O-993,P-033,4,14.06053,0.1
I-2342,O-1021,P-033,5,14.06053,0.1
I-2455,O-1076,P-033,2,14.06053,0.2
I-2533,O-1111,P-033,4,14.06053,0.15
I-2690,O-1177,P-033,1,14.06053,0
I-2764,O-1208,P-033,1,14.06053,0
I-3022,O-1320,P-033,3,14.06053,0.2
I-3025,O-1322,P-033,3,14.06053,0
I-3121,O-1361,P-033,3,14.06053,0
I-3211,O-1402,P-033,1,14.06053,0.1
I-3346,O-1463,P-033,4,14.06053,0.15
I-3477,O-1522,P-033,1,14.06053,0.15
I-3722,O-1636,P-033,1,14.06053,0.15
I-3844,O-1691,P-033,1,14.06053,0.05
I-3914,O-1723,P-033,1,14.06053,0
I-4171,O-1846,P-033,1,14.06053,0.1
I-4319,O-1910,P-033,1,14.06053,0.1
I-4420,O-1952,P-033,2,14.06053,0.05
I-4453,O-1965,P-033,1,14.06053,0
I-4699,O-2064,P-033,1,14.06053,0.1
I-5055,O-2215,P-033,1,14.06053,0.1
I-5069,O-2222,P-033,1,14.06053,0.05
I-5170,O-2267,P-033,1,14.06053,0
I-5187,O-2275,P-033,1,14.06053,0.1
I-5243,O-2299,P-033,1,14.06053,0
I-5252,O-2304,P-033,1,14.06053,0
I-5414,O-2370,P-033,2,14.06053,0.15
I-5590,O-2445,P-033,3,14.06053,0.05
I-5639,O-2469,P-033,3,14.06053,0.1
I-5745,O-2511,P-033,1,14.06053,0
I-5762,O-2521,P-033,1,14.06053,0.1
I-5838,O-2551,P-033,1,14.06053,0.05
I-5949,O-2594,P-033,1,14.06053,0
I-5950,O-2595,P-033,3,14.06053,0.15
I-5955,O-2596,P-033,1,14.06053,0
I-6016,O-2621,P-033,1,14.06053,0.1
I-6102,O-2661,P-033,1,14.06053,0
I-6129,O-2673,P-033,2,14.06053,0.2
I-6428,O-2800,P-033,2,14.06053,0.2
I-6548,O-2855,P-033,2,14.06053,0
I-6576,O-2867,P-033,2,14.06053,0.15
I-6664,O-2905,P-033,2,14.06053,0.1
I-6676,O-2909,P-033,4,14.06053,0.1
I-6683,O-2913,P-033,2,14.06053,0.15
I-6744,O-2936,P-033,2,14.06053,0
I-6790,O-2958,P-033,2,14.06053,0
I-6869,O-2993,P-033,1,14.06053,0.2
I-6887,O-3000,P-033,1,14.06053,0.1
I-6940,O-3023,P-033,1,14.06053,0.05
I-7006,O-3052,P-033,3,14.06053,0.2
I-7048,O-3069,P-033,4,14.06053,0.1
I-7182,O-3126,P-033,5,14.06053,0.2
I-7197,O-3133,P-033,3,14.06053,0.1
I-7203,O-3137,P-033,3,14.06053,0.05
I-7432,O-3238,P-033,2,14.06053,0.1
I-7525,O-3277,P-033,1,14.06053,0.1
I-7550,O-3288,P-033,1,14.06053,0
I-7695,O-3355,P-033,1,14.06053,0.2
I-7716,O-3364,P-033,1,14.06053,0.1
I-7724,O-3367,P-033,4,14.06053,0
I-7840,O-3416,P-033,2,14.06053,0
I-7970,O-3473,P-033,1,14.06053,0.05
I-143,O-060,P-034,1,15.2955,0.1
I-269,O-115,P-034,3,15.2955,0.2
I-452,O-191,P-034,2,15.2955,0
I-507,O-217,P-034,1,15.2955,0.2
I-553,O-238,P-034,1,15.2955,0.2
I-703,O-299,P-034,3,15.2955,0.15
I-712,O-305,P-034,1,15.2955,0.05
I-725,O-312,P-034,2,15.2955,0
I-799,O-345,P-034,1,15.2955,0.05
I-812,O-351,P-034,2,15.2955,0
I-870,O-372,P-034,3,15.2955,0
I-871,O-373,P-034,1,15.2955,0.15
I-908,O-390,P-034,1,15.2955,0.05
I-941,O-406,P-034,2,15.2955,0.2
I-981,O-425,P-034,1,15.2955,0.1
I-1040,O-452,P-034,2,15.2955,0.15
I-1150,O-497,P-034,3,15.2955,0.1
I-1154,O-499,P-034,1,15.2955,0.15
I-1275,O-551,P-034,1,15.2955,0
I-1447,O-620,P-034,2,15.2955,0.15
I-1482,O-635,P-034,1,15.2955,0.05
I-1508,O-649,P-034,4,15.2955,0.1
I-1562,O-672,P-034,1,15.2955,0
I-1760,O-761,P-034,1,15.2955,0
I-1807,O-784,P-034,2,15.2955,0.15
I-1885,O-817,P-034,1,15.2955,0
I-2007,O-871,P-034,1,15.2955,0.15
I-2245,O-981,P-034,4,15.2955,0
I-2275,O-994,P-034,1,15.2955,0.05
I-2305,O-1006,P-034,1,15.2955,0
I-2325,O-1015,P-034,1,15.2955,0.1
I-2343,O-1022,P-034,1,15.2955,0.1
I-2421,O-1060,P-034,2,15.2955,0.1
I-2475,O-1084,P-034,1,15.2955,0.05
I-2552,O-1117,P-034,1,15.2955,0
I-2591,O-1134,P-034,1,15.2955,0.2
I-2632,O-1152,P-034,1,15.2955,0.05
I-2693,O-1178,P-034,1,15.2955,0
I-2711,O-1187,P-034,1,15.2955,0
I-2743,O-1201,P-034,3,15.2955,0
I-2748,O-1202,P-034,2,15.2955,0
I-2897,O-1269,P-034,1,15.2955,0
I-2933,O-1285,P-034,3,15.2955,0.15
I-2971,O-1301,P-034,4,15.2955,0
I-2974,O-1302,P-034,1,15.2955,0.1
I-3083,O-1346,P-034,4,15.2955,0.05
I-3099,O-1353,P-034,3,15.2955,0.2
I-3203,O-1399,P-034,1,15.2955,0
I-3243,O-1418,P-034,1,15.2955,0.15
I-3318,O-1451,P-034,1,15.2955,0
I-3340,O-1461,P-034,1,15.2955,0.15
I-3343,O-1462,P-034,2,15.2955,0.05
I-3496,O-1530,P-034,2,15.2955,0.1
I-3560,O-1562,P-034,1,15.2955,0.05
I-3564,O-1563,P-034,2,15.2955,0
I-3589,O-1573,P-034,1,15.2955,0.05
I-3824,O-1680,P-034,1,15.2955,0
I-4075,O-1803,P-034,2,15.2955,0
I-4082,O-1807,P-034,1,15.2955,0
I-4155,O-1839,P-034,2,15.2955,0
I-4170,O-1846,P-034,5,15.2955,0.05
I-4260,O-1885,P-034,3,15.2955,0.1
I-4300,O-1902,P-034,1,15.2955,0
I-4374,O-1932,P-034,3,15.2955,0.15
I-4380,O-1935,P-034,1,15.2955,0
I-4383,O-1936,P-034,1,15.2955,0.05
I-4419,O-1951,P-034,1,15.2955,0
I-4513,O-1989,P-034,3,15.2955,0.1
I-4612,O-2028,P-034,2,15.2955,0.05
I-4739,O-2080,P-034,3,15.2955,0
I-4912,O-2158,P-034,2,15.2955,0.2
I-5206,O-2283,P-034,1,15.2955,0.05
I-5385,O-2359,P-034,1,15.2955,0.1
I-5419,O-2372,P-034,3,15.2955,0
I-5584,O-2442,P-034,1,15.2955,0
I-5619,O-2459,P-034,5,15.2955,0
I-5810,O-2538,P-034,1,15.2955,0
I-5817,O-2541,P-034,1,15.2955,0
I-5835,O-2550,P-034,2,15.2955,0.1
I-5840,O-2552,P-034,2,15.2955,0.1
I-5870,O-2563,P-034,3,15.2955,0.15
I-6099,O-2659,P-034,1,15.2955,0
I-6175,O-2690,P-034,2,15.2955,0.2
I-6187,O-2695,P-034,1,15.2955,0.15
I-6595,O-2877,P-034,1,15.2955,0
I-6696,O-2919,P-034,1,15.2955,0.1
I-6768,O-2948,P-034,3,15.2955,0.15
I-6868,O-2992,P-034,2,15.2955,0.1
I-6918,O-3014,P-034,3,15.2955,0
I-6980,O-3042,P-034,4,15.2955,0.1
I-7043,O-3067,P-034,2,15.2955,0.1
I-7077,O-3081,P-034,1,15.2955,0.15
I-7156,O-3115,P-034,1,15.2955,0.05
I-7157,O-3116,P-034,2,15.2955,0.1
I-7272,O-3165,P-034,2,15.2955,0.1
I-7308,O-3185,P-034,1,15.2955,0.15
I-7384,O-3216,P-034,1,15.2955,0.15
I-7430,O-3238,P-034,1,15.2955,0
I-7516,O-3273,P-034,3,15.2955,0.1
I-7524,O-3277,P-034,3,15.2955,0.1
I-7542,O-3285,P-034,1,15.2955,0.15
I-7546,O-3287,P-034,1,15.2955,0.2
I-7623,O-3322,P-034,1,15.2955,0.1
I-7682,O-3348,P-034,1,15.2955,0
I-7767,O-3385,P-034,5,15.2955,0.2
I-7827,O-3412,P-034,1,15.2955,0.1
I-7834,O-3415,P-034,3,15.2955,0
I-7846,O-3418,P-034,3,15.2955,0
I-7888,O-3437,P-034,3,15.2955,0.05
I-8015,O-3492,P-034,1,15.2955,0
I-8024,O-3496,P-034,3,15.2955,0.15
I-114,O-046,P-035,1,7.91967,0
I-158,O-065,P-035,1,7.91967,0
I-163,O-068,P-035,1,7.91967,0
I-373,O-159,P-035,4,7.91967,0.1
I-376,O-161,P-035,2,7.91967,0.05
I-447,O-189,P-035,1,7.91967,0
I-449,O-190,P-035,1,7.91967,0
I-481,O-206,P-035,1,7.91967,0.2
I-609,O-261,P-035,1,7.91967,0.1
I-643,O-275,P-035,2,7.91967,0
I-890,O-382,P-035,1,7.91967,0
I-928,O-400,P-035,4,7.91967,0.05
I-1044,O-454,P-035,3,7.91967,0.1
I-1119,O-482,P-035,2,7.91967,0.05
I-1318,O-566,P-035,1,7.91967,0.1
I-1532,O-659,P-035,4,7.91967,0
I-1612,O-694,P-035,1,7.91967,0.2
I-1656,O-714,P-035,2,7.91967,0
I-1706,O-736,P-035,3,7.91967,0
I-1709,O-737,P-035,3,7.91967,0
I-1835,O-795,P-035,4,7.91967,0.05
I-1837,O-796,P-035,3,7.91967,0.15
I-1842,O-797,P-035,1,7.91967,0.1
I-1904,O-827,P-035,5,7.91967,0.05
I-2079,O-900,P-035,1,7.91967,0.1
I-2265,O-989,P-035,2,7.91967,0.2
I-2300,O-1004,P-035,4,7.91967,0.1
I-2346,O-1023,P-035,1,7.91967,0.1
I-2359,O-1030,P-035,1,7.91967,0.15
I-2454,O-1075,P-035,2,7.91967,0
I-2469,O-1082,P-035,2,7.91967,0.2
I-2577,O-1128,P-035,2,7.91967,0.1
I-2709,O-1186,P-035,2,7.91967,0.05
I-2712,O-1187,P-035,1,7.91967,0
I-2787,O-1218,P-035,3,7.91967,0
I-2789,O-1218,P-035,1,7.91967,0.2
I-2814,O-1229,P-035,4,7.91967,0.1
I-2845,O-1242,P-035,5,7.91967,0
I-2983,O-1304,P-035,2,7.91967,0.05
I-2986,O-1305,P-035,3,7.91967,0.15
I-3028,O-1324,P-035,4,7.91967,0.1
I-3118,O-1360,P-035,1,7.91967,0
I-3219,O-1406,P-035,1,7.91967,0.1
I-3275,O-1432,P-035,1,7.91967,0
I-3506,O-1535,P-035,1,7.91967,0.1
I-3520,O-1541,P-035,1,7.91967,0
I-3572,O-1566,P-035,2,7.91967,0
I-3612,O-1584,P-035,1,7.91967,0
I-3631,O-1593,P-035,1,7.91967,0
I-3725,O-1637,P-035,1,7.91967,0
I-3756,O-1649,P-035,1,7.91967,0.1
I-4029,O-1781,P-035,2,7.91967,0.1
I-4142,O-1833,P-035,1,7.91967,0.2
I-4342,O-1918,P-035,1,7.91967,0.15
I-4353,O-1923,P-035,4,7.91967,0
I-4367,O-1929,P-035,3,7.91967,0
I-4463,O-1969,P-035,1,7.91967,0
I-4489,O-1980,P-035,4,7.91967,0.15
I-4570,O-2012,P-035,1,7.91967,0
I-4643,O-2040,P-035,2,7.91967,0.15
I-4843,O-2128,P-035,2,7.91967,0.1
I-4904,O-2155,P-035,1,7.91967,0.1
I-5104,O-2239,P-035,3,7.91967,0.1
I-5191,O-2276,P-035,1,7.91967,0
I-5221,O-2289,P-035,2,7.91967,0.15
I-5235,O-2295,P-035,3,7.91967,0.05
I-5257,O-2306,P-035,1,7.91967,0.15
I-5384,O-2359,P-035,3,7.91967,0.05
I-5461,O-2389,P-035,4,7.91967,0
I-5524,O-2415,P-035,2,7.91967,0
I-5563,O-2434,P-035,2,7.91967,0
I-5660,O-2477,P-035,2,7.91967,0.1
I-5771,O-2524,P-035,3,7.91967,0.05
I-5841,O-2552,P-035,5,7.91967,0.1
I-5881,O-2567,P-035,3,7.91967,0.15
I-5919,O-2583,P-035,2,7.91967,0
I-5935,O-2588,P-035,2,7.91967,0.1
I-6074,O-2646,P-035,1,7.91967,0
I-6078,O-2648,P-035,3,7.91967,0.1
I-6164,O-2686,P-035,1,7.91967,0
I-6247,O-2725,P-035,1,7.91967,0.15
I-6356,O-2772,P-035,1,7.91967,0.05
I-6373,O-2780,P-035,5,7.91967,0.2
I-6388,O-2785,P-035,2,7.91967,0.05
I-6649,O-2898,P-035,1,7.91967,0.15
I-6705,O-2923,P-035,3,7.91967,0.2
I-6780,O-2954,P-035,1,7.91967,0
I-6870,O-2994,P-035,2,7.91967,0
I-6911,O-3011,P-035,1,7.91967,0.05
I-6935,O-3021,P-035,1,7.91967,0
I-7070,O-3078,P-035,1,7.91967,0.05
I-7076,O-3081,P-035,2,7.91967,0.1
I-7166,O-3120,P-035,2,7.91967,0
I-7189,O-3129,P-035,3,7.91967,0.1
I-7413,O-3230,P-035,2,7.91967,0.05
I-7446,O-3246,P-035,1,7.91967,0.05
I-7505,O-3269,P-035,3,7.91967,0
I-7545,O-3287,P-035,4,7.91967,0.1
I-7588,O-3307,P-035,1,7.91967,0.15
I-7661,O-3339,P-035,3,7.91967,0.2
I-7706,O-3360,P-035,3,7.91967,0.2
I-7708,O-3360,P-035,2,7.91967,0.2
I-7709,O-3361,P-035,1,7.91967,0.1
I-7877,O-3432,P-035,3,7.91967,0.2
I-7951,O-3465,P-035,3,7.91967,0.1
I-016,O-006,P-036,1,15.85067,0.15
I-097,O-039,P-036,2,15.85067,0.1
I-415,O-176,P-036,5,15.85067,0
I-419,O-178,P-036,1,15.85067,0.1
I-426,O-181,P-036,1,15.85067,0
I-458,O-193,P-036,1,15.85067,0
I-598,O-255,P-036,1,15.85067,0
I-610,O-261,P-036,2,15.85067,0.05
I-635,O-270,P-036,2,15.85067,0
I-737,O-317,P-036,2,15.85067,0.2
I-811,O-351,P-036,1,15.85067,0.1
I-832,O-359,P-036,2,15.85067,0.05
I-837,O-361,P-036,1,15.85067,0
I-860,O-369,P-036,2,15.85067,0.05
I-939,O-406,P-036,1,15.85067,0.05
I-1025,O-445,P-036,2,15.85067,0.1
I-1043,O-453,P-036,2,15.85067,0.2
I-1139,O-492,P-036,3,15.85067,0
I-1237,O-535,P-036,1,15.85067,0
I-1370,O-592,P-036,1,15.85067,0.1
I-1457,O-625,P-036,1,15.85067,0.2
I-1519,O-654,P-036,2,15.85067,0.2
I-1607,O-691,P-036,2,15.85067,0
I-1670,O-720,P-036,5,15.85067,0
I-1795,O-779,P-036,2,15.85067,0.15
I-1828,O-793,P-036,3,15.85067,0
I-1832,O-794,P-036,1,15.85067,0
I-1862,O-805,P-036,2,15.85067,0
I-1869,O-808,P-036,1,15.85067,0.05
I-1929,O-838,P-036,2,15.85067,0.15
I-2196,O-954,P-036,1,15.85067,0.2
I-2293,O-1002,P-036,3,15.85067,0.05
I-2385,O-1042,P-036,2,15.85067,0.15
I-2398,O-1048,P-036,1,15.85067,0
I-2426,O-1063,P-036,1,15.85067,0
I-2535,O-1111,P-036,2,15.85067,0.1
I-2585,O-1130,P-036,2,15.85067,0.15
I-2592,O-1134,P-036,3,15.85067,0
I-2600,O-1138,P-036,2,15.85067,0
I-2644,O-1156,P-036,2,15.85067,0
I-2692,O-1178,P-036,1,15.85067,0.1
I-2694,O-1178,P-036,3,15.85067,0.1
I-2849,O-1244,P-036,1,15.85067,0.1
I-3005,O-1311,P-036,3,15.85067,0.1
I-3110,O-1358,P-036,2,15.85067,0.15
I-3250,O-1421,P-036,1,15.85067,0
I-3270,O-1430,P-036,1,15.85067,0.05
I-3325,O-1454,P-036,2,15.85067,0
I-3338,O-1460,P-036,2,15.85067,0
I-3384,O-1482,P-036,2,15.85067,0.15
I-3401,O-1489,P-036,2,15.85067,0.05
I-3568,O-1565,P-036,2,15.85067,0
I-3592,O-1575,P-036,1,15.85067,0.2
I-3634,O-1594,P-036,2,15.85067,0
I-3654,O-1604,P-036,1,15.85067,0.15
I-3657,O-1605,P-036,2,15.85067,0.2
I-3700,O-1625,P-036,1,15.85067,0
I-3731,O-1638,P-036,1,15.85067,0.15
I-4148,O-1836,P-036,1,15.85067,0.2
I-4245,O-1878,P-036,1,15.85067,0.1
I-4384,O-1936,P-036,2,15.85067,0
I-4405,O-1945,P-036,2,15.85067,0.15
I-4439,O-1959,P-036,1,15.85067,0
I-4525,O-1993,P-036,1,15.85067,0.1
I-4835,O-2125,P-036,1,15.85067,0
I-5120,O-2246,P-036,1,15.85067,0.05
I-5234,O-2295,P-036,1,15.85067,0
I-5262,O-2308,P-036,5,15.85067,0.1
I-5325,O-2330,P-036,3,15.85067,0.2
I-5334,O-2335,P-036,2,15.85067,0.05
I-5400,O-2365,P-036,1,15.85067,0
I-5443,O-2383,P-036,3,15.85067,0
I-5445,O-2383,P-036,2,15.85067,0.1
I-5468,O-2392,P-036,2,15.85067,0
I-5571,O-2438,P-036,2,15.85067,0.1
I-5638,O-2468,P-036,4,15.85067,0.2
I-5704,O-2494,P-036,4,15.85067,0
I-5712,O-2497,P-036,1,15.85067,0
I-5795,O-2533,P-036,1,15.85067,0.1
I-6145,O-2680,P-036,2,15.85067,0
I-6229,O-2715,P-036,4,15.85067,0
I-6235,O-2718,P-036,3,15.85067,0.2
I-6265,O-2732,P-036,1,15.85067,0.15
I-6298,O-2747,P-036,4,15.85067,0
I-6333,O-2761,P-036,1,15.85067,0.1
I-6399,O-2789,P-036,1,15.85067,0.05
I-6433,O-2803,P-036,2,15.85067,0
I-6631,O-2891,P-036,3,15.85067,0
I-6694,O-2918,P-036,1,15.85067,0
I-6950,O-3027,P-036,4,15.85067,0
I-6972,O-3038,P-036,1,15.85067,0
I-7161,O-3118,P-036,1,15.85067,0.05
I-7300,O-3181,P-036,2,15.85067,0
I-7330,O-3196,P-036,1,15.85067,0.05
I-7492,O-3263,P-036,2,15.85067,0
I-7636,O-3328,P-036,1,15.85067,0
I-7697,O-3355,P-036,1,15.85067,0.15
I-7794,O-3398,P-036,1,15.85067,0
I-7858,O-3425,P-036,1,15.85067,0.1
I-7884,O-3435,P-036,3,15.85067,0
I-7925,O-3452,P-036,1,15.85067,0.15
I-7971,O-3474,P-036,2,15.85067,0
I-7972,O-3475,P-036,1,15.85067,0.15
I-170,O-072,P-037,3,15.85067,0.15
I-371,O-159,P-037,3,15.85067,0
I-518,O-222,P-037,1,15.85067,0.05
I-571,O-245,P-037,1,15.85067,0
I-633,O-269,P-037,2,15.85067,0.15
I-670,O-285,P-037,2,15.85067,0.1
I-696,O-296,P-037,1,15.85067,0.05
I-801,O-346,P-037,1,15.85067,0.05
I-854,O-367,P-037,4,15.85067,0
I-909,O-391,P-037,1,15.85067,0
I-943,O-407,P-037,4,15.85067,0.1
I-1353,O-584,P-037,3,15.85067,0.05
I-1365,O-590,P-037,4,15.85067,0
I-1517,O-653,P-037,1,15.85067,0.1
I-1581,O-680,P-037,2,15.85067,0
I-1613,O-694,P-037,1,15.85067,0
I-1662,O-717,P-037,1,15.85067,0
I-1770,O-768,P-037,2,15.85067,0.1
I-1790,O-776,P-037,5,15.85067,0.1
I-1831,O-794,P-037,1,15.85067,0.05
I-1898,O-823,P-037,3,15.85067,0
I-1951,O-848,P-037,3,15.85067,0.1
I-2049,O-889,P-037,1,15.85067,0.2
I-2183,O-949,P-037,1,15.85067,0
I-2189,O-951,P-037,1,15.85067,0.15
I-2202,O-956,P-037,4,15.85067,0
I-2400,O-1048,P-037,2,15.85067,0
I-2499,O-1096,P-037,1,15.85067,0.1
I-2703,O-1183,P-037,1,15.85067,0
I-2908,O-1274,P-037,1,15.85067,0
I-3072,O-1341,P-037,3,15.85067,0
I-3082,O-1345,P-037,2,15.85067,0.05
I-3142,O-1371,P-037,2,15.85067,0
I-3315,O-1449,P-037,1,15.85067,0.05
I-3319,O-1451,P-037,1,15.85067,0
I-3323,O-1453,P-037,1,15.85067,0
I-3414,O-1495,P-037,1,15.85067,0.15
I-3426,O-1500,P-037,4,15.85067,0.2
I-3484,O-1525,P-037,1,15.85067,0
I-3501,O-1532,P-037,1,15.85067,0
I-3531,O-1545,P-037,2,15.85067,0
I-3533,O-1546,P-037,5,15.85067,0
I-3596,O-1576,P-037,1,15.85067,0
I-3734,O-1639,P-037,2,15.85067,0.2
I-3758,O-1649,P-037,1,15.85067,0.05
I-3825,O-1681,P-037,1,15.85067,0.15
I-3839,O-1689,P-037,2,15.85067,0.1
I-3843,O-1690,P-037,2,15.85067,0
I-3907,O-1721,P-037,2,15.85067,0.1
I-3956,O-1747,P-037,2,15.85067,0.05
I-3959,O-1748,P-037,1,15.85067,0.15
I-4000,O-1770,P-037,2,15.85067,0.2
I-4028,O-1781,P-037,1,15.85067,0
I-4087,O-1809,P-037,3,15.85067,0
I-4146,O-1835,P-037,2,15.85067,0.05
I-4269,O-1890,P-037,1,15.85067,0.15
I-4429,O-1955,P-037,3,15.85067,0.1
I-4493,O-1981,P-037,1,15.85067,0
I-4733,O-2079,P-037,4,15.85067,0
I-5010,O-2199,P-037,2,15.85067,0.2
I-5125,O-2248,P-037,2,15.85067,0.1
I-5179,O-2271,P-037,3,15.85067,0.2
I-5210,O-2285,P-037,2,15.85067,0.05
I-5268,O-2310,P-037,2,15.85067,0.1
I-5291,O-2318,P-037,1,15.85067,0
I-5335,O-2336,P-037,5,15.85067,0.2
I-5402,O-2366,P-037,2,15.85067,0
I-5673,O-2483,P-037,1,15.85067,0.1
I-5918,O-2582,P-037,3,15.85067,0.05
I-5974,O-2604,P-037,5,15.85067,0
I-5976,O-2605,P-037,1,15.85067,0.05
I-6111,O-2666,P-037,1,15.85067,0.05
I-6151,O-2681,P-037,1,15.85067,0.2
I-6331,O-2760,P-037,1,15.85067,0.2
I-6359,O-2774,P-037,1,15.85067,0
I-6394,O-2787,P-037,3,15.85067,0.05
I-6464,O-2816,P-037,2,15.85067,0.15
I-6507,O-2835,P-037,1,15.85067,0
I-6519,O-2840,P-037,1,15.85067,0
I-6857,O-2988,P-037,2,15.85067,0.05
I-6967,O-3036,P-037,2,15.85067,0.1
I-7012,O-3054,P-037,1,15.85067,0
I-7188,O-3129,P-037,1,15.85067,0
I-7317,O-3189,P-037,1,15.85067,0
I-7469,O-3253,P-037,1,15.85067,0
I-7676,O-3346,P-037,1,15.85067,0.1
I-7764,O-3384,P-037,1,15.85067,0.1
I-7850,O-3421,P-037,1,15.85067,0.05
I-7886,O-3436,P-037,4,15.85067,0.15
I-7963,O-3470,P-037,2,15.85067,0.05
I-8034,O-3499,P-037,3,15.85067,0.15
I-084,O-034,P-038,2,22.79596,0
I-150,O-063,P-038,2,22.79596,0
I-203,O-085,P-038,2,22.79596,0.2
I-394,O-168,P-038,1,22.79596,0.2
I-506,O-217,P-038,2,22.79596,0.1
I-522,O-224,P-038,1,22.79596,0.1
I-664,O-282,P-038,2,22.79596,0.1
I-727,O-313,P-038,2,22.79596,0.05
I-759,O-328,P-038,3,22.79596,0.2
I-782,O-339,P-038,1,22.79596,0.1
I-822,O-356,P-038,2,22.79596,0
I-917,O-394,P-038,3,22.79596,0
I-980,O-425,P-038,1,22.79596,0.05
I-1054,O-458,P-038,2,22.79596,0
I-1091,O-471,P-038,2,22.79596,0.15
I-1245,O-539,P-038,2,22.79596,0.15
I-1321,O-567,P-038,4,22.79596,0.2
I-1432,O-614,P-038,3,22.79596,0.1
I-1439,O-617,P-038,3,22.79596,0.15
I-1727,O-746,P-038,1,22.79596,0.1
I-1815,O-787,P-038,1,22.79596,0
I-1840,O-797,P-038,4,22.79596,0.2
I-1924,O-836,P-038,3,22.79596,0.1
I-1926,O-837,P-038,2,22.79596,0.2
I-2012,O-873,P-038,3,22.79596,0.15
I-2126,O-921,P-038,5,22.79596,0.1
I-2159,O-938,P-038,1,22.79596,0.15
I-2255,O-984,P-038,5,22.79596,0.2
I-2285,O-999,P-038,5,22.79596,0.1
I-2315,O-1011,P-038,5,22.79596,0.1
I-2416,O-1057,P-038,1,22.79596,0
I-2686,O-1175,P-038,2,22.79596,0.1
I-2716,O-1189,P-038,1,22.79596,0
I-2859,O-1249,P-038,3,22.79596,0.1
I-3158,O-1378,P-038,1,22.79596,0.15
I-3238,O-1416,P-038,1,22.79596,0
I-3376,O-1478,P-038,2,22.79596,0.1
I-3469,O-1518,P-038,2,22.79596,0.15
I-3559,O-1562,P-038,2,22.79596,0
I-3569,O-1565,P-038,3,22.79596,0.05
I-3624,O-1589,P-038,1,22.79596,0
I-3709,O-1629,P-038,4,22.79596,0.2
I-3833,O-1686,P-038,2,22.79596,0.05
I-3852,O-1694,P-038,1,22.79596,0
I-3862,O-1701,P-038,1,22.79596,0.15
I-3899,O-1719,P-038,1,22.79596,0.05
I-3999,O-1769,P-038,3,22.79596,0.1
I-4013,O-1775,P-038,3,22.79596,0.05
I-4064,O-1798,P-038,2,22.79596,0.15
I-4092,O-1811,P-038,2,22.79596,0.15
I-4165,O-1843,P-038,3,22.79596,0.15
I-4312,O-1907,P-038,4,22.79596,0.15
I-4506,O-1987,P-038,2,22.79596,0
I-4533,O-1996,P-038,1,22.79596,0.1
I-4682,O-2058,P-038,1,22.79596,0
I-4718,O-2072,P-038,3,22.79596,0
I-4802,O-2110,P-038,2,22.79596,0.05
I-4915,O-2160,P-038,2,22.79596,0
I-4954,O-2176,P-038,1,22.79596,0.2
I-4970,O-2183,P-038,2,22.79596,0.05
I-4989,O-2190,P-038,2,22.79596,0
I-5071,O-2223,P-038,1,22.79596,0
I-5261,O-2308,P-038,1,22.79596,0
I-5269,O-2310,P-038,4,22.79596,0
I-5314,O-2326,P-038,2,22.79596,0
I-5350,O-2342,P-038,1,22.79596,0.1
I-5356,O-2345,P-038,3,22.79596,0.1
I-5480,O-2396,P-038,5,22.79596,0.05
I-5538,O-2421,P-038,5,22.79596,0.1
I-5592,O-2447,P-038,4,22.79596,0.1
I-5655,O-2475,P-038,3,22.79596,0
I-5663,O-2479,P-038,1,22.79596,0.2
I-5714,O-2498,P-038,1,22.79596,0.1
I-5724,O-2502,P-038,1,22.79596,0.05
I-5781,O-2528,P-038,5,22.79596,0.05
I-5784,O-2529,P-038,3,22.79596,0
I-5894,O-2572,P-038,1,22.79596,0
I-5922,O-2584,P-038,1,22.79596,0.05
I-5993,O-2612,P-038,1,22.79596,0.05
I-6126,O-2673,P-038,5,22.79596,0.1
I-6242,O-2722,P-038,1,22.79596,0
I-6244,O-2723,P-038,1,22.79596,0.15
I-6562,O-2860,P-038,1,22.79596,0
I-6585,O-2871,P-038,1,22.79596,0.1
I-6680,O-2911,P-038,2,22.79596,0.15
I-6837,O-2979,P-038,2,22.79596,0.2
I-6965,O-3034,P-038,3,22.79596,0.05
I-7022,O-3059,P-038,1,22.79596,0.05
I-7025,O-3060,P-038,1,22.79596,0.05
I-7089,O-3087,P-038,2,22.79596,0
I-7094,O-3090,P-038,1,22.79596,0
I-7117,O-3099,P-038,2,22.79596,0.2
I-7309,O-3186,P-038,4,22.79596,0
I-7338,O-3200,P-038,2,22.79596,0.2
I-7347,O-3203,P-038,2,22.79596,0
I-7458,O-3249,P-038,2,22.79596,0
I-7503,O-3268,P-038,2,22.79596,0.05
I-7790,O-3395,P-038,1,22.79596,0.15
I-7796,O-3399,P-038,1,22.79596,0
I-7936,O-3457,P-038,2,22.79596,0.2
I-8016,O-3492,P-038,1,22.79596,0.2
I-028,O-011,P-039,2,30.591,0.1
I-252,O-107,P-039,2,30.591,0
I-291,O-123,P-039,1,30.591,0.2
I-324,O-137,P-039,2,30.591,0
I-354,O-150,P-039,1,30.591,0.1
I-395,O-168,P-039,4,30.591,0.05
I-433,O-185,P-039,1,30.591,0.1
I-592,O-253,P-039,1,30.591,0.05
I-634,O-270,P-039,1,30.591,0
I-642,O-274,P-039,1,30.591,0.1
I-694,O-296,P-039,1,30.591,0.05
I-706,O-301,P-039,3,30.591,0.05
I-772,O-335,P-039,2,30.591,0.05
I-787,O-340,P-039,2,30.591,0.1
I-910,O-391,P-039,1,30.591,0.05
I-926,O-400,P-039,3,30.591,0.1
I-946,O-409,P-039,1,30.591,0.05
I-995,O-432,P-039,4,30.591,0.05
I-1004,O-434,P-039,3,30.591,0
I-1030,O-448,P-039,1,30.591,0.15
I-1041,O-452,P-039,1,30.591,0.1
I-1096,O-473,P-039,1,30.591,0.15
I-1149,O-496,P-039,3,30.591,0.1
I-1173,O-506,P-039,1,30.591,0.2
I-1256,O-543,P-039,1,30.591,0.1
I-1408,O-606,P-039,4,30.591,0
I-1481,O-635,P-039,1,30.591,0.1
I-1512,O-651,P-039,2,30.591,0.1
I-1521,O-654,P-039,2,30.591,0.05
I-1590,O-684,P-039,1,30.591,0.05
I-1651,O-711,P-039,2,30.591,0.2
I-1678,O-723,P-039,2,30.591,0
I-1697,O-732,P-039,1,30.591,0.05
I-1740,O-752,P-039,1,30.591,0.15
I-1793,O-778,P-039,5,30.591,0.1
I-1878,O-812,P-039,3,30.591,0.05
I-1970,O-857,P-039,2,30.591,0.2
I-2063,O-895,P-039,1,30.591,0.2
I-2220,O-966,P-039,1,30.591,0.1
I-2256,O-985,P-039,1,30.591,0.2
I-2351,O-1026,P-039,1,30.591,0
I-2412,O-1054,P-039,1,30.591,0.2
I-2456,O-1076,P-039,1,30.591,0.2
I-2481,O-1087,P-039,1,30.591,0.2
I-2705,O-1184,P-039,1,30.591,0
I-2724,O-1192,P-039,2,30.591,0.15
I-2837,O-1239,P-039,2,30.591,0.15
I-2846,O-1242,P-039,2,30.591,0.05
I-2877,O-1260,P-039,2,30.591,0.05
I-3047,O-1331,P-039,3,30.591,0.2
I-3278,O-1434,P-039,4,30.591,0.05
I-3300,O-1443,P-039,1,30.591,0
I-3328,O-1455,P-039,1,30.591,0
I-3347,O-1464,P-039,1,30.591,0.05
I-3438,O-1504,P-039,1,30.591,0
I-3495,O-1530,P-039,3,30.591,0.05
I-3581,O-1570,P-039,2,30.591,0
I-3604,O-1581,P-039,2,30.591,0.15
I-3712,O-1630,P-039,2,30.591,0.15
I-3717,O-1634,P-039,1,30.591,0
I-3730,O-1638,P-039,3,30.591,0
I-3941,O-1737,P-039,2,30.591,0.2
I-3960,O-1749,P-039,4,30.591,0.1
I-4025,O-1780,P-039,2,30.591,0.1
I-4167,O-1844,P-039,2,30.591,0.05
I-4172,O-1846,P-039,3,30.591,0.15
I-4268,O-1889,P-039,2,30.591,0.2
I-4361,O-1927,P-039,2,30.591,0.2
I-4388,O-1938,P-039,1,30.591,0.2
I-4486,O-1979,P-039,2,30.591,0
I-4511,O-1989,P-039,3,30.591,0.1
I-4585,O-2018,P-039,1,30.591,0
I-4597,O-2022,P-039,2,30.591,0
I-4609,O-2027,P-039,1,30.591,0
I-4645,O-2041,P-039,1,30.591,0
I-4712,O-2069,P-039,1,30.591,0
I-4788,O-2104,P-039,1,30.591,0.1
I-4791,O-2106,P-039,4,30.591,0.2
I-4956,O-2177,P-039,2,30.591,0
I-4996,O-2193,P-039,1,30.591,0
I-5001,O-2196,P-039,3,30.591,0.1
I-5122,O-2247,P-039,5,30.591,0
I-5364,O-2348,P-039,3,30.591,0.1
I-5378,O-2355,P-039,2,30.591,0.1
I-5469,O-2392,P-039,2,30.591,0
I-5475,O-2394,P-039,3,30.591,0.05
I-5582,O-2441,P-039,2,30.591,0
I-5601,O-2450,P-039,2,30.591,0
I-5610,O-2455,P-039,1,30.591,0.2
I-5621,O-2459,P-039,2,30.591,0
I-5715,O-2498,P-039,1,30.591,0.1
I-5735,O-2506,P-039,2,30.591,0.1
I-5859,O-2559,P-039,1,30.591,0.15
I-5869,O-2563,P-039,1,30.591,0.1
I-5892,O-2571,P-039,3,30.591,0.2
I-5917,O-2582,P-039,1,30.591,0
I-5930,O-2587,P-039,1,30.591,0
I-5941,O-2591,P-039,2,30.591,0
I-6002,O-2615,P-039,5,30.591,0
I-6017,O-2621,P-039,4,30.591,0.2
I-6018,O-2621,P-039,5,30.591,0
I-6069,O-2645,P-039,1,30.591,0
I-6117,O-2668,P-039,2,30.591,0.2
I-6189,O-2696,P-039,1,30.591,0
I-6285,O-2742,P-039,3,30.591,0.05
I-6398,O-2788,P-039,1,30.591,0
I-6468,O-2818,P-039,2,30.591,0
I-6546,O-2854,P-039,2,30.591,0
I-6652,O-2899,P-039,1,30.591,0.2
I-6931,O-3019,P-039,3,30.591,0
I-6981,O-3042,P-039,1,30.591,0
I-6998,O-3050,P-039,1,30.591,0.2
I-7394,O-3221,P-039,1,30.591,0.1
I-7734,O-3371,P-039,3,30.591,0
I-7816,O-3408,P-039,1,30.591,0.2
I-7833,O-3414,P-039,1,30.591,0
I-7959,O-3468,P-039,1,30.591,0.15
I-7975,O-3476,P-039,5,30.591,0.05
I-7996,O-3486,P-039,1,30.591,0.1
I-047,O-018,P-040,1,20.394,0.1
I-235,O-099,P-040,1,20.394,0
I-272,O-115,P-040,2,20.394,0.1
I-312,O-130,P-040,1,20.394,0.15
I-380,O-163,P-040,1,20.394,0
I-807,O-349,P-040,1,20.394,0
I-1186,O-511,P-040,1,20.394,0.1
I-1239,O-536,P-040,1,20.394,0.15
I-1310,O-562,P-040,5,20.394,0.1
I-1320,O-567,P-040,2,20.394,0.1
I-1546,O-666,P-040,3,20.394,0.2
I-1569,O-675,P-040,2,20.394,0.05
I-1733,O-749,P-040,1,20.394,0
I-1905,O-828,P-040,3,20.394,0.05
I-2118,O-918,P-040,3,20.394,0.15
I-2318,O-1013,P-040,2,20.394,0.05
I-2444,O-1071,P-040,1,20.394,0
I-2448,O-1073,P-040,1,20.394,0
I-2502,O-1097,P-040,1,20.394,0.2
I-2512,O-1102,P-040,3,20.394,0
I-2528,O-1110,P-040,1,20.394,0.1
I-2676,O-1170,P-040,1,20.394,0.15
I-2715,O-1188,P-040,1,20.394,0
I-2833,O-1238,P-040,4,20.394,0
I-2950,O-1292,P-040,1,20.394,0
I-2959,O-1296,P-040,4,20.394,0.05
I-3026,O-1322,P-040,4,20.394,0
I-3100,O-1353,P-040,1,20.394,0.1
I-3104,O-1355,P-040,1,20.394,0.05
I-3173,O-1386,P-040,2,20.394,0.2
I-3264,O-1428,P-040,1,20.394,0.2
I-3294,O-1441,P-040,3,20.394,0.05
I-3443,O-1507,P-040,2,20.394,0.15
I-3726,O-1637,P-040,1,20.394,0.1
I-3930,O-1731,P-040,1,20.394,0.2
I-4127,O-1824,P-040,2,20.394,0
I-4336,O-1916,P-040,1,20.394,0.1
I-4360,O-1926,P-040,1,20.394,0.05
I-4424,O-1953,P-040,3,20.394,0.15
I-4587,O-2018,P-040,3,20.394,0.15
I-4677,O-2055,P-040,2,20.394,0.1
I-4740,O-2081,P-040,2,20.394,0
I-4817,O-2116,P-040,4,20.394,0.2
I-4831,O-2123,P-040,1,20.394,0.05
I-4936,O-2168,P-040,2,20.394,0.05
I-4961,O-2180,P-040,1,20.394,0.2
I-5090,O-2233,P-040,1,20.394,0.1
I-5119,O-2246,P-040,1,20.394,0.05
I-5130,O-2250,P-040,2,20.394,0.05
I-5150,O-2259,P-040,2,20.394,0.05
I-5160,O-2263,P-040,2,20.394,0.1
I-5194,O-2277,P-040,1,20.394,0.05
I-5447,O-2384,P-040,1,20.394,0
I-5562,O-2434,P-040,1,20.394,0.1
I-5752,O-2515,P-040,2,20.394,0.1
I-5759,O-2519,P-040,2,20.394,0.15
I-5927,O-2586,P-040,2,20.394,0
I-5998,O-2614,P-040,1,20.394,0.2
I-6036,O-2630,P-040,4,20.394,0.05
I-6170,O-2688,P-040,1,20.394,0.05
I-6180,O-2692,P-040,4,20.394,0
I-6283,O-2741,P-040,2,20.394,0.2
I-6302,O-2749,P-040,3,20.394,0.1
I-6393,O-2787,P-040,1,20.394,0.1
I-6401,O-2789,P-040,2,20.394,0.05
I-6418,O-2796,P-040,1,20.394,0.05
I-6640,O-2895,P-040,1,20.394,0.1
I-6647,O-2898,P-040,1,20.394,0.2
I-6666,O-2906,P-040,1,20.394,0.05
I-6797,O-2961,P-040,2,20.394,0.1
I-6818,O-2970,P-040,2,20.394,0.1
I-6880,O-2996,P-040,2,20.394,0.2
I-6899,O-3005,P-040,1,20.394,0
I-7205,O-3138,P-040,1,20.394,0.05
I-7215,O-3142,P-040,4,20.394,0.05
I-7400,O-3225,P-040,1,20.394,0
I-7427,O-3236,P-040,3,20.394,0.15
I-7544,O-3286,P-040,1,20.394,0
I-7710,O-3362,P-040,1,20.394,0.15
I-7721,O-3366,P-040,2,20.394,0.1
I-7761,O-3383,P-040,1,20.394,0.15
I-7825,O-3411,P-040,3,20.394,0.15
I-7920,O-3450,P-040,4,20.394,0
I-7985,O-3481,P-040,3,20.394,0
I-7993,O-3485,P-040,3,20.394,0
I-107,O-043,P-041,1,25.56048,0.2
I-169,O-071,P-041,2,25.56048,0
I-317,O-133,P-041,2,25.56048,0.1
I-520,O-223,P-041,3,25.56048,0
I-532,O-227,P-041,1,25.56048,0
I-562,O-241,P-041,4,25.56048,0.15
I-579,O-248,P-041,1,25.56048,0
I-587,O-251,P-041,1,25.56048,0
I-857,O-367,P-041,1,25.56048,0
I-874,O-374,P-041,2,25.56048,0
I-948,O-410,P-041,3,25.56048,0.2
I-967,O-418,P-041,1,25.56048,0
I-1049,O-455,P-041,4,25.56048,0
I-1180,O-510,P-041,1,25.56048,0.05
I-1302,O-560,P-041,1,25.56048,0
I-1415,O-608,P-041,3,25.56048,0.05
I-1423,O-611,P-041,1,25.56048,0.15
I-1477,O-633,P-041,1,25.56048,0.15
I-1627,O-701,P-041,1,25.56048,0.15
I-1757,O-760,P-041,1,25.56048,0.2
I-1896,O-822,P-041,1,25.56048,0
I-2022,O-877,P-041,1,25.56048,0.05
I-2119,O-919,P-041,1,25.56048,0
I-2306,O-1006,P-041,2,25.56048,0
I-2319,O-1013,P-041,1,25.56048,0.05
I-2392,O-1045,P-041,1,25.56048,0.15
I-2423,O-1061,P-041,1,25.56048,0.15
I-2633,O-1152,P-041,1,25.56048,0.2
I-2721,O-1191,P-041,1,25.56048,0.15
I-2726,O-1192,P-041,4,25.56048,0.05
I-2894,O-1267,P-041,1,25.56048,0.05
I-2895,O-1268,P-041,1,25.56048,0.2
I-3032,O-1325,P-041,1,25.56048,0
I-3117,O-1360,P-041,1,25.56048,0
I-3179,O-1389,P-041,2,25.56048,0.2
I-3460,O-1515,P-041,2,25.56048,0
I-3530,O-1545,P-041,1,25.56048,0
I-3546,O-1555,P-041,5,25.56048,0.05
I-3594,O-1576,P-041,3,25.56048,0
I-3660,O-1606,P-041,1,25.56048,0
I-3672,O-1613,P-041,1,25.56048,0.15
I-3813,O-1674,P-041,2,25.56048,0.05
I-3853,O-1695,P-041,1,25.56048,0.1
I-3858,O-1698,P-041,3,25.56048,0
I-3903,O-1720,P-041,2,25.56048,0.2
I-4057,O-1795,P-041,4,25.56048,0.15
I-4059,O-1796,P-041,1,25.56048,0
I-4072,O-1801,P-041,4,25.56048,0.2
I-4095,O-1812,P-041,3,25.56048,0
I-4262,O-1886,P-041,2,25.56048,0.05
I-4276,O-1893,P-041,2,25.56048,0.1
I-4362,O-1927,P-041,2,25.56048,0
I-4553,O-2004,P-041,3,25.56048,0.05
I-4605,O-2026,P-041,2,25.56048,0.2
I-4930,O-2166,P-041,2,25.56048,0.15
I-5014,O-2200,P-041,1,25.56048,0
I-5162,O-2264,P-041,1,25.56048,0.05
I-5178,O-2271,P-041,2,25.56048,0.1
I-5344,O-2340,P-041,4,25.56048,0.2
I-5430,O-2378,P-041,3,25.56048,0
I-5462,O-2389,P-041,3,25.56048,0.15
I-5463,O-2390,P-041,3,25.56048,0.2
I-5502,O-2405,P-041,3,25.56048,0.05
I-5549,O-2426,P-041,3,25.56048,0.1
I-5603,O-2451,P-041,3,25.56048,0
I-5682,O-2486,P-041,1,25.56048,0.05
I-5789,O-2531,P-041,2,25.56048,0
I-6005,O-2616,P-041,2,25.56048,0.2
I-6067,O-2644,P-041,1,25.56048,0.2
I-6124,O-2671,P-041,1,25.56048,0
I-6271,O-2734,P-041,2,25.56048,0
I-6451,O-2811,P-041,4,25.56048,0.05
I-6498,O-2830,P-041,2,25.56048,0.05
I-6523,O-2842,P-041,1,25.56048,0.1
I-6584,O-2871,P-041,4,25.56048,0.15
I-6721,O-2929,P-041,1,25.56048,0.1
I-6765,O-2947,P-041,1,25.56048,0
I-6781,O-2955,P-041,2,25.56048,0.1
I-6847,O-2984,P-041,5,25.56048,0.15
I-6909,O-3011,P-041,2,25.56048,0.2
I-6928,O-3018,P-041,4,25.56048,0
I-6960,O-3031,P-041,4,25.56048,0
I-7100,O-3092,P-041,1,25.56048,0
I-7214,O-3142,P-041,2,25.56048,0.1
I-7363,O-3208,P-041,2,25.56048,0.15
I-7369,O-3210,P-041,5,25.56048,0
I-7424,O-3236,P-041,1,25.56048,0.1
I-7475,O-3256,P-041,1,25.56048,0.1
I-7554,O-3290,P-041,3,25.56048,0
I-7562,O-3294,P-041,4,25.56048,0.05
I-7586,O-3306,P-041,1,25.56048,0.05
I-7882,O-3434,P-041,1,25.56048,0.1
I-7917,O-3449,P-041,1,25.56048,0.2
I-7995,O-3486,P-041,4,25.56048,0
I-067,O-027,P-042,1,58.916,0.1
I-140,O-059,P-042,1,58.916,0
I-152,O-063,P-042,2,58.916,0.15
I-855,O-367,P-042,3,58.916,0.15
I-933,O-403,P-042,1,58.916,0
I-990,O-429,P-042,2,58.916,0
I-1071,O-464,P-042,1,58.916,0.15
I-1200,O-518,P-042,4,58.916,0.1
I-1263,O-546,P-042,1,58.916,0.15
I-1278,O-552,P-042,1,58.916,0.2
I-1412,O-607,P-042,1,58.916,0.05
I-1469,O-629,P-042,2,58.916,0.15
I-1507,O-649,P-042,2,58.916,0.05
I-1754,O-757,P-042,2,58.916,0.15
I-1824,O-792,P-042,2,58.916,0.05
I-1908,O-830,P-042,2,58.916,0.1
I-1942,O-844,P-042,1,58.916,0.2
I-2097,O-909,P-042,2,58.916,0.05
I-2146,O-930,P-042,1,58.916,0
I-2232,O-973,P-042,2,58.916,0.15
I-2242,O-979,P-042,1,58.916,0.1
I-2599,O-1138,P-042,1,58.916,0.2
I-2655,O-1161,P-042,3,58.916,0
I-2767,O-1209,P-042,1,58.916,0.2
I-2856,O-1247,P-042,4,58.916,0
I-2925,O-1282,P-042,3,58.916,0.2
I-3029,O-1324,P-042,1,58.916,0.15
I-3050,O-1332,P-042,4,58.916,0.05
I-3089,O-1349,P-042,2,58.916,0.2
I-3103,O-1355,P-042,1,58.916,0
I-3166,O-1381,P-042,1,58.916,0
I-3399,O-1488,P-042,2,58.916,0.1
I-3407,O-1492,P-042,2,58.916,0.1
I-3551,O-1558,P-042,1,58.916,0.1
I-3704,O-1627,P-042,3,58.916,0.1
I-3711,O-1630,P-042,1,58.916,0
I-3718,O-1634,P-042,3,58.916,0.15
I-3755,O-1648,P-042,2,58.916,0.2
I-3892,O-1715,P-042,1,58.916,0.1
I-4133,O-1826,P-042,5,58.916,0.15
I-4230,O-1870,P-042,3,58.916,0.05
I-4352,O-1923,P-042,2,58.916,0.2
I-4396,O-1941,P-042,1,58.916,0
I-4527,O-1994,P-042,2,58.916,0
I-4545,O-2001,P-042,4,58.916,0
I-4558,O-2007,P-042,1,58.916,0.2
I-4689,O-2060,P-042,1,58.916,0
I-4754,O-2087,P-042,2,58.916,0.05
I-4761,O-2090,P-042,2,58.916,0
I-4816,O-2116,P-042,4,58.916,0.05
I-4821,O-2118,P-042,1,58.916,0.2
I-4841,O-2127,P-042,1,58.916,0.1
I-4894,O-2150,P-042,5,58.916,0
I-4976,O-2185,P-042,1,58.916,0.05
I-5022,O-2202,P-042,2,58.916,0
I-5061,O-2218,P-042,2,58.916,0.05
I-5080,O-2227,P-042,2,58.916,0
I-5363,O-2348,P-042,2,58.916,0.1
I-5376,O-2354,P-042,4,58.916,0
I-5523,O-2415,P-042,1,58.916,0.1
I-5585,O-2443,P-042,1,58.916,0.05
I-5643,O-2470,P-042,1,58.916,0.1
I-5674,O-2483,P-042,2,58.916,0.2
I-5694,O-2490,P-042,1,58.916,0.2
I-5813,O-2540,P-042,2,58.916,0.1
I-5862,O-2560,P-042,1,58.916,0
I-5872,O-2564,P-042,1,58.916,0
I-5905,O-2576,P-042,1,58.916,0.1
I-5996,O-2614,P-042,3,58.916,0
I-5997,O-2614,P-042,1,58.916,0.05
I-6055,O-2639,P-042,1,58.916,0.15
I-6167,O-2687,P-042,2,58.916,0
I-6269,O-2733,P-042,3,58.916,0
I-6341,O-2765,P-042,4,58.916,0.2
I-6431,O-2802,P-042,1,58.916,0
I-6601,O-2879,P-042,2,58.916,0.05
I-6688,O-2915,P-042,2,58.916,0.15
I-6699,O-2921,P-042,2,58.916,0
I-6815,O-2969,P-042,3,58.916,0.15
I-6826,O-2974,P-042,1,58.916,0
I-6925,O-3017,P-042,2,58.916,0.05
I-6987,O-3046,P-042,1,58.916,0.05
I-7000,O-3051,P-042,5,58.916,0
I-7080,O-3083,P-042,3,58.916,0.15
I-7200,O-3135,P-042,1,58.916,0.1
I-7221,O-3144,P-042,2,58.916,0
I-7232,O-3149,P-042,3,58.916,0.15
I-7246,O-3155,P-042,1,58.916,0.1
I-7281,O-3171,P-042,1,58.916,0.1
I-7337,O-3199,P-042,2,58.916,0
I-7346,O-3203,P-042,3,58.916,0
I-7438,O-3241,P-042,3,58.916,0.15
I-7518,O-3274,P-042,1,58.916,0.1
I-7635,O-3328,P-042,1,58.916,0.15
I-7640,O-3330,P-042,3,58.916,0.2
I-7677,O-3346,P-042,3,58.916,0.1
I-7746,O-3376,P-042,1,58.916,0.05
I-7891,O-3438,P-042,1,58.916,0.05
I-7992,O-3485,P-042,1,58.916,0.2
I-133,O-056,P-043,1,135.96,0
I-168,O-070,P-043,1,135.96,0.1
I-233,O-098,P-043,1,135.96,0
I-240,O-100,P-043,1,135.96,0
I-307,O-128,P-043,2,135.96,0.05
I-323,O-136,P-043,3,135.96,0.15
I-479,O-205,P-043,1,135.96,0.2
I-513,O-220,P-043,2,135.96,0
I-547,O-234,P-043,2,135.96,0.2
I-716,O-308,P-043,2,135.96,0.1
I-797,O-345,P-043,3,135.96,0.05
I-903,O-388,P-043,1,135.96,0.15
I-913,O-393,P-043,1,135.96,0
I-951,O-411,P-043,2,135.96,0
I-1072,O-464,P-043,2,135.96,0.1
I-1268,O-547,P-043,1,135.96,0.05
I-1551,O-667,P-043,1,135.96,0.05
I-1615,O-695,P-043,3,135.96,0.2
I-1729,O-747,P-043,1,135.96,0.1
I-1736,O-751,P-043,1,135.96,0.05
I-1737,O-751,P-043,4,135.96,0.1
I-1755,O-758,P-043,2,135.96,0.2
I-1806,O-783,P-043,2,135.96,0.05
I-1875,O-811,P-043,4,135.96,0.05
I-1930,O-838,P-043,2,135.96,0
I-1946,O-846,P-043,5,135.96,0
I-2014,O-874,P-043,1,135.96,0
I-2057,O-893,P-043,2,135.96,0.1
I-2229,O-971,P-043,3,135.96,0.15
I-2394,O-1046,P-043,3,135.96,0
I-2461,O-1078,P-043,1,135.96,0.15
I-2463,O-1079,P-043,1,135.96,0
I-2503,O-1097,P-043,2,135.96,0.05
I-2580,O-1129,P-043,3,135.96,0.05
I-2678,O-1171,P-043,1,135.96,0.05
I-2880,O-1261,P-043,2,135.96,0
I-2934,O-1285,P-043,2,135.96,0.2
I-3145,O-1372,P-043,1,135.96,0.05
I-3155,O-1377,P-043,1,135.96,0.05
I-3167,O-1382,P-043,1,135.96,0.15
I-3176,O-1387,P-043,3,135.96,0.2
I-3190,O-1393,P-043,2,135.96,0
I-3252,O-1423,P-043,3,135.96,0
I-3461,O-1516,P-043,1,135.96,0
I-3571,O-1566,P-043,1,135.96,0.05
I-3615,O-1585,P-043,1,135.96,0.1
I-3674,O-1614,P-043,1,135.96,0
I-3696,O-1623,P-043,1,135.96,0.15
I-3752,O-1647,P-043,1,135.96,0.2
I-3778,O-1659,P-043,4,135.96,0
I-3835,O-1687,P-043,1,135.96,0.2
I-3904,O-1720,P-043,3,135.96,0.15
I-3992,O-1766,P-043,2,135.96,0.15
I-4048,O-1790,P-043,1,135.96,0.15
I-4077,O-1805,P-043,1,135.96,0.2
I-4106,O-1817,P-043,1,135.96,0
I-4241,O-1876,P-043,1,135.96,0.05
I-4284,O-1896,P-043,4,135.96,0
I-4394,O-1940,P-043,4,135.96,0.15
I-4403,O-1944,P-043,2,135.96,0
I-4507,O-1987,P-043,2,135.96,0.2
I-4516,O-1990,P-043,3,135.96,0
I-4548,O-2002,P-043,4,135.96,0
I-4565,O-2010,P-043,1,135.96,0
I-4681,O-2057,P-043,1,135.96,0
I-4815,O-2115,P-043,3,135.96,0.2
I-4833,O-2124,P-043,3,135.96,0
I-4953,O-2176,P-043,1,135.96,0
I-4967,O-2182,P-043,1,135.96,0.1
I-5065,O-2220,P-043,2,135.96,0.2
I-5085,O-2229,P-043,2,135.96,0.1
I-5093,O-2234,P-043,1,135.96,0.05
I-5260,O-2308,P-043,2,135.96,0
I-5266,O-2309,P-043,3,135.96,0.05
I-5312,O-2326,P-043,2,135.96,0.1
I-5411,O-2369,P-043,3,135.96,0
I-5644,O-2471,P-043,1,135.96,0.2
I-5648,O-2472,P-043,1,135.96,0.1
I-5854,O-2557,P-043,3,135.96,0.1
I-5932,O-2587,P-043,3,135.96,0.15
I-5995,O-2613,P-043,1,135.96,0.15
I-6057,O-2640,P-043,1,135.96,0
I-6063,O-2643,P-043,2,135.96,0
I-6257,O-2729,P-043,1,135.96,0.1
I-6975,O-3039,P-043,3,135.96,0.1
I-7016,O-3056,P-043,2,135.96,0.05
I-7064,O-3076,P-043,1,135.96,0.05
I-7113,O-3098,P-043,1,135.96,0.05
I-7130,O-3103,P-043,2,135.96,0.1
I-7275,O-3167,P-043,2,135.96,0.1
I-7382,O-3215,P-043,4,135.96,0.1
I-7464,O-3251,P-043,1,135.96,0.2
I-7612,O-3317,P-043,3,135.96,0.1
I-7663,O-3341,P-043,4,135.96,0.05
I-7703,O-3358,P-043,1,135.96,0.2
I-7780,O-3392,P-043,2,135.96,0
I-7907,O-3444,P-043,3,135.96,0.1
I-007,O-003,P-044,3,169.95,0.05
I-048,O-019,P-044,2,169.95,0.1
I-055,O-022,P-044,4,169.95,0.1
I-069,O-028,P-044,2,169.95,0
I-083,O-034,P-044,5,169.95,0
I-145,O-061,P-044,2,169.95,0.2
I-263,O-112,P-044,2,169.95,0
I-363,O-154,P-044,2,169.95,0.1
I-442,O-187,P-044,2,169.95,0.05
I-505,O-216,P-044,1,169.95,0.2
I-605,O-259,P-044,2,169.95,0.2
I-704,O-300,P-044,1,169.95,0.1
I-777,O-337,P-044,1,169.95,0.15
I-798,O-345,P-044,2,169.95,0.15
I-804,O-348,P-044,2,169.95,0.05
I-973,O-421,P-044,1,169.95,0.2
I-1015,O-439,P-044,2,169.95,0.05
I-1029,O-447,P-044,1,169.95,0.05
I-1090,O-471,P-044,3,169.95,0.1
I-1153,O-499,P-044,4,169.95,0
I-1282,O-553,P-044,5,169.95,0
I-1357,O-586,P-044,1,169.95,0.1
I-1494,O-642,P-044,1,169.95,0.05
I-1498,O-644,P-044,1,169.95,0
I-1544,O-665,P-044,2,169.95,0.15
I-1620,O-697,P-044,1,169.95,0.05
I-1702,O-735,P-044,3,169.95,0.2
I-1732,O-748,P-044,1,169.95,0.15
I-1788,O-776,P-044,3,169.95,0.1
I-1796,O-779,P-044,1,169.95,0
I-1844,O-798,P-044,3,169.95,0
I-1902,O-826,P-044,2,169.95,0.1
I-1958,O-851,P-044,1,169.95,0.1
I-2077,O-900,P-044,4,169.95,0.05
I-2112,O-915,P-044,4,169.95,0.15
I-2181,O-948,P-044,4,169.95,0.15
I-2289,O-1000,P-044,2,169.95,0.05
I-2290,O-1001,P-044,4,169.95,0.15
I-2653,O-1160,P-044,2,169.95,0.05
I-2917,O-1279,P-044,2,169.95,0.15
I-2939,O-1288,P-044,2,169.95,0.2
I-2967,O-1299,P-044,1,169.95,0
I-3127,O-1364,P-044,1,169.95,0
I-3147,O-1373,P-044,3,169.95,0.1
I-3184,O-1390,P-044,3,169.95,0.15
I-3201,O-1398,P-044,1,169.95,0.05
I-3207,O-1400,P-044,2,169.95,0.05
I-3262,O-1427,P-044,4,169.95,0
I-3503,O-1533,P-044,2,169.95,0.05
I-3664,O-1608,P-044,4,169.95,0.2
I-3695,O-1622,P-044,2,169.95,0.2
I-3951,O-1745,P-044,2,169.95,0
I-4046,O-1790,P-044,2,169.95,0.1
I-4182,O-1851,P-044,1,169.95,0.1
I-4183,O-1852,P-044,1,169.95,0.05
I-4221,O-1867,P-044,2,169.95,0
I-4346,O-1920,P-044,1,169.95,0.05
I-4369,O-1930,P-044,2,169.95,0.2
I-4393,O-1939,P-044,2,169.95,0.1
I-4431,O-1956,P-044,1,169.95,0.2
I-4490,O-1980,P-044,5,169.95,0.2
I-4504,O-1986,P-044,1,169.95,0.15
I-4582,O-2017,P-044,2,169.95,0.1
I-4584,O-2017,P-044,1,169.95,0.1
I-4589,O-2019,P-044,1,169.95,0
I-4594,O-2021,P-044,2,169.95,0.15
I-4603,O-2024,P-044,2,169.95,0.05
I-4641,O-2040,P-044,2,169.95,0.15
I-4685,O-2058,P-044,1,169.95,0
I-4836,O-2125,P-044,1,169.95,0.15
I-4844,O-2129,P-044,1,169.95,0.1
I-4908,O-2156,P-044,3,169.95,0
I-5168,O-2266,P-044,1,169.95,0
I-5188,O-2275,P-044,2,169.95,0.1
I-5217,O-2288,P-044,1,169.95,0.2
I-5287,O-2316,P-044,1,169.95,0.1
I-5313,O-2326,P-044,2,169.95,0.05
I-5318,O-2328,P-044,1,169.95,0.2
I-5338,O-2338,P-044,5,169.95,0
I-5407,O-2368,P-044,3,169.95,0.2
I-5667,O-2480,P-044,2,169.95,0.05
I-5887,O-2570,P-044,1,169.95,0
I-5898,O-2574,P-044,4,169.95,0.05
I-5940,O-2590,P-044,1,169.95,0.05
I-6100,O-2660,P-044,1,169.95,0
I-6199,O-2702,P-044,4,169.95,0.05
I-6227,O-2714,P-044,2,169.95,0.1
I-6277,O-2738,P-044,2,169.95,0.05
I-6316,O-2755,P-044,2,169.95,0
I-6326,O-2759,P-044,1,169.95,0
I-6350,O-2769,P-044,1,169.95,0
I-6353,O-2771,P-044,1,169.95,0.15
I-6417,O-2796,P-044,1,169.95,0.2
I-6432,O-2802,P-044,1,169.95,0.05
I-6446,O-2808,P-044,3,169.95,0.05
I-6501,O-2832,P-044,1,169.95,0
I-6643,O-2896,P-044,3,169.95,0.1
I-6661,O-2904,P-044,2,169.95,0
I-6720,O-2928,P-044,1,169.95,0
I-6934,O-3020,P-044,1,169.95,0.1
I-7046,O-3068,P-044,3,169.95,0
I-7277,O-3168,P-044,2,169.95,0.1
I-7304,O-3184,P-044,2,169.95,0
I-7390,O-3219,P-044,1,169.95,0.05
I-7480,O-3259,P-044,1,169.95,0.2
I-7536,O-3282,P-044,4,169.95,0.15
I-7645,O-3333,P-044,1,169.95,0
I-7737,O-3372,P-044,2,169.95,0.05
I-7739,O-3373,P-044,1,169.95,0.1
I-7757,O-3381,P-044,1,169.95,0.1
I-7817,O-3408,P-044,4,169.95,0.2
I-7826,O-3412,P-044,1,169.95,0.15
I-7867,O-3429,P-044,1,169.95,0.2
I-8006,O-3490,P-044,4,169.95,0
I-8026,O-3496,P-044,1,169.95,0.05
I-071,O-030,P-045,3,104.22467,0
I-171,O-072,P-045,2,104.22467,0.2
I-198,O-083,P-045,3,104.22467,0.05
I-262,O-111,P-045,1,104.22467,0
I-423,O-180,P-045,1,104.22467,0
I-436,O-186,P-045,4,104.22467,0
I-606,O-259,P-045,1,104.22467,0
I-626,O-267,P-045,1,104.22467,0.15
I-826,O-357,P-045,4,104.22467,0.2
I-936,O-404,P-045,3,104.22467,0.1
I-984,O-427,P-045,1,104.22467,0.1
I-1050,O-456,P-045,3,104.22467,0.05
I-1099,O-475,P-045,1,104.22467,0.05
I-1191,O-514,P-045,1,104.22467,0
I-1211,O-523,P-045,3,104.22467,0.1
I-1219,O-527,P-045,1,104.22467,0.2
I-1271,O-548,P-045,4,104.22467,0
I-1292,O-556,P-045,1,104.22467,0.15
I-1421,O-610,P-045,1,104.22467,0
I-1539,O-663,P-045,3,104.22467,0
I-1894,O-821,P-045,2,104.22467,0.1
I-2029,O-880,P-045,1,104.22467,0
I-2136,O-925,P-045,2,104.22467,0.05
I-2191,O-952,P-045,2,104.22467,0.15
I-2516,O-1104,P-045,1,104.22467,0.1
I-2672,O-1169,P-045,3,104.22467,0
I-2701,O-1183,P-045,3,104.22467,0.05
I-2718,O-1190,P-045,2,104.22467,0.15
I-2865,O-1252,P-045,3,104.22467,0.05
I-2887,O-1263,P-045,1,104.22467,0.15
I-2962,O-1297,P-045,1,104.22467,0.05
I-2993,O-1308,P-045,4,104.22467,0
I-2996,O-1308,P-045,1,104.22467,0.15
I-3090,O-1349,P-045,1,104.22467,0.05
I-3253,O-1423,P-045,1,104.22467,0.1
I-3344,O-1463,P-045,3,104.22467,0
I-3442,O-1506,P-045,2,104.22467,0.15
I-3878,O-1708,P-045,1,104.22467,0.05
I-3963,O-1750,P-045,1,104.22467,0.15
I-4001,O-1770,P-045,3,104.22467,0
I-4043,O-1788,P-045,1,104.22467,0
I-4060,O-1797,P-045,3,104.22467,0
I-4069,O-1800,P-045,2,104.22467,0.1
I-4193,O-1856,P-045,1,104.22467,0
I-4400,O-1942,P-045,2,104.22467,0
I-4519,O-1991,P-045,1,104.22467,0
I-4599,O-2022,P-045,3,104.22467,0.1
I-4633,O-2036,P-045,1,104.22467,0.05
I-4848,O-2131,P-045,2,104.22467,0.1
I-4873,O-2141,P-045,2,104.22467,0.15
I-4949,O-2175,P-045,2,104.22467,0
I-4979,O-2186,P-045,1,104.22467,0.05
I-5052,O-2214,P-045,1,104.22467,0
I-5310,O-2324,P-045,3,104.22467,0.2
I-5465,O-2390,P-045,2,104.22467,0.05
I-5500,O-2404,P-045,1,104.22467,0.15
I-5505,O-2406,P-045,3,104.22467,0.15
I-5686,O-2488,P-045,3,104.22467,0.15
I-5785,O-2529,P-045,1,104.22467,0.15
I-5794,O-2533,P-045,1,104.22467,0.2
I-5818,O-2542,P-045,1,104.22467,0
I-5858,O-2559,P-045,3,104.22467,0.05
I-5876,O-2565,P-045,1,104.22467,0
I-5908,O-2577,P-045,2,104.22467,0.05
I-6014,O-2620,P-045,2,104.22467,0.2
I-6202,O-2704,P-045,2,104.22467,0.05
I-6225,O-2714,P-045,2,104.22467,0
I-6274,O-2737,P-045,1,104.22467,0.1
I-6343,O-2766,P-045,1,104.22467,0
I-6408,O-2793,P-045,3,104.22467,0.1
I-6518,O-2839,P-045,2,104.22467,0.05
I-6636,O-2894,P-045,2,104.22467,0.05
I-6685,O-2914,P-045,1,104.22467,0.1
I-6772,O-2950,P-045,4,104.22467,0.15
I-6786,O-2957,P-045,1,104.22467,0.15
I-6800,O-2962,P-045,3,104.22467,0
I-6923,O-3016,P-045,1,104.22467,0.15
I-6942,O-3024,P-045,3,104.22467,0
I-6953,O-3028,P-045,1,104.22467,0.1
I-7303,O-3184,P-045,1,104.22467,0
I-7325,O-3194,P-045,1,104.22467,0.15
I-7361,O-3207,P-045,2,104.22467,0.15
I-7572,O-3300,P-045,2,104.22467,0
I-7591,O-3308,P-045,1,104.22467,0
I-7666,O-3342,P-045,3,104.22467,0.2
I-7680,O-3348,P-045,1,104.22467,0.05
I-7681,O-3348,P-045,3,104.22467,0.15
I-7837,O-3415,P-045,2,104.22467,0.2
I-105,O-042,P-046,2,181.28,0
I-335,O-141,P-046,1,181.28,0
I-379,O-162,P-046,4,181.28,0.2
I-432,O-184,P-046,1,181.28,0.2
I-533,O-228,P-046,2,181.28,0.05
I-708,O-303,P-046,4,181.28,0.05
I-836,O-360,P-046,1,181.28,0.2
I-847,O-364,P-046,2,181.28,0.05
I-882,O-378,P-046,3,181.28,0
I-894,O-384,P-046,1,181.28,0
I-1063,O-461,P-046,2,181.28,0.05
I-1184,O-511,P-046,5,181.28,0
I-1325,O-569,P-046,4,181.28,0.15
I-1352,O-583,P-046,4,181.28,0.1
I-1379,O-595,P-046,1,181.28,0.15
I-1493,O-642,P-046,1,181.28,0
I-1634,O-704,P-046,1,181.28,0.15
I-1647,O-710,P-046,2,181.28,0.2
I-1673,O-722,P-046,1,181.28,0
I-1895,O-822,P-046,3,181.28,0.05
I-2185,O-949,P-046,2,181.28,0
I-2268,O-990,P-046,2,181.28,0
I-2272,O-992,P-046,2,181.28,0.1
I-2287,O-999,P-046,1,181.28,0.05
I-2354,O-1028,P-046,1,181.28,0.15
I-2397,O-1047,P-046,1,181.28,0.15
I-2472,O-1083,P-046,1,181.28,0
I-2479,O-1085,P-046,1,181.28,0.15
I-2504,O-1098,P-046,2,181.28,0.05
I-2540,O-1113,P-046,3,181.28,0.15
I-2545,O-1115,P-046,3,181.28,0.1
I-2598,O-1137,P-046,1,181.28,0
I-2619,O-1147,P-046,1,181.28,0
I-2624,O-1148,P-046,2,181.28,0
I-2706,O-1185,P-046,1,181.28,0.15
I-2760,O-1207,P-046,2,181.28,0.2
I-2886,O-1263,P-046,1,181.28,0.15
I-2913,O-1276,P-046,2,181.28,0.15
I-2990,O-1307,P-046,1,181.28,0
I-3033,O-1325,P-046,2,181.28,0.1
I-3084,O-1347,P-046,1,181.28,0.2
I-3119,O-1361,P-046,1,181.28,0.2
I-3251,O-1422,P-046,1,181.28,0.05
I-3290,O-1439,P-046,5,181.28,0
I-3422,O-1498,P-046,1,181.28,0.2
I-3539,O-1550,P-046,1,181.28,0.05
I-3621,O-1588,P-046,1,181.28,0.05
I-3625,O-1589,P-046,1,181.28,0
I-3737,O-1640,P-046,2,181.28,0.05
I-3753,O-1647,P-046,1,181.28,0
I-3876,O-1706,P-046,2,181.28,0.2
I-3918,O-1726,P-046,2,181.28,0
I-3982,O-1762,P-046,1,181.28,0
I-4124,O-1823,P-046,1,181.28,0.15
I-4145,O-1834,P-046,1,181.28,0.15
I-4190,O-1855,P-046,1,181.28,0.1
I-4253,O-1882,P-046,1,181.28,0.1
I-4294,O-1900,P-046,2,181.28,0
I-4480,O-1977,P-046,4,181.28,0
I-4531,O-1995,P-046,1,181.28,0
I-4860,O-2134,P-046,1,181.28,0
I-4966,O-2182,P-046,1,181.28,0
I-5088,O-2231,P-046,2,181.28,0.15
I-5224,O-2291,P-046,1,181.28,0
I-5284,O-2315,P-046,3,181.28,0
I-5355,O-2344,P-046,2,181.28,0.2
I-5450,O-2385,P-046,1,181.28,0.2
I-5531,O-2419,P-046,2,181.28,0.05
I-5535,O-2420,P-046,2,181.28,0.1
I-5589,O-2445,P-046,3,181.28,0.1
I-5727,O-2504,P-046,1,181.28,0.2
I-5737,O-2508,P-046,1,181.28,0.1
I-5836,O-2550,P-046,3,181.28,0.1
I-5849,O-2556,P-046,1,181.28,0.15
I-5896,O-2573,P-046,3,181.28,0.05
I-6085,O-2651,P-046,2,181.28,0
I-6179,O-2692,P-046,2,181.28,0.15
I-6309,O-2752,P-046,1,181.28,0.1
I-6396,O-2788,P-046,1,181.28,0
I-6473,O-2820,P-046,1,181.28,0.2
I-6686,O-2914,P-046,2,181.28,0.1
I-6764,O-2946,P-046,1,181.28,0.1
I-6787,O-2957,P-046,5,181.28,0.2
I-6997,O-3050,P-046,1,181.28,0.05
I-7118,O-3099,P-046,4,181.28,0
I-7142,O-3107,P-046,4,181.28,0
I-7167,O-3120,P-046,1,181.28,0
I-7176,O-3124,P-046,2,181.28,0.1
I-7223,O-3145,P-046,1,181.28,0.05
I-7226,O-3147,P-046,2,181.28,0.1
I-7236,O-3151,P-046,2,181.28,0.1
I-7332,O-3197,P-046,1,181.28,0.05
I-7442,O-3243,P-046,1,181.28,0.05
I-7616,O-3318,P-046,2,181.28,0
I-7775,O-3389,P-046,2,181.28,0.05
I-7781,O-3392,P-046,2,181.28,0
I-7865,O-3427,P-046,3,181.28,0
I-7869,O-3429,P-046,1,181.28,0.15
I-8003,O-3489,P-046,1,181.28,0.2
I-8037,O-3500,P-046,1,181.28,0.1
I-085,O-035,P-047,4,19.24967,0.1
I-104,O-042,P-047,1,19.24967,0.05
I-141,O-059,P-047,1,19.24967,0
I-249,O-105,P-047,1,19.24967,0.05
I-309,O-129,P-047,1,19.24967,0
I-428,O-183,P-047,2,19.24967,0.05
I-437,O-186,P-047,4,19.24967,0.05
I-538,O-230,P-047,2,19.24967,0
I-549,O-236,P-047,1,19.24967,0
I-568,O-243,P-047,1,19.24967,0.05
I-834,O-360,P-047,1,19.24967,0.15
I-1023,O-444,P-047,5,19.24967,0.1
I-1093,O-472,P-047,4,19.24967,0
I-1151,O-498,P-047,3,19.24967,0
I-1185,O-511,P-047,1,19.24967,0.05
I-1194,O-514,P-047,1,19.24967,0.2
I-1288,O-554,P-047,5,19.24967,0
I-1296,O-558,P-047,1,19.24967,0.2
I-1398,O-601,P-047,1,19.24967,0
I-1476,O-632,P-047,1,19.24967,0
I-1513,O-651,P-047,1,19.24967,0.05
I-1778,O-772,P-047,1,19.24967,0
I-1868,O-808,P-047,1,19.24967,0.2
I-1961,O-853,P-047,1,19.24967,0.2
I-2048,O-889,P-047,1,19.24967,0.1
I-2051,O-890,P-047,1,19.24967,0.1
I-2096,O-908,P-047,1,19.24967,0
I-2148,O-931,P-047,3,19.24967,0.15
I-2190,O-952,P-047,3,19.24967,0
I-2201,O-955,P-047,2,19.24967,0.05
I-2205,O-958,P-047,1,19.24967,0.05
I-2223,O-967,P-047,1,19.24967,0
I-2263,O-988,P-047,2,19.24967,0.1
I-2309,O-1007,P-047,2,19.24967,0
I-2364,O-1032,P-047,2,19.24967,0.05
I-2393,O-1045,P-047,1,19.24967,0.05
I-2452,O-1074,P-047,3,19.24967,0
I-2538,O-1112,P-047,1,19.24967,0
I-2572,O-1126,P-047,1,19.24967,0
I-2713,O-1187,P-047,1,19.24967,0.2
I-2734,O-1195,P-047,3,19.24967,0
I-2932,O-1284,P-047,4,19.24967,0.15
I-3075,O-1342,P-047,1,19.24967,0.2
I-3146,O-1372,P-047,2,19.24967,0.15
I-3174,O-1386,P-047,1,19.24967,0.15
I-3293,O-1441,P-047,2,19.24967,0
I-3306,O-1446,P-047,1,19.24967,0.15
I-3507,O-1535,P-047,1,19.24967,0.1
I-3513,O-1538,P-047,1,19.24967,0.1
I-3522,O-1542,P-047,2,19.24967,0
I-3549,O-1557,P-047,2,19.24967,0.1
I-3663,O-1608,P-047,1,19.24967,0.1
I-3714,O-1631,P-047,1,19.24967,0.05
I-3748,O-1645,P-047,1,19.24967,0.1
I-3775,O-1657,P-047,1,19.24967,0.1
I-4074,O-1802,P-047,1,19.24967,0
I-4174,O-1847,P-047,2,19.24967,0.15
I-4224,O-1868,P-047,1,19.24967,0.15
I-4246,O-1879,P-047,3,19.24967,0.15
I-4259,O-1885,P-047,1,19.24967,0.05
I-4436,O-1958,P-047,2,19.24967,0.15
I-4481,O-1977,P-047,1,19.24967,0
I-4592,O-2020,P-047,3,19.24967,0.1
I-4627,O-2034,P-047,1,19.24967,0.2
I-4658,O-2045,P-047,1,19.24967,0.05
I-4717,O-2072,P-047,1,19.24967,0.05
I-4985,O-2188,P-047,1,19.24967,0
I-5009,O-2198,P-047,3,19.24967,0.05
I-5045,O-2210,P-047,1,19.24967,0
I-5129,O-2249,P-047,3,19.24967,0
I-5156,O-2261,P-047,1,19.24967,0.2
I-5317,O-2327,P-047,3,19.24967,0.05
I-5359,O-2346,P-047,2,19.24967,0
I-5528,O-2417,P-047,4,19.24967,0
I-5539,O-2422,P-047,2,19.24967,0
I-5575,O-2439,P-047,4,19.24967,0.15
I-5616,O-2457,P-047,1,19.24967,0.2
I-5695,O-2491,P-047,2,19.24967,0.05
I-5805,O-2536,P-047,2,19.24967,0.1
I-5822,O-2543,P-047,1,19.24967,0.1
I-5875,O-2565,P-047,2,19.24967,0.15
I-6044,O-2633,P-047,1,19.24967,0
I-6118,O-2669,P-047,1,19.24967,0.1
I-6166,O-2687,P-047,1,19.24967,0.1
I-6405,O-2791,P-047,2,19.24967,0
I-6510,O-2836,P-047,1,19.24967,0.1
I-6560,O-2859,P-047,1,19.24967,0.15
I-6583,O-2870,P-047,1,19.24967,0.05
I-6605,O-2880,P-047,1,19.24967,0.2
I-6733,O-2933,P-047,1,19.24967,0
I-6760,O-2944,P-047,2,19.24967,0.1
I-6807,O-2966,P-047,1,19.24967,0
I-6829,O-2976,P-047,2,19.24967,0.1
I-6865,O-2991,P-047,1,19.24967,0.1
I-6949,O-3027,P-047,1,19.24967,0.2
I-7063,O-3075,P-047,2,19.24967,0
I-7127,O-3102,P-047,3,19.24967,0
I-7204,O-3137,P-047,1,19.24967,0.2
I-7279,O-3169,P-047,2,19.24967,0.1
I-7327,O-3194,P-047,2,19.24967,0.2
I-7420,O-3233,P-047,1,19.24967,0
I-7487,O-3261,P-047,1,19.24967,0.05
I-7543,O-3286,P-047,1,19.24967,0
I-7615,O-3318,P-047,1,19.24967,0.15
I-7856,O-3424,P-047,2,19.24967,0
I-7912,O-3446,P-047,2,19.24967,0.1
I-258,O-109,P-048,3,203.94,0.2
I-349,O-148,P-048,3,203.94,0
I-567,O-243,P-048,2,203.94,0.1
I-738,O-317,P-048,1,203.94,0.1
I-897,O-385,P-048,1,203.94,0.15
I-956,O-412,P-048,1,203.94,0.05
I-1075,O-465,P-048,1,203.94,0.1
I-1156,O-500,P-048,4,203.94,0.2
I-1277,O-551,P-048,3,203.94,0.1
I-1287,O-554,P-048,4,203.94,0
I-1315,O-565,P-048,1,203.94,0
I-1467,O-628,P-048,2,203.94,0
I-1488,O-638,P-048,1,203.94,0
I-1668,O-720,P-048,2,203.94,0.1
I-1679,O-723,P-048,3,203.94,0.15
I-1682,O-725,P-048,4,203.94,0
I-1691,O-729,P-048,2,203.94,0.2
I-1839,O-796,P-048,1,203.94,0.15
I-1922,O-836,P-048,3,203.94,0.1
I-2069,O-896,P-048,2,203.94,0.1
I-2074,O-898,P-048,3,203.94,0.05
I-2078,O-900,P-048,1,203.94,0.05
I-2208,O-959,P-048,1,203.94,0
I-2252,O-983,P-048,3,203.94,0
I-2323,O-1015,P-048,2,203.94,0
I-2329,O-1017,P-048,1,203.94,0
I-2368,O-1035,P-048,1,203.94,0.1
I-2387,O-1043,P-048,2,203.94,0.2
I-2395,O-1046,P-048,1,203.94,0.05
I-2401,O-1049,P-048,1,203.94,0.1
I-2495,O-1094,P-048,2,203.94,0.05
I-2634,O-1153,P-048,2,203.94,0.1
I-2648,O-1157,P-048,2,203.94,0.05
I-2792,O-1220,P-048,1,203.94,0.2
I-2839,O-1240,P-048,3,203.94,0.1
I-2883,O-1262,P-048,1,203.94,0
I-3007,O-1312,P-048,1,203.94,0
I-3073,O-1341,P-048,2,203.94,0.15
I-3308,O-1447,P-048,3,203.94,0
I-3383,O-1481,P-048,1,203.94,0.2
I-3391,O-1485,P-048,1,203.94,0.2
I-3411,O-1494,P-048,2,203.94,0.2
I-3459,O-1515,P-048,3,203.94,0
I-3488,O-1527,P-048,2,203.94,0
I-3540,O-1551,P-048,2,203.94,0
I-3543,O-1553,P-048,1,203.94,0
I-3583,O-1570,P-048,2,203.94,0
I-3681,O-1617,P-048,1,203.94,0
I-3766,O-1653,P-048,2,203.94,0.1
I-3792,O-1665,P-048,1,203.94,0.15
I-3801,O-1669,P-048,1,203.94,0.1
I-3915,O-1724,P-048,2,203.94,0
I-3971,O-1756,P-048,1,203.94,0
I-4019,O-1778,P-048,2,203.94,0
I-4052,O-1792,P-048,2,203.94,0
I-4201,O-1859,P-048,1,203.94,0
I-4274,O-1892,P-048,2,203.94,0
I-4313,O-1907,P-048,2,203.94,0.1
I-4446,O-1961,P-048,1,203.94,0
I-4630,O-2035,P-048,2,203.94,0
I-4654,O-2043,P-048,1,203.94,0.05
I-4882,O-2145,P-048,1,203.94,0.05
I-4987,O-2189,P-048,1,203.94,0
I-5072,O-2223,P-048,2,203.94,0
I-5091,O-2234,P-048,3,203.94,0.1
I-5163,O-2264,P-048,3,203.94,0
I-5203,O-2282,P-048,1,203.94,0.05
I-5305,O-2322,P-048,3,203.94,0.15
I-5348,O-2342,P-048,1,203.94,0
I-5532,O-2419,P-048,2,203.94,0.1
I-5662,O-2478,P-048,3,203.94,0.15
I-5703,O-2494,P-048,1,203.94,0.15
I-5873,O-2564,P-048,1,203.94,0
I-5901,O-2574,P-048,1,203.94,0.15
I-5945,O-2593,P-048,2,203.94,0
I-6000,O-2615,P-048,2,203.94,0
I-6019,O-2622,P-048,2,203.94,0.2
I-6160,O-2684,P-048,2,203.94,0.05
I-6252,O-2727,P-048,1,203.94,0.05
I-6299,O-2747,P-048,1,203.94,0.1
I-6413,O-2794,P-048,3,203.94,0.2
I-6460,O-2815,P-048,4,203.94,0.1
I-6573,O-2866,P-048,2,203.94,0.1
I-6581,O-2869,P-048,3,203.94,0
I-6811,O-2967,P-048,3,203.94,0.15
I-6828,O-2975,P-048,5,203.94,0
I-6898,O-3005,P-048,2,203.94,0.1
I-7031,O-3062,P-048,2,203.94,0
I-7179,O-3125,P-048,2,203.94,0
I-7297,O-3180,P-048,1,203.94,0.2
I-7343,O-3201,P-048,2,203.94,0
I-7532,O-3280,P-048,2,203.94,0
I-7537,O-3283,P-048,1,203.94,0
I-7905,O-3444,P-048,3,203.94,0.05
I-7943,O-3461,P-048,1,203.94,0.05
I-7956,O-3467,P-048,2,203.94,0.1
I-7999,O-3488,P-048,1,203.94,0.05
I-8012,O-3491,P-048,2,203.94,0
I-049,O-019,P-049,2,441.85867,0.05
I-070,O-029,P-049,3,441.85867,0
I-082,O-034,P-049,3,441.85867,0.05
I-132,O-055,P-049,2,441.85867,0.2
I-159,O-066,P-049,3,441.85867,0
I-164,O-068,P-049,4,441.85867,0
I-242,O-102,P-049,1,441.85867,0
I-270,O-115,P-049,1,441.85867,0.1
I-288,O-121,P-049,1,441.85867,0.2
I-310,O-129,P-049,1,441.85867,0
I-321,O-136,P-049,2,441.85867,0.15
I-577,O-247,P-049,2,441.85867,0
I-922,O-396,P-049,1,441.85867,0.15
I-955,O-412,P-049,2,441.85867,0
I-978,O-424,P-049,1,441.85867,0.1
I-1007,O-436,P-049,4,441.85867,0.05
I-1162,O-502,P-049,3,441.85867,0.15
I-1177,O-507,P-049,3,441.85867,0.1
I-1241,O-537,P-049,1,441.85867,0.2
I-1252,O-542,P-049,2,441.85867,0
I-1341,O-577,P-049,2,441.85867,0.2
I-1347,O-581,P-049,1,441.85867,0.15
I-1363,O-589,P-049,1,441.85867,0.1
I-1537,O-662,P-049,2,441.85867,0.1
I-1623,O-698,P-049,5,441.85867,0
I-1677,O-723,P-049,1,441.85867,0
I-1826,O-792,P-049,3,441.85867,0.15
I-1897,O-822,P-049,1,441.85867,0.1
I-1900,O-824,P-049,2,441.85867,0.05
I-1934,O-840,P-049,1,441.85867,0
I-1945,O-846,P-049,2,441.85867,0
I-2030,O-880,P-049,1,441.85867,0
I-2085,O-903,P-049,1,441.85867,0
I-2147,O-930,P-049,1,441.85867,0.2
I-2271,O-992,P-049,4,441.85867,0.1
I-2523,O-1108,P-049,1,441.85867,0.2
I-2526,O-1109,P-049,2,441.85867,0.1
I-2838,O-1240,P-049,1,441.85867,0.05
I-2870,O-1255,P-049,2,441.85867,0
I-2879,O-1260,P-049,4,441.85867,0
I-2914,O-1277,P-049,1,441.85867,0.2
I-2956,O-1294,P-049,1,441.85867,0.1
I-3036,O-1327,P-049,1,441.85867,0.1
I-3161,O-1379,P-049,1,441.85867,0.05
I-3188,O-1392,P-049,2,441.85867,0
I-3310,O-1448,P-049,2,441.85867,0
I-3359,O-1469,P-049,1,441.85867,0.15
I-3390,O-1484,P-049,1,441.85867,0.15
I-3545,O-1554,P-049,2,441.85867,0.05
I-3597,O-1577,P-049,1,441.85867,0.1
I-3884,O-1711,P-049,4,441.85867,0.15
I-4015,O-1776,P-049,2,441.85867,0.05
I-4271,O-1890,P-049,1,441.85867,0.2
I-4277,O-1893,P-049,4,441.85867,0
I-4311,O-1907,P-049,1,441.85867,0
I-4354,O-1924,P-049,4,441.85867,0.05
I-4364,O-1928,P-049,3,441.85867,0
I-4377,O-1934,P-049,1,441.85867,0.1
I-4410,O-1948,P-049,1,441.85867,0.1
I-4470,O-1972,P-049,3,441.85867,0.1
I-4492,O-1981,P-049,3,441.85867,0.1
I-4518,O-1991,P-049,5,441.85867,0.2
I-4562,O-2008,P-049,2,441.85867,0
I-4659,O-2046,P-049,1,441.85867,0.2
I-4737,O-2080,P-049,2,441.85867,0
I-4743,O-2082,P-049,1,441.85867,0
I-4862,O-2135,P-049,1,441.85867,0
I-4863,O-2136,P-049,3,441.85867,0.15
I-4892,O-2149,P-049,1,441.85867,0
I-5007,O-2198,P-049,5,441.85867,0.15
I-5020,O-2202,P-049,1,441.85867,0
I-5075,O-2225,P-049,1,441.85867,0.1
I-5205,O-2283,P-049,1,441.85867,0.2
I-5319,O-2328,P-049,4,441.85867,0
I-5373,O-2353,P-049,2,441.85867,0.1
I-5396,O-2364,P-049,2,441.85867,0
I-5421,O-2374,P-049,2,441.85867,0
I-5434,O-2380,P-049,1,441.85867,0.15
I-5533,O-2419,P-049,2,441.85867,0.05
I-5561,O-2433,P-049,2,441.85867,0.1
I-5593,O-2447,P-049,2,441.85867,0
I-5640,O-2469,P-049,2,441.85867,0
I-5698,O-2492,P-049,4,441.85867,0
I-5744,O-2511,P-049,2,441.85867,0
I-5766,O-2522,P-049,2,441.85867,0.2
I-5808,O-2538,P-049,2,441.85867,0.15
I-5891,O-2571,P-049,1,441.85867,0.05
I-5934,O-2588,P-049,3,441.85867,0
I-6010,O-2618,P-049,4,441.85867,0
I-6051,O-2636,P-049,1,441.85867,0.1
I-6150,O-2681,P-049,3,441.85867,0.15
I-6259,O-2729,P-049,2,441.85867,0
I-6288,O-2743,P-049,1,441.85867,0.2
I-6544,O-2853,P-049,1,441.85867,0.05
I-6724,O-2930,P-049,2,441.85867,0.15
I-6745,O-2937,P-049,2,441.85867,0.05
I-6750,O-2940,P-049,1,441.85867,0.15
I-6864,O-2991,P-049,2,441.85867,0.1
I-6879,O-2996,P-049,4,441.85867,0.2
I-6902,O-3007,P-049,3,441.85867,0.05
I-7081,O-3084,P-049,2,441.85867,0
I-7141,O-3107,P-049,3,441.85867,0.05
I-7259,O-3159,P-049,1,441.85867,0.2
I-7336,O-3199,P-049,1,441.85867,0
I-7342,O-3201,P-049,2,441.85867,0.2
I-7401,O-3225,P-049,3,441.85867,0.15
I-7402,O-3226,P-049,1,441.85867,0
I-7522,O-3275,P-049,1,441.85867,0
I-7557,O-3290,P-049,1,441.85867,0.05
I-7595,O-3310,P-049,2,441.85867,0.2
I-7723,O-3367,P-049,1,441.85867,0.15
I-7843,O-3417,P-049,1,441.85867,0.05
I-7910,O-3446,P-049,1,441.85867,0
I-7926,O-3453,P-049,1,441.85867,0
I-7929,O-3454,P-049,1,441.85867,0.15
I-121,O-050,P-050,4,291.16967,0.15
I-225,O-096,P-050,1,291.16967,0
I-239,O-100,P-050,3,291.16967,0
I-493,O-211,P-050,1,291.16967,0.2
I-652,O-278,P-050,2,291.16967,0
I-846,O-363,P-050,5,291.16967,0
I-856,O-367,P-050,1,291.16967,0.2
I-976,O-423,P-050,2,291.16967,0.2
I-1019,O-442,P-050,2,291.16967,0.2
I-1068,O-463,P-050,2,291.16967,0
I-1210,O-522,P-050,1,291.16967,0
I-1343,O-579,P-050,1,291.16967,0.15
I-1376,O-594,P-050,1,291.16967,0.15
I-1563,O-673,P-050,1,291.16967,0.1
I-1578,O-678,P-050,1,291.16967,0
I-1640,O-707,P-050,3,291.16967,0.05
I-1834,O-795,P-050,1,291.16967,0.05
I-1962,O-853,P-050,1,291.16967,0.05
I-2124,O-920,P-050,1,291.16967,0.2
I-2277,O-995,P-050,4,291.16967,0.1
I-2331,O-1017,P-050,3,291.16967,0
I-2333,O-1018,P-050,2,291.16967,0.2
I-2562,O-1122,P-050,1,291.16967,0
I-2762,O-1208,P-050,2,291.16967,0
I-2798,O-1223,P-050,3,291.16967,0.15
I-3064,O-1338,P-050,1,291.16967,0.1
I-3157,O-1378,P-050,1,291.16967,0.2
I-3352,O-1466,P-050,1,291.16967,0.2
I-3388,O-1483,P-050,1,291.16967,0.1
I-3458,O-1515,P-050,1,291.16967,0.15
I-3512,O-1537,P-050,2,291.16967,0.1
I-3562,O-1563,P-050,2,291.16967,0
I-3609,O-1583,P-050,2,291.16967,0.1
I-3613,O-1585,P-050,5,291.16967,0.15
I-3685,O-1618,P-050,3,291.16967,0
I-3723,O-1636,P-050,2,291.16967,0.1
I-3799,O-1669,P-050,2,291.16967,0
I-3871,O-1704,P-050,1,291.16967,0.1
I-3910,O-1722,P-050,2,291.16967,0
I-3969,O-1754,P-050,2,291.16967,0.1
I-3987,O-1764,P-050,1,291.16967,0
I-4062,O-1797,P-050,2,291.16967,0
I-4081,O-1807,P-050,2,291.16967,0.15
I-4197,O-1858,P-050,2,291.16967,0
I-4283,O-1896,P-050,1,291.16967,0
I-4356,O-1925,P-050,1,291.16967,0
I-4623,O-2032,P-050,2,291.16967,0.1
I-4638,O-2039,P-050,1,291.16967,0.05
I-4662,O-2048,P-050,2,291.16967,0.2
I-5013,O-2199,P-050,1,291.16967,0
I-5029,O-2205,P-050,2,291.16967,0.2
I-5100,O-2237,P-050,3,291.16967,0
I-5135,O-2252,P-050,1,291.16967,0.1
I-5438,O-2381,P-050,1,291.16967,0
I-5483,O-2398,P-050,3,291.16967,0.15
I-5580,O-2440,P-050,4,291.16967,0
I-5669,O-2481,P-050,3,291.16967,0
I-5928,O-2586,P-050,1,291.16967,0.1
I-5944,O-2592,P-050,2,291.16967,0.1
I-6091,O-2654,P-050,1,291.16967,0.1
I-6092,O-2654,P-050,1,291.16967,0.15
I-6120,O-2670,P-050,1,291.16967,0.1
I-6284,O-2742,P-050,2,291.16967,0.05
I-6357,O-2773,P-050,1,291.16967,0
I-6416,O-2795,P-050,1,291.16967,0
I-6441,O-2807,P-050,2,291.16967,0.2
I-6453,O-2812,P-050,1,291.16967,0.05
I-6692,O-2917,P-050,1,291.16967,0
I-6751,O-2941,P-050,1,291.16967,0.1
I-6789,O-2958,P-050,1,291.16967,0.2
I-6978,O-3041,P-050,1,291.16967,0.1
I-7045,O-3068,P-050,4,291.16967,0
I-7116,O-3099,P-050,1,291.16967,0
I-7151,O-3113,P-050,1,291.16967,0
I-7198,O-3134,P-050,3,291.16967,0.1
I-7263,O-3160,P-050,1,291.16967,0.1
I-7271,O-3165,P-050,2,291.16967,0.15
I-7310,O-3186,P-050,1,291.16967,0.15
I-7685,O-3350,P-050,4,291.16967,0.15
I-7745,O-3375,P-050,3,291.16967,0.15
I-7855,O-3423,P-050,1,291.16967,0.05
I-7871,O-3430,P-050,1,291.16967,0.15
I-184,O-077,P-051,2,292.30267,0.2
I-190,O-080,P-051,1,292.30267,0.2
I-402,O-171,P-051,1,292.30267,0.2
I-519,O-222,P-051,1,292.30267,0.1
I-581,O-248,P-051,3,292.30267,0.05
I-591,O-253,P-051,1,292.30267,0.1
I-613,O-262,P-051,3,292.30267,0
I-661,O-281,P-051,1,292.30267,0.05
I-905,O-389,P-051,3,292.30267,0.15
I-1133,O-490,P-051,1,292.30267,0
I-1234,O-534,P-051,1,292.30267,0.2
I-1299,O-559,P-051,1,292.30267,0.15
I-1362,O-589,P-051,2,292.30267,0
I-1504,O-648,P-051,4,292.30267,0.15
I-1547,O-666,P-051,2,292.30267,0.1
I-1606,O-691,P-051,3,292.30267,0.2
I-1717,O-742,P-051,1,292.30267,0
I-1731,O-748,P-051,2,292.30267,0
I-1759,O-761,P-051,1,292.30267,0
I-1963,O-853,P-051,2,292.30267,0
I-2013,O-873,P-051,3,292.30267,0.2
I-2035,O-883,P-051,3,292.30267,0.1
I-2160,O-939,P-051,1,292.30267,0.2
I-2177,O-946,P-051,2,292.30267,0.05
I-2307,O-1007,P-051,4,292.30267,0.2
I-2311,O-1008,P-051,5,292.30267,0.1
I-2352,O-1026,P-051,2,292.30267,0.05
I-2542,O-1114,P-051,5,292.30267,0
I-2554,O-1119,P-051,1,292.30267,0
I-2618,O-1146,P-051,1,292.30267,0.1
I-2675,O-1170,P-051,2,292.30267,0.2
I-2836,O-1239,P-051,2,292.30267,0.15
I-2935,O-1286,P-051,1,292.30267,0
I-3013,O-1316,P-051,2,292.30267,0
I-3175,O-1387,P-051,2,292.30267,0
I-3205,O-1399,P-051,3,292.30267,0.1
I-3258,O-1425,P-051,1,292.30267,0.1
I-3314,O-1449,P-051,1,292.30267,0.05
I-3368,O-1473,P-051,3,292.30267,0.15
I-3715,O-1632,P-051,3,292.30267,0
I-3747,O-1645,P-051,1,292.30267,0.15
I-3827,O-1682,P-051,3,292.30267,0
I-3831,O-1684,P-051,1,292.30267,0.15
I-3896,O-1717,P-051,4,292.30267,0
I-3927,O-1729,P-051,1,292.30267,0
I-4166,O-1844,P-051,1,292.30267,0
I-4305,O-1904,P-051,1,292.30267,0.05
I-4422,O-1952,P-051,4,292.30267,0.05
I-4526,O-1993,P-051,5,292.30267,0.1
I-4811,O-2113,P-051,1,292.30267,0.2
I-4819,O-2117,P-051,2,292.30267,0.05
I-4845,O-2129,P-051,1,292.30267,0
I-4852,O-2132,P-051,2,292.30267,0
I-4918,O-2161,P-051,1,292.30267,0
I-4921,O-2163,P-051,1,292.30267,0.05
I-4992,O-2192,P-051,1,292.30267,0.15
I-5041,O-2209,P-051,2,292.30267,0.05
I-5114,O-2243,P-051,2,292.30267,0.05
I-5118,O-2245,P-051,4,292.30267,0.1
I-5357,O-2345,P-051,3,292.30267,0
I-5377,O-2354,P-051,3,292.30267,0.05
I-5389,O-2361,P-051,1,292.30267,0.1
I-5426,O-2376,P-051,1,292.30267,0.05
I-5467,O-2391,P-051,4,292.30267,0.05
I-5501,O-2405,P-051,2,292.30267,0.05
I-5566,O-2436,P-051,1,292.30267,0.05
I-5632,O-2465,P-051,3,292.30267,0
I-5707,O-2495,P-051,4,292.30267,0.05
I-5806,O-2537,P-051,1,292.30267,0.15
I-6008,O-2617,P-051,3,292.30267,0.05
I-6219,O-2711,P-051,2,292.30267,0.15
I-6270,O-2734,P-051,1,292.30267,0.05
I-6294,O-2745,P-051,4,292.30267,0.15
I-6308,O-2752,P-051,2,292.30267,0.2
I-6364,O-2776,P-051,4,292.30267,0.05
I-6445,O-2808,P-051,1,292.30267,0.05
I-6490,O-2827,P-051,3,292.30267,0.05
I-6542,O-2852,P-051,1,292.30267,0.2
I-6557,O-2858,P-051,1,292.30267,0.05
I-6617,O-2886,P-051,1,292.30267,0.2
I-6646,O-2898,P-051,4,292.30267,0
I-6684,O-2913,P-051,2,292.30267,0.1
I-6717,O-2927,P-051,2,292.30267,0
I-6766,O-2947,P-051,1,292.30267,0
I-6825,O-2973,P-051,1,292.30267,0
I-6914,O-3012,P-051,4,292.30267,0
I-6922,O-3015,P-051,3,292.30267,0.15
I-6993,O-3048,P-051,4,292.30267,0.15
I-7079,O-3083,P-051,1,292.30267,0.2
I-7097,O-3091,P-051,2,292.30267,0
I-7124,O-3101,P-051,2,292.30267,0
I-7135,O-3104,P-051,3,292.30267,0.2
I-7165,O-3120,P-051,1,292.30267,0.2
I-7233,O-3150,P-051,2,292.30267,0.1
I-7238,O-3152,P-051,2,292.30267,0.1
I-7298,O-3180,P-051,2,292.30267,0.15
I-7405,O-3226,P-051,2,292.30267,0
I-7485,O-3261,P-051,2,292.30267,0
I-7494,O-3265,P-051,2,292.30267,0.2
I-7513,O-3272,P-051,1,292.30267,0
I-7659,O-3339,P-051,2,292.30267,0
I-7688,O-3351,P-051,1,292.30267,0
I-7798,O-3399,P-051,3,292.30267,0.1
I-7953,O-3466,P-051,2,292.30267,0
I-020,O-007,P-052,1,215.25867,0
I-153,O-064,P-052,3,215.25867,0.1
I-172,O-072,P-052,3,215.25867,0
I-287,O-121,P-052,5,215.25867,0.2
I-341,O-143,P-052,4,215.25867,0
I-374,O-160,P-052,1,215.25867,0.1
I-489,O-210,P-052,2,215.25867,0
I-546,O-234,P-052,2,215.25867,0
I-665,O-282,P-052,1,215.25867,0
I-1018,O-441,P-052,1,215.25867,0
I-1060,O-461,P-052,1,215.25867,0.1
I-1123,O-485,P-052,3,215.25867,0
I-1381,O-595,P-052,1,215.25867,0.1
I-1648,O-710,P-052,3,215.25867,0.2
I-1690,O-728,P-052,2,215.25867,0
I-1720,O-742,P-052,2,215.25867,0
I-1743,O-754,P-052,4,215.25867,0.1
I-1766,O-766,P-052,2,215.25867,0
I-1916,O-833,P-052,1,215.25867,0
I-1978,O-860,P-052,2,215.25867,0.15
I-1997,O-868,P-052,1,215.25867,0.1
I-2083,O-902,P-052,1,215.25867,0.1
I-2086,O-904,P-052,2,215.25867,0
I-2453,O-1075,P-052,1,215.25867,0.15
I-2553,O-1118,P-052,1,215.25867,0.15
I-2575,O-1127,P-052,2,215.25867,0.05
I-2586,O-1131,P-052,3,215.25867,0.05
I-2720,O-1191,P-052,1,215.25867,0.15
I-2800,O-1223,P-052,1,215.25867,0
I-2830,O-1237,P-052,1,215.25867,0.1
I-2924,O-1282,P-052,1,215.25867,0.1
I-3057,O-1335,P-052,2,215.25867,0
I-3077,O-1343,P-052,1,215.25867,0
I-3227,O-1411,P-052,2,215.25867,0.2
I-3297,O-1443,P-052,2,215.25867,0
I-3303,O-1445,P-052,4,215.25867,0.2
I-3364,O-1471,P-052,3,215.25867,0.15
I-3588,O-1573,P-052,2,215.25867,0
I-3678,O-1615,P-052,2,215.25867,0.15
I-3684,O-1618,P-052,3,215.25867,0.15
I-3733,O-1639,P-052,1,215.25867,0
I-3745,O-1644,P-052,1,215.25867,0
I-3749,O-1646,P-052,1,215.25867,0.1
I-3776,O-1658,P-052,1,215.25867,0
I-3782,O-1661,P-052,1,215.25867,0.15
I-3800,O-1669,P-052,3,215.25867,0.2
I-3805,O-1671,P-052,2,215.25867,0.1
I-3837,O-1688,P-052,1,215.25867,0.1
I-4026,O-1780,P-052,2,215.25867,0
I-4032,O-1783,P-052,1,215.25867,0
I-4179,O-1850,P-052,1,215.25867,0.05
I-4186,O-1853,P-052,3,215.25867,0.1
I-4189,O-1855,P-052,2,215.25867,0.2
I-4231,O-1871,P-052,1,215.25867,0
I-4327,O-1912,P-052,1,215.25867,0.15
I-4333,O-1915,P-052,2,215.25867,0
I-4440,O-1959,P-052,4,215.25867,0.05
I-4495,O-1982,P-052,1,215.25867,0.15
I-4536,O-1997,P-052,3,215.25867,0.05
I-4567,O-2011,P-052,3,215.25867,0
I-4611,O-2028,P-052,1,215.25867,0.15
I-4618,O-2030,P-052,4,215.25867,0.05
I-4675,O-2054,P-052,4,215.25867,0.1
I-4702,O-2066,P-052,2,215.25867,0.15
I-4767,O-2095,P-052,1,215.25867,0
I-4777,O-2098,P-052,1,215.25867,0.1
I-4805,O-2111,P-052,1,215.25867,0.1
I-4820,O-2118,P-052,1,215.25867,0.1
I-4897,O-2152,P-052,2,215.25867,0
I-4914,O-2159,P-052,1,215.25867,0
I-5004,O-2197,P-052,2,215.25867,0.05
I-5019,O-2201,P-052,1,215.25867,0.1
I-5196,O-2277,P-052,1,215.25867,0
I-5374,O-2353,P-052,1,215.25867,0
I-5466,O-2391,P-052,5,215.25867,0
I-5476,O-2394,P-052,1,215.25867,0.15
I-5517,O-2412,P-052,2,215.25867,0
I-5519,O-2413,P-052,3,215.25867,0
I-5529,O-2417,P-052,3,215.25867,0.1
I-5547,O-2426,P-052,1,215.25867,0.05
I-5661,O-2477,P-052,1,215.25867,0.1
I-5728,O-2504,P-052,3,215.25867,0.1
I-5736,O-2507,P-052,4,215.25867,0
I-5820,O-2542,P-052,1,215.25867,0.15
I-5845,O-2555,P-052,2,215.25867,0.1
I-5850,O-2556,P-052,1,215.25867,0.05
I-5963,O-2600,P-052,1,215.25867,0
I-6035,O-2630,P-052,4,215.25867,0.05
I-6125,O-2672,P-052,2,215.25867,0
I-6412,O-2794,P-052,1,215.25867,0.05
I-6813,O-2968,P-052,2,215.25867,0.1
I-7007,O-3053,P-052,1,215.25867,0.1
I-7035,O-3064,P-052,2,215.25867,0
I-7068,O-3077,P-052,2,215.25867,0
I-7121,O-3100,P-052,3,215.25867,0.2
I-7224,O-3146,P-052,4,215.25867,0.1
I-7509,O-3270,P-052,2,215.25867,0.1
I-7700,O-3356,P-052,1,215.25867,0
I-7748,O-3376,P-052,1,215.25867,0.2
I-7819,O-3409,P-052,1,215.25867,0.2
I-7940,O-3459,P-052,2,215.25867,0
I-7941,O-3460,P-052,2,215.25867,0.2
I-7969,O-3473,P-052,3,215.25867,0
I-8001,O-3488,P-052,3,215.25867,0.15
I-010,O-004,P-053,3,225.467,0.1
I-042,O-017,P-053,1,225.467,0.05
I-064,O-026,P-053,2,225.467,0
I-066,O-027,P-053,4,225.467,0.2
I-189,O-080,P-053,1,225.467,0.05
I-429,O-183,P-053,1,225.467,0.05
I-503,O-216,P-053,1,225.467,0.1
I-761,O-330,P-053,3,225.467,0.1
I-800,O-346,P-053,2,225.467,0.1
I-809,O-350,P-053,1,225.467,0.2
I-833,O-360,P-053,1,225.467,0.05
I-849,O-364,P-053,2,225.467,0.15
I-888,O-381,P-053,1,225.467,0.05
I-915,O-393,P-053,2,225.467,0.05
I-1046,O-454,P-053,1,225.467,0
I-1062,O-461,P-053,4,225.467,0.15
I-1375,O-593,P-053,1,225.467,0
I-1385,O-597,P-053,2,225.467,0.05
I-1388,O-598,P-053,1,225.467,0
I-1812,O-786,P-053,3,225.467,0.05
I-1825,O-792,P-053,2,225.467,0
I-1923,O-836,P-053,2,225.467,0
I-1994,O-867,P-053,1,225.467,0.1
I-2378,O-1039,P-053,2,225.467,0.05
I-2807,O-1226,P-053,2,225.467,0.1
I-2923,O-1281,P-053,2,225.467,0.1
I-2968,O-1300,P-053,2,225.467,0.1
I-2978,O-1303,P-053,3,225.467,0.1
I-3222,O-1409,P-053,1,225.467,0.2
I-3413,O-1494,P-053,2,225.467,0
I-3425,O-1500,P-053,2,225.467,0.1
I-3429,O-1501,P-053,1,225.467,0.05
I-3475,O-1520,P-053,2,225.467,0.2
I-3536,O-1548,P-053,1,225.467,0
I-3619,O-1587,P-053,1,225.467,0
I-3807,O-1672,P-053,3,225.467,0.1
I-3873,O-1704,P-053,1,225.467,0.1
I-3889,O-1713,P-053,2,225.467,0
I-3901,O-1719,P-053,1,225.467,0.1
I-3990,O-1764,P-053,1,225.467,0
I-3991,O-1765,P-053,5,225.467,0.05
I-4090,O-1810,P-053,1,225.467,0.15
I-4119,O-1821,P-053,2,225.467,0.15
I-4298,O-1901,P-053,1,225.467,0.05
I-4338,O-1917,P-053,1,225.467,0
I-4399,O-1942,P-053,2,225.467,0.15
I-4441,O-1960,P-053,1,225.467,0.05
I-4472,O-1973,P-053,1,225.467,0
I-4563,O-2008,P-053,2,225.467,0.05
I-4595,O-2021,P-053,1,225.467,0.05
I-4716,O-2071,P-053,2,225.467,0.05
I-4724,O-2075,P-053,4,225.467,0.15
I-4807,O-2112,P-053,3,225.467,0.2
I-4851,O-2131,P-053,3,225.467,0.05
I-4905,O-2155,P-053,1,225.467,0.05
I-4913,O-2159,P-053,2,225.467,0.15
I-5008,O-2198,P-053,1,225.467,0
I-5017,O-2200,P-053,1,225.467,0.15
I-5018,O-2201,P-053,4,225.467,0
I-5073,O-2224,P-053,1,225.467,0
I-5148,O-2258,P-053,3,225.467,0.15
I-5244,O-2300,P-053,1,225.467,0.1
I-5249,O-2302,P-053,3,225.467,0.15
I-5315,O-2326,P-053,1,225.467,0.2
I-5413,O-2370,P-053,1,225.467,0.05
I-5441,O-2382,P-053,3,225.467,0.15
I-5499,O-2404,P-053,1,225.467,0
I-5587,O-2444,P-053,1,225.467,0
I-5641,O-2469,P-053,3,225.467,0.15
I-5790,O-2531,P-053,1,225.467,0.05
I-5804,O-2536,P-053,1,225.467,0.2
I-5926,O-2585,P-053,3,225.467,0
I-5979,O-2606,P-053,1,225.467,0
I-6024,O-2624,P-053,1,225.467,0.15
I-6103,O-2661,P-053,1,225.467,0.15
I-6212,O-2708,P-053,2,225.467,0.1
I-6238,O-2719,P-053,4,225.467,0.05
I-6263,O-2731,P-053,1,225.467,0.15
I-6503,O-2833,P-053,2,225.467,0
I-6618,O-2886,P-053,1,225.467,0
I-6740,O-2935,P-053,1,225.467,0.2
I-6791,O-2958,P-053,1,225.467,0.1
I-6854,O-2987,P-053,1,225.467,0.15
I-6958,O-3031,P-053,4,225.467,0
I-7111,O-3097,P-053,2,225.467,0
I-7170,O-3122,P-053,1,225.467,0.15
I-7216,O-3142,P-053,2,225.467,0.05
I-7299,O-3181,P-053,1,225.467,0.05
I-7321,O-3191,P-053,2,225.467,0.1
I-7339,O-3200,P-053,1,225.467,0.2
I-7398,O-3223,P-053,1,225.467,0.1
I-7455,O-3248,P-053,4,225.467,0.15
I-7574,O-3301,P-053,2,225.467,0.1
I-7701,O-3357,P-053,1,225.467,0.05
I-7762,O-3383,P-053,3,225.467,0
I-7838,O-3416,P-053,4,225.467,0.05
I-7938,O-3459,P-053,4,225.467,0.1
I-7983,O-3480,P-053,1,225.467,0
I-045,O-018,P-054,1,493.97667,0.15
I-275,O-117,P-054,1,493.97667,0.05
I-365,O-155,P-054,4,493.97667,0
I-555,O-239,P-054,2,493.97667,0
I-582,O-249,P-054,1,493.97667,0.05
I-763,O-331,P-054,1,493.97667,0.15
I-968,O-419,P-054,3,493.97667,0.05
I-1016,O-440,P-054,2,493.97667,0.15
I-1076,O-466,P-054,1,493.97667,0
I-1081,O-468,P-054,5,493.97667,0.1
I-1100,O-475,P-054,2,493.97667,0
I-1132,O-490,P-054,4,493.97667,0.05
I-1165,O-503,P-054,2,493.97667,0
I-1181,O-510,P-054,2,493.97667,0.2
I-1198,O-517,P-054,3,493.97667,0.15
I-1246,O-540,P-054,1,493.97667,0.1
I-1285,O-553,P-054,3,493.97667,0.05
I-1291,O-556,P-054,5,493.97667,0.15
I-1529,O-657,P-054,1,493.97667,0.05
I-1715,O-741,P-054,1,493.97667,0.05
I-1756,O-759,P-054,4,493.97667,0.1
I-1762,O-763,P-054,4,493.97667,0.15
I-1789,O-776,P-054,1,493.97667,0
I-1818,O-788,P-054,2,493.97667,0.15
I-1870,O-808,P-054,2,493.97667,0.2
I-1947,O-847,P-054,1,493.97667,0.1
I-2110,O-914,P-054,2,493.97667,0
I-2134,O-924,P-054,2,493.97667,0
I-2530,O-1110,P-054,1,493.97667,0
I-2548,O-1116,P-054,4,493.97667,0.1
I-2744,O-1201,P-054,2,493.97667,0.1
I-2815,O-1230,P-054,2,493.97667,0.1
I-2863,O-1251,P-054,4,493.97667,0.05
I-2910,O-1275,P-054,2,493.97667,0.05
I-2980,O-1303,P-054,3,493.97667,0
I-3014,O-1316,P-054,2,493.97667,0
I-3043,O-1329,P-054,2,493.97667,0
I-3178,O-1388,P-054,2,493.97667,0.05
I-3239,O-1417,P-054,1,493.97667,0
I-3345,O-1463,P-054,3,493.97667,0.05
I-3378,O-1479,P-054,1,493.97667,0.1
I-3397,O-1487,P-054,2,493.97667,0.15
I-3406,O-1491,P-054,4,493.97667,0
I-3444,O-1508,P-054,1,493.97667,0
I-3578,O-1568,P-054,1,493.97667,0
I-3617,O-1586,P-054,1,493.97667,0
I-3802,O-1670,P-054,1,493.97667,0.05
I-3917,O-1725,P-054,1,493.97667,0.1
I-3947,O-1742,P-054,2,493.97667,0
I-3972,O-1756,P-054,1,493.97667,0
I-4016,O-1777,P-054,1,493.97667,0
I-4020,O-1778,P-054,1,493.97667,0.1
I-4088,O-1809,P-054,4,493.97667,0.2
I-4198,O-1858,P-054,1,493.97667,0
I-4261,O-1885,P-054,2,493.97667,0
I-4321,O-1910,P-054,2,493.97667,0
I-4332,O-1915,P-054,1,493.97667,0.05
I-4437,O-1958,P-054,1,493.97667,0
I-4521,O-1992,P-054,1,493.97667,0
I-4644,O-2040,P-054,4,493.97667,0
I-4669,O-2051,P-054,2,493.97667,0.2
I-4722,O-2074,P-054,1,493.97667,0
I-4818,O-2116,P-054,2,493.97667,0
I-4861,O-2134,P-054,1,493.97667,0
I-4864,O-2136,P-054,2,493.97667,0
I-4869,O-2139,P-054,1,493.97667,0
I-4916,O-2160,P-054,3,493.97667,0.05
I-5040,O-2208,P-054,1,493.97667,0
I-5183,O-2273,P-054,2,493.97667,0
I-5192,O-2276,P-054,2,493.97667,0
I-5202,O-2281,P-054,1,493.97667,0.1
I-5733,O-2505,P-054,3,493.97667,0
I-5821,O-2542,P-054,1,493.97667,0.15
I-5886,O-2569,P-054,1,493.97667,0
I-5888,O-2570,P-054,1,493.97667,0
I-5910,O-2577,P-054,3,493.97667,0
I-5980,O-2607,P-054,3,493.97667,0.1
I-6056,O-2639,P-054,2,493.97667,0
I-6106,O-2664,P-054,2,493.97667,0.1
I-6161,O-2685,P-054,2,493.97667,0
I-6188,O-2696,P-054,1,493.97667,0.15
I-6278,O-2739,P-054,1,493.97667,0.15
I-6317,O-2756,P-054,1,493.97667,0.1
I-6362,O-2775,P-054,4,493.97667,0.1
I-6409,O-2793,P-054,4,493.97667,0.1
I-6492,O-2828,P-054,1,493.97667,0.15
I-6504,O-2834,P-054,1,493.97667,0
I-6773,O-2951,P-054,3,493.97667,0.2
I-6866,O-2991,P-054,3,493.97667,0.15
I-6876,O-2995,P-054,1,493.97667,0.15
I-6884,O-2998,P-054,2,493.97667,0
I-7058,O-3074,P-054,2,493.97667,0
I-7132,O-3104,P-054,1,493.97667,0
I-7160,O-3118,P-054,2,493.97667,0.2
I-7393,O-3221,P-054,1,493.97667,0.15
I-7433,O-3239,P-054,2,493.97667,0.05
I-7461,O-3250,P-054,2,493.97667,0.1
I-7478,O-3257,P-054,5,493.97667,0
I-7491,O-3262,P-054,2,493.97667,0.2
I-7515,O-3273,P-054,1,493.97667,0
I-7529,O-3279,P-054,1,493.97667,0
I-7559,O-3292,P-054,1,493.97667,0.15
I-7652,O-3335,P-054,1,493.97667,0.15
I-7658,O-3338,P-054,1,493.97667,0.05
I-7678,O-3346,P-054,1,493.97667,0.2
I-7725,O-3368,P-054,1,493.97667,0.1
I-7728,O-3369,P-054,3,493.97667,0.15
I-7750,O-3377,P-054,1,493.97667,0.05
I-7766,O-3385,P-054,5,493.97667,0.1
I-8019,O-3494,P-054,1,493.97667,0.1
I-009,O-004,P-055,2,343.28767,0.2
I-021,O-008,P-055,2,343.28767,0.1
I-038,O-014,P-055,1,343.28767,0
I-179,O-075,P-055,3,343.28767,0.1
I-228,O-097,P-055,2,343.28767,0.1
I-333,O-140,P-055,1,343.28767,0.15
I-392,O-167,P-055,2,343.28767,0.15
I-615,O-263,P-055,1,343.28767,0
I-709,O-303,P-055,1,343.28767,0.15
I-715,O-308,P-055,1,343.28767,0.1
I-728,O-313,P-055,1,343.28767,0.15
I-729,O-314,P-055,2,343.28767,0.1
I-820,O-355,P-055,1,343.28767,0.05
I-924,O-398,P-055,2,343.28767,0.05
I-1028,O-447,P-055,3,343.28767,0
I-1086,O-469,P-055,3,343.28767,0.1
I-1135,O-491,P-055,1,343.28767,0.15
I-1138,O-492,P-055,1,343.28767,0.05
I-1331,O-572,P-055,1,343.28767,0.05
I-1395,O-600,P-055,3,343.28767,0
I-1626,O-700,P-055,2,343.28767,0
I-1699,O-733,P-055,1,343.28767,0.15
I-1744,O-754,P-055,1,343.28767,0.15
I-2042,O-886,P-055,5,343.28767,0.05
I-2129,O-923,P-055,1,343.28767,0.1
I-2199,O-955,P-055,1,343.28767,0.1
I-2209,O-959,P-055,2,343.28767,0
I-2266,O-989,P-055,2,343.28767,0.1
I-2283,O-998,P-055,1,343.28767,0
I-2302,O-1005,P-055,1,343.28767,0.1
I-2320,O-1013,P-055,3,343.28767,0.2
I-2511,O-1102,P-055,2,343.28767,0.2
I-2568,O-1125,P-055,1,343.28767,0
I-2659,O-1163,P-055,4,343.28767,0.05
I-2697,O-1180,P-055,2,343.28767,0.15
I-2791,O-1220,P-055,1,343.28767,0.05
I-2907,O-1273,P-055,1,343.28767,0.1
I-2943,O-1289,P-055,3,343.28767,0.05
I-3149,O-1374,P-055,2,343.28767,0.15
I-3187,O-1392,P-055,1,343.28767,0
I-3198,O-1397,P-055,2,343.28767,0
I-3269,O-1430,P-055,1,343.28767,0.15
I-3326,O-1454,P-055,3,343.28767,0.1
I-3375,O-1477,P-055,1,343.28767,0
I-3451,O-1512,P-055,2,343.28767,0.1
I-3519,O-1541,P-055,2,343.28767,0
I-3628,O-1591,P-055,1,343.28767,0
I-3710,O-1630,P-055,1,343.28767,0
I-3727,O-1637,P-055,3,343.28767,0
I-3794,O-1666,P-055,1,343.28767,0
I-3815,O-1675,P-055,2,343.28767,0
I-4037,O-1786,P-055,2,343.28767,0.15
I-4091,O-1810,P-055,1,343.28767,0.1
I-4153,O-1839,P-055,2,343.28767,0.05
I-4161,O-1842,P-055,2,343.28767,0.05
I-4202,O-1859,P-055,1,343.28767,0
I-4204,O-1861,P-055,1,343.28767,0
I-4228,O-1869,P-055,1,343.28767,0.1
I-4371,O-1931,P-055,1,343.28767,0
I-4385,O-1937,P-055,2,343.28767,0
I-4414,O-1950,P-055,1,343.28767,0
I-4551,O-2003,P-055,2,343.28767,0.05
I-4673,O-2053,P-055,1,343.28767,0.2
I-4785,O-2102,P-055,3,343.28767,0.1
I-4825,O-2120,P-055,1,343.28767,0.1
I-4969,O-2182,P-055,1,343.28767,0.2
I-5000,O-2195,P-055,1,343.28767,0.15
I-5025,O-2203,P-055,1,343.28767,0
I-5060,O-2217,P-055,1,343.28767,0.05
I-5068,O-2221,P-055,1,343.28767,0
I-5128,O-2249,P-055,2,343.28767,0
I-5186,O-2274,P-055,4,343.28767,0.05
I-5259,O-2307,P-055,5,343.28767,0.05
I-5395,O-2363,P-055,4,343.28767,0.05
I-5565,O-2435,P-055,2,343.28767,0
I-5750,O-2514,P-055,2,343.28767,0.1
I-5778,O-2526,P-055,1,343.28767,0.15
I-5815,O-2541,P-055,3,343.28767,0.05
I-5830,O-2547,P-055,2,343.28767,0.2
I-5987,O-2610,P-055,3,343.28767,0
I-6183,O-2693,P-055,2,343.28767,0.2
I-6216,O-2710,P-055,1,343.28767,0
I-6237,O-2719,P-055,1,343.28767,0.15
I-6315,O-2755,P-055,1,343.28767,0.2
I-6365,O-2777,P-055,1,343.28767,0.05
I-6382,O-2783,P-055,1,343.28767,0.05
I-6392,O-2786,P-055,2,343.28767,0.1
I-6450,O-2811,P-055,3,343.28767,0.15
I-6563,O-2861,P-055,3,343.28767,0
I-6623,O-2888,P-055,4,343.28767,0
I-6633,O-2892,P-055,1,343.28767,0
I-6716,O-2927,P-055,2,343.28767,0.1
I-6775,O-2951,P-055,1,343.28767,0.1
I-6819,O-2970,P-055,2,343.28767,0.05
I-6871,O-2994,P-055,3,343.28767,0.05
I-6875,O-2995,P-055,2,343.28767,0.1
I-6930,O-3018,P-055,1,343.28767,0.1
I-6977,O-3040,P-055,1,343.28767,0.1
I-7033,O-3063,P-055,3,343.28767,0.1
I-7154,O-3115,P-055,1,343.28767,0.05
I-7194,O-3131,P-055,2,343.28767,0
I-7239,O-3152,P-055,1,343.28767,0
I-7362,O-3207,P-055,3,343.28767,0
I-7380,O-3215,P-055,1,343.28767,0
I-7428,O-3237,P-055,1,343.28767,0.05
I-7507,O-3270,P-055,1,343.28767,0.2
I-7568,O-3298,P-055,1,343.28767,0
I-7593,O-3309,P-055,2,343.28767,0.15
I-7613,O-3318,P-055,2,343.28767,0.1
I-7662,O-3340,P-055,3,343.28767,0.1
I-7689,O-3351,P-055,1,343.28767,0.05
I-7747,O-3376,P-055,1,343.28767,0.1
I-7851,O-3422,P-055,1,343.28767,0.05
I-7930,O-3454,P-055,2,343.28767,0.05
I-7931,O-3455,P-055,1,343.28767,0
I-8021,O-3495,P-055,2,343.28767,0.2
I-147,O-062,P-056,2,326.304,0.1
I-251,O-106,P-056,1,326.304,0.15
I-264,O-112,P-056,4,326.304,0
I-550,O-236,P-056,3,326.304,0.05
I-585,O-250,P-056,3,326.304,0.15
I-686,O-292,P-056,2,326.304,0.2
I-770,O-335,P-056,3,326.304,0
I-1042,O-453,P-056,3,326.304,0
I-1159,O-500,P-056,2,326.304,0
I-1286,O-554,P-056,4,326.304,0
I-1306,O-561,P-056,2,326.304,0.1
I-1337,O-575,P-056,1,326.304,0.05
I-1442,O-619,P-056,2,326.304,0
I-1583,O-681,P-056,1,326.304,0.05
I-1600,O-688,P-056,2,326.304,0.05
I-1685,O-726,P-056,3,326.304,0.1
I-1694,O-730,P-056,1,326.304,0.1
I-1707,O-737,P-056,2,326.304,0.05
I-1724,O-744,P-056,1,326.304,0
I-1829,O-793,P-056,1,326.304,0.05
I-1920,O-835,P-056,1,326.304,0.05
I-2212,O-960,P-056,3,326.304,0.15
I-2247,O-981,P-056,3,326.304,0
I-2282,O-997,P-056,3,326.304,0.05
I-2521,O-1107,P-056,3,326.304,0.1
I-2583,O-1130,P-056,2,326.304,0
I-2608,O-1141,P-056,1,326.304,0.2
I-2688,O-1176,P-056,1,326.304,0
I-2704,O-1184,P-056,1,326.304,0.1
I-2782,O-1216,P-056,2,326.304,0
I-2786,O-1217,P-056,1,326.304,0
I-2802,O-1224,P-056,1,326.304,0
I-2866,O-1253,P-056,1,326.304,0.2
I-2960,O-1296,P-056,2,326.304,0.15
I-3039,O-1328,P-056,3,326.304,0.2
I-3052,O-1333,P-056,3,326.304,0
I-3078,O-1343,P-056,3,326.304,0.1
I-3432,O-1503,P-056,4,326.304,0.1
I-3436,O-1504,P-056,2,326.304,0
I-3448,O-1509,P-056,3,326.304,0.2
I-3526,O-1544,P-056,2,326.304,0.2
I-3584,O-1571,P-056,1,326.304,0.05
I-3649,O-1602,P-056,1,326.304,0.2
I-3721,O-1635,P-056,1,326.304,0.05
I-3738,O-1641,P-056,5,326.304,0.15
I-3742,O-1642,P-056,1,326.304,0
I-3976,O-1758,P-056,2,326.304,0.05
I-3997,O-1768,P-056,2,326.304,0.2
I-4068,O-1800,P-056,3,326.304,0.05
I-4158,O-1840,P-056,2,326.304,0
I-4220,O-1867,P-056,4,326.304,0
I-4355,O-1924,P-056,1,326.304,0
I-4365,O-1928,P-056,2,326.304,0.05
I-4389,O-1938,P-056,1,326.304,0.2
I-4517,O-1990,P-056,2,326.304,0.2
I-4540,O-1999,P-056,1,326.304,0.1
I-4827,O-2122,P-056,1,326.304,0.15
I-4853,O-2132,P-056,1,326.304,0.15
I-4857,O-2133,P-056,4,326.304,0
I-4983,O-2188,P-056,2,326.304,0
I-5086,O-2229,P-056,1,326.304,0
I-5106,O-2239,P-056,1,326.304,0
I-5256,O-2305,P-056,1,326.304,0
I-5285,O-2315,P-056,1,326.304,0.15
I-5336,O-2337,P-056,2,326.304,0.2
I-5337,O-2337,P-056,1,326.304,0.2
I-5408,O-2368,P-056,3,326.304,0.2
I-5451,O-2385,P-056,5,326.304,0.2
I-5488,O-2400,P-056,1,326.304,0
I-5506,O-2407,P-056,1,326.304,0.2
I-5512,O-2409,P-056,2,326.304,0
I-5557,O-2431,P-056,1,326.304,0
I-5594,O-2448,P-056,1,326.304,0.15
I-5615,O-2457,P-056,4,326.304,0.1
I-5650,O-2473,P-056,3,326.304,0.1
I-5652,O-2473,P-056,1,326.304,0.1
I-5697,O-2492,P-056,2,326.304,0.1
I-5807,O-2537,P-056,4,326.304,0
I-5861,O-2560,P-056,3,326.304,0.05
I-5921,O-2584,P-056,2,326.304,0.05
I-5925,O-2585,P-056,2,326.304,0.1
I-5951,O-2595,P-056,1,326.304,0
I-5953,O-2596,P-056,1,326.304,0.1
I-5983,O-2609,P-056,2,326.304,0
I-6027,O-2625,P-056,1,326.304,0.1
I-6101,O-2661,P-056,2,326.304,0.2
I-6105,O-2663,P-056,3,326.304,0.1
I-6287,O-2742,P-056,4,326.304,0.15
I-6347,O-2767,P-056,1,326.304,0.05
I-6369,O-2779,P-056,1,326.304,0.2
I-6415,O-2795,P-056,1,326.304,0.2
I-6448,O-2809,P-056,1,326.304,0.2
I-6472,O-2820,P-056,1,326.304,0.2
I-6526,O-2844,P-056,2,326.304,0.15
I-6611,O-2883,P-056,4,326.304,0.1
I-6653,O-2900,P-056,1,326.304,0
I-6695,O-2919,P-056,1,326.304,0.05
I-6753,O-2942,P-056,4,326.304,0.2
I-6894,O-3004,P-056,1,326.304,0
I-6956,O-3030,P-056,1,326.304,0.15
I-6990,O-3047,P-056,1,326.304,0.2
I-7085,O-3085,P-056,1,326.304,0.15
I-7092,O-3089,P-056,4,326.304,0
I-7206,O-3138,P-056,2,326.304,0.05
I-7218,O-3143,P-056,2,326.304,0
I-7318,O-3190,P-056,2,326.304,0.05
I-7328,O-3195,P-056,2,326.304,0
I-7395,O-3222,P-056,1,326.304,0
I-7445,O-3245,P-056,1,326.304,0
I-7450,O-3247,P-056,1,326.304,0.1
I-7571,O-3299,P-056,1,326.304,0.1
I-7621,O-3321,P-056,3,326.304,0.05
I-7916,O-3448,P-056,1,326.304,0
I-7928,O-3454,P-056,2,326.304,0.15
I-7977,O-3477,P-056,2,326.304,0.05
I-8008,O-3490,P-056,3,326.304,0
I-060,O-024,P-057,3,125.763,0
I-115,O-046,P-057,4,125.763,0.05
I-117,O-047,P-057,2,125.763,0.05
I-177,O-074,P-057,1,125.763,0.15
I-238,O-100,P-057,3,125.763,0.05
I-294,O-124,P-057,1,125.763,0.1
I-378,O-162,P-057,2,125.763,0
I-403,O-172,P-057,1,125.763,0.05
I-537,O-230,P-057,4,125.763,0.05
I-707,O-302,P-057,2,125.763,0.1
I-724,O-312,P-057,1,125.763,0
I-726,O-312,P-057,2,125.763,0
I-732,O-315,P-057,2,125.763,0
I-757,O-327,P-057,1,125.763,0.1
I-785,O-340,P-057,2,125.763,0
I-859,O-368,P-057,2,125.763,0
I-868,O-371,P-057,1,125.763,0
I-937,O-405,P-057,1,125.763,0.1
I-1009,O-436,P-057,2,125.763,0.1
I-1051,O-456,P-057,1,125.763,0.05
I-1085,O-469,P-057,3,125.763,0.15
I-1116,O-481,P-057,1,125.763,0.1
I-1124,O-485,P-057,3,125.763,0.05
I-1175,O-507,P-057,3,125.763,0.15
I-1280,O-552,P-057,3,125.763,0.05
I-1284,O-553,P-057,4,125.763,0.05
I-1317,O-566,P-057,3,125.763,0.05
I-1405,O-605,P-057,3,125.763,0.2
I-1436,O-615,P-057,2,125.763,0.1
I-1485,O-636,P-057,2,125.763,0.05
I-1538,O-663,P-057,2,125.763,0.05
I-1646,O-709,P-057,1,125.763,0.05
I-1722,O-743,P-057,1,125.763,0.2
I-1853,O-802,P-057,1,125.763,0.1
I-1979,O-860,P-057,3,125.763,0.15
I-1989,O-865,P-057,1,125.763,0.1
I-2065,O-895,P-057,2,125.763,0
I-2125,O-921,P-057,2,125.763,0
I-2219,O-965,P-057,1,125.763,0.1
I-2226,O-969,P-057,1,125.763,0
I-2239,O-977,P-057,1,125.763,0.05
I-2388,O-1044,P-057,1,125.763,0.05
I-2476,O-1084,P-057,3,125.763,0
I-2579,O-1129,P-057,1,125.763,0.05
I-2606,O-1140,P-057,1,125.763,0
I-2664,O-1165,P-057,2,125.763,0.1
I-2736,O-1195,P-057,1,125.763,0.2
I-2799,O-1223,P-057,1,125.763,0.05
I-2844,O-1242,P-057,3,125.763,0.05
I-3079,O-1343,P-057,2,125.763,0.1
I-3135,O-1367,P-057,2,125.763,0.2
I-3230,O-1413,P-057,1,125.763,0.05
I-3420,O-1497,P-057,3,125.763,0.2
I-3471,O-1519,P-057,1,125.763,0
I-3579,O-1569,P-057,1,125.763,0
I-3707,O-1628,P-057,3,125.763,0.1
I-3729,O-1638,P-057,1,125.763,0.1
I-3772,O-1655,P-057,1,125.763,0.05
I-3793,O-1666,P-057,1,125.763,0.1
I-3826,O-1682,P-057,1,125.763,0
I-3854,O-1696,P-057,4,125.763,0.1
I-3898,O-1718,P-057,4,125.763,0
I-3913,O-1723,P-057,2,125.763,0
I-3967,O-1754,P-057,2,125.763,0.05
I-4329,O-1913,P-057,2,125.763,0
I-4433,O-1957,P-057,2,125.763,0
I-4552,O-2003,P-057,1,125.763,0.1
I-4657,O-2045,P-057,1,125.763,0
I-4963,O-2181,P-057,1,125.763,0
I-5050,O-2213,P-057,1,125.763,0.05
I-5087,O-2230,P-057,2,125.763,0.2
I-5152,O-2260,P-057,4,125.763,0
I-5297,O-2320,P-057,3,125.763,0
I-5415,O-2370,P-057,1,125.763,0.05
I-5420,O-2373,P-057,1,125.763,0
I-5435,O-2381,P-057,1,125.763,0.05
I-5503,O-2405,P-057,1,125.763,0.1
I-5579,O-2440,P-057,1,125.763,0
I-5651,O-2473,P-057,1,125.763,0.05
I-5722,O-2502,P-057,1,125.763,0
I-5772,O-2525,P-057,2,125.763,0
I-5787,O-2530,P-057,1,125.763,0.1
I-5909,O-2577,P-057,5,125.763,0
I-5954,O-2596,P-057,5,125.763,0
I-5991,O-2612,P-057,3,125.763,0.1
I-6093,O-2655,P-057,1,125.763,0
I-6119,O-2669,P-057,4,125.763,0.1
I-6181,O-2692,P-057,1,125.763,0
I-6264,O-2732,P-057,1,125.763,0
I-6351,O-2770,P-057,1,125.763,0.1
I-6370,O-2780,P-057,1,125.763,0.05
I-6443,O-2807,P-057,1,125.763,0.1
I-6495,O-2829,P-057,1,125.763,0.05
I-6531,O-2846,P-057,1,125.763,0.1
I-6625,O-2889,P-057,1,125.763,0.2
I-6655,O-2901,P-057,2,125.763,0
I-6693,O-2917,P-057,2,125.763,0
I-6752,O-2941,P-057,3,125.763,0
I-6863,O-2990,P-057,3,125.763,0.05
I-6881,O-2997,P-057,2,125.763,0.1
I-6910,O-3011,P-057,3,125.763,0
I-6979,O-3042,P-057,1,125.763,0.15
I-6991,O-3047,P-057,3,125.763,0.05
I-7030,O-3062,P-057,4,125.763,0.05
I-7050,O-3071,P-057,3,125.763,0.05
I-7234,O-3150,P-057,2,125.763,0
I-7244,O-3154,P-057,2,125.763,0.15
I-7385,O-3217,P-057,5,125.763,0
I-7558,O-3291,P-057,4,125.763,0.15
I-7742,O-3374,P-057,1,125.763,0.1
I-7842,O-3417,P-057,2,125.763,0.2
I-027,O-011,P-058,1,271.90867,0
I-037,O-014,P-058,2,271.90867,0.2
I-050,O-020,P-058,1,271.90867,0.15
I-076,O-031,P-058,2,271.90867,0
I-178,O-074,P-058,2,271.90867,0.05
I-302,O-126,P-058,5,271.90867,0
I-438,O-186,P-058,2,271.90867,0.1
I-484,O-207,P-058,3,271.90867,0.05
I-630,O-268,P-058,1,271.90867,0.1
I-689,O-293,P-058,4,271.90867,0
I-848,O-364,P-058,2,271.90867,0.15
I-912,O-392,P-058,1,271.90867,0.1
I-1338,O-575,P-058,4,271.90867,0
I-1451,O-622,P-058,3,271.90867,0.15
I-1466,O-628,P-058,5,271.90867,0.15
I-1560,O-671,P-058,1,271.90867,0.05
I-1641,O-707,P-058,1,271.90867,0.2
I-1658,O-715,P-058,1,271.90867,0.05
I-1866,O-807,P-058,1,271.90867,0
I-1876,O-811,P-058,3,271.90867,0
I-1891,O-820,P-058,1,271.90867,0.15
I-2154,O-934,P-058,3,271.90867,0.1
I-2207,O-959,P-058,2,271.90867,0.2
I-2656,O-1161,P-058,5,271.90867,0.1
I-2898,O-1269,P-058,1,271.90867,0.15
I-3018,O-1319,P-058,1,271.90867,0.1
I-3019,O-1319,P-058,1,271.90867,0.05
I-3197,O-1396,P-058,1,271.90867,0
I-3240,O-1417,P-058,2,271.90867,0
I-3268,O-1429,P-058,2,271.90867,0
I-3329,O-1456,P-058,1,271.90867,0.05
I-3331,O-1457,P-058,1,271.90867,0.05
I-3538,O-1549,P-058,4,271.90867,0.05
I-3744,O-1643,P-058,1,271.90867,0.1
I-3847,O-1692,P-058,1,271.90867,0.05
I-3911,O-1722,P-058,1,271.90867,0.1
I-4033,O-1784,P-058,1,271.90867,0.2
I-4065,O-1799,P-058,3,271.90867,0.15
I-4232,O-1871,P-058,2,271.90867,0.15
I-4290,O-1898,P-058,1,271.90867,0.1
I-4293,O-1899,P-058,3,271.90867,0.15
I-4395,O-1940,P-058,5,271.90867,0.1
I-4793,O-2107,P-058,3,271.90867,0
I-5124,O-2247,P-058,2,271.90867,0.2
I-5258,O-2307,P-058,2,271.90867,0.1
I-5292,O-2318,P-058,1,271.90867,0.1
I-5301,O-2321,P-058,1,271.90867,0.1
I-5453,O-2386,P-058,3,271.90867,0.1
I-5492,O-2402,P-058,1,271.90867,0.1
I-5525,O-2415,P-058,1,271.90867,0.05
I-5568,O-2437,P-058,2,271.90867,0.1
I-5569,O-2437,P-058,2,271.90867,0.05
I-5622,O-2460,P-058,1,271.90867,0.05
I-5659,O-2476,P-058,3,271.90867,0
I-5700,O-2493,P-058,1,271.90867,0.15
I-5725,O-2502,P-058,2,271.90867,0.05
I-5828,O-2545,P-058,2,271.90867,0
I-5916,O-2581,P-058,1,271.90867,0.1
I-6047,O-2634,P-058,4,271.90867,0.1
I-6061,O-2642,P-058,1,271.90867,0
I-6084,O-2650,P-058,1,271.90867,0.05
I-6116,O-2668,P-058,1,271.90867,0
I-6193,O-2699,P-058,2,271.90867,0.1
I-6220,O-2712,P-058,1,271.90867,0
I-6279,O-2739,P-058,4,271.90867,0.05
I-6304,O-2750,P-058,2,271.90867,0.05
I-6367,O-2778,P-058,1,271.90867,0
I-6435,O-2804,P-058,3,271.90867,0
I-6596,O-2878,P-058,1,271.90867,0.1
I-6614,O-2884,P-058,2,271.90867,0.2
I-6670,O-2907,P-058,3,271.90867,0
I-6795,O-2961,P-058,2,271.90867,0.05
I-6833,O-2977,P-058,3,271.90867,0
I-6932,O-3020,P-058,3,271.90867,0.2
I-6954,O-3029,P-058,2,271.90867,0.05
I-7059,O-3074,P-058,3,271.90867,0.1
I-7091,O-3088,P-058,2,271.90867,0.1
I-7093,O-3090,P-058,2,271.90867,0.1
I-7114,O-3098,P-058,3,271.90867,0.15
I-7153,O-3115,P-058,1,271.90867,0.1
I-7523,O-3276,P-058,3,271.90867,0
I-7587,O-3307,P-058,2,271.90867,0.05
I-7602,O-3313,P-058,4,271.90867,0.2
I-7633,O-3327,P-058,2,271.90867,0.1
I-7648,O-3334,P-058,1,271.90867,0.2
I-7720,O-3366,P-058,1,271.90867,0
I-7727,O-3368,P-058,2,271.90867,0.1
I-103,O-042,P-059,1,90.62867,0.15
I-120,O-050,P-059,3,90.62867,0.1
I-192,O-081,P-059,4,90.62867,0.1
I-197,O-083,P-059,3,90.62867,0.05
I-316,O-133,P-059,4,90.62867,0.15
I-494,O-212,P-059,1,90.62867,0.15
I-594,O-254,P-059,1,90.62867,0.1
I-636,O-271,P-059,4,90.62867,0
I-673,O-286,P-059,2,90.62867,0.05
I-823,O-356,P-059,1,90.62867,0.1
I-840,O-362,P-059,1,90.62867,0.1
I-869,O-372,P-059,2,90.62867,0
I-1037,O-450,P-059,2,90.62867,0
I-1074,O-465,P-059,1,90.62867,0
I-1137,O-492,P-059,2,90.62867,0
I-1218,O-526,P-059,1,90.62867,0.1
I-1257,O-544,P-059,1,90.62867,0.05
I-1264,O-546,P-059,3,90.62867,0.1
I-1304,O-560,P-059,3,90.62867,0.2
I-1402,O-603,P-059,2,90.62867,0
I-1582,O-681,P-059,2,90.62867,0.1
I-1980,O-861,P-059,1,90.62867,0.1
I-1981,O-861,P-059,1,90.62867,0.2
I-2046,O-888,P-059,4,90.62867,0.05
I-2111,O-914,P-059,2,90.62867,0.1
I-2141,O-927,P-059,2,90.62867,0
I-2410,O-1053,P-059,2,90.62867,0.2
I-2544,O-1115,P-059,2,90.62867,0.1
I-2555,O-1119,P-059,1,90.62867,0.1
I-2607,O-1141,P-059,1,90.62867,0.05
I-2620,O-1147,P-059,3,90.62867,0
I-2733,O-1195,P-059,1,90.62867,0.05
I-2741,O-1199,P-059,4,90.62867,0.1
I-2758,O-1206,P-059,4,90.62867,0.1
I-2823,O-1234,P-059,1,90.62867,0
I-2851,O-1245,P-059,1,90.62867,0.05
I-2890,O-1265,P-059,3,90.62867,0.1
I-2902,O-1271,P-059,1,90.62867,0.05
I-2926,O-1282,P-059,2,90.62867,0
I-2927,O-1282,P-059,4,90.62867,0.15
I-2981,O-1304,P-059,3,90.62867,0.05
I-2985,O-1305,P-059,4,90.62867,0.2
I-3024,O-1322,P-059,1,90.62867,0.2
I-3058,O-1335,P-059,3,90.62867,0.1
I-3194,O-1395,P-059,1,90.62867,0.1
I-3430,O-1502,P-059,1,90.62867,0.2
I-3504,O-1534,P-059,1,90.62867,0
I-3510,O-1536,P-059,2,90.62867,0.1
I-3524,O-1543,P-059,1,90.62867,0.1
I-3646,O-1600,P-059,1,90.62867,0.15
I-3650,O-1602,P-059,1,90.62867,0.2
I-3659,O-1605,P-059,1,90.62867,0
I-3665,O-1609,P-059,2,90.62867,0
I-3906,O-1721,P-059,2,90.62867,0.1
I-4058,O-1795,P-059,4,90.62867,0.2
I-4175,O-1848,P-059,1,90.62867,0.2
I-4256,O-1883,P-059,2,90.62867,0
I-4272,O-1891,P-059,1,90.62867,0
I-4366,O-1928,P-059,1,90.62867,0
I-4379,O-1935,P-059,3,90.62867,0.15
I-4454,O-1965,P-059,1,90.62867,0
I-4471,O-1972,P-059,3,90.62867,0.1
I-4502,O-1985,P-059,1,90.62867,0
I-4574,O-2014,P-059,1,90.62867,0.2
I-4640,O-2039,P-059,3,90.62867,0.05
I-4696,O-2063,P-059,1,90.62867,0
I-4701,O-2065,P-059,1,90.62867,0.15
I-4703,O-2066,P-059,1,90.62867,0
I-4707,O-2067,P-059,2,90.62867,0.1
I-4787,O-2104,P-059,1,90.62867,0.15
I-4839,O-2126,P-059,1,90.62867,0
I-4899,O-2152,P-059,3,90.62867,0
I-4977,O-2185,P-059,4,90.62867,0
I-5042,O-2209,P-059,1,90.62867,0.1
I-5064,O-2220,P-059,1,90.62867,0.2
I-5105,O-2239,P-059,1,90.62867,0.2
I-5140,O-2255,P-059,2,90.62867,0
I-5233,O-2294,P-059,2,90.62867,0.05
I-5295,O-2319,P-059,4,90.62867,0.05
I-5333,O-2335,P-059,1,90.62867,0.05
I-5763,O-2521,P-059,2,90.62867,0.2
I-5767,O-2522,P-059,1,90.62867,0
I-5769,O-2523,P-059,2,90.62867,0.05
I-5946,O-2593,P-059,1,90.62867,0.15
I-5973,O-2604,P-059,4,90.62867,0.15
I-5981,O-2607,P-059,3,90.62867,0.15
I-6009,O-2618,P-059,1,90.62867,0.05
I-6015,O-2620,P-059,2,90.62867,0
I-6043,O-2632,P-059,2,90.62867,0.05
I-6075,O-2647,P-059,2,90.62867,0
I-6121,O-2670,P-059,1,90.62867,0.2
I-6152,O-2682,P-059,1,90.62867,0.1
I-6153,O-2682,P-059,1,90.62867,0.15
I-6307,O-2751,P-059,1,90.62867,0
I-6361,O-2775,P-059,3,90.62867,0.2
I-6410,O-2793,P-059,1,90.62867,0
I-6634,O-2893,P-059,2,90.62867,0
I-6687,O-2915,P-059,2,90.62867,0
I-6708,O-2924,P-059,1,90.62867,0.15
I-6757,O-2943,P-059,3,90.62867,0.2
I-6810,O-2967,P-059,1,90.62867,0
I-6835,O-2978,P-059,3,90.62867,0
I-6848,O-2984,P-059,3,90.62867,0.2
I-7190,O-3129,P-059,2,90.62867,0
I-7202,O-3137,P-059,1,90.62867,0
I-7241,O-3153,P-059,3,90.62867,0
I-7349,O-3204,P-059,2,90.62867,0.15
I-7370,O-3210,P-059,3,90.62867,0.05
I-7927,O-3453,P-059,3,90.62867,0
I-7952,O-3466,P-059,1,90.62867,0
I-7998,O-3487,P-059,1,90.62867,0
I-093,O-037,P-060,1,172.20467,0.15
I-122,O-050,P-060,1,172.20467,0
I-207,O-087,P-060,1,172.20467,0.05
I-241,O-101,P-060,3,172.20467,0.1
I-300,O-126,P-060,2,172.20467,0
I-340,O-143,P-060,1,172.20467,0
I-396,O-169,P-060,1,172.20467,0.05
I-434,O-185,P-060,1,172.20467,0.1
I-511,O-219,P-060,3,172.20467,0.1
I-543,O-232,P-060,2,172.20467,0.15
I-624,O-266,P-060,2,172.20467,0.05
I-632,O-269,P-060,2,172.20467,0
I-651,O-278,P-060,1,172.20467,0.15
I-884,O-379,P-060,2,172.20467,0
I-999,O-433,P-060,3,172.20467,0
I-1008,O-436,P-060,1,172.20467,0.1
I-1066,O-462,P-060,3,172.20467,0.1
I-1080,O-467,P-060,1,172.20467,0.15
I-1128,O-487,P-060,2,172.20467,0
I-1145,O-494,P-060,1,172.20467,0.2
I-1230,O-532,P-060,2,172.20467,0.1
I-1242,O-538,P-060,1,172.20467,0.1
I-1328,O-571,P-060,3,172.20467,0.1
I-1345,O-581,P-060,4,172.20467,0.1
I-1450,O-622,P-060,2,172.20467,0.05
I-1472,O-631,P-060,4,172.20467,0.1
I-1514,O-651,P-060,1,172.20467,0
I-1618,O-696,P-060,1,172.20467,0.1
I-1684,O-725,P-060,1,172.20467,0.2
I-1776,O-771,P-060,3,172.20467,0.1
I-2108,O-913,P-060,1,172.20467,0
I-2115,O-917,P-060,1,172.20467,0
I-2157,O-936,P-060,2,172.20467,0.15
I-2162,O-940,P-060,2,172.20467,0.1
I-2211,O-960,P-060,3,172.20467,0
I-2218,O-965,P-060,1,172.20467,0
I-2297,O-1003,P-060,1,172.20467,0.05
I-2350,O-1025,P-060,2,172.20467,0.2
I-2414,O-1055,P-060,2,172.20467,0.2
I-2674,O-1170,P-060,1,172.20467,0.05
I-2828,O-1236,P-060,2,172.20467,0.15
I-2835,O-1238,P-060,2,172.20467,0.1
I-2891,O-1265,P-060,1,172.20467,0
I-3017,O-1318,P-060,2,172.20467,0
I-3061,O-1337,P-060,2,172.20467,0.2
I-3143,O-1372,P-060,2,172.20467,0
I-3189,O-1392,P-060,1,172.20467,0.05
I-3237,O-1415,P-060,1,172.20467,0
I-3279,O-1435,P-060,1,172.20467,0.1
I-3322,O-1452,P-060,1,172.20467,0.2
I-3349,O-1465,P-060,1,172.20467,0.15
I-3494,O-1530,P-060,2,172.20467,0.05
I-3635,O-1594,P-060,2,172.20467,0.15
I-3676,O-1614,P-060,5,172.20467,0.15
I-3859,O-1699,P-060,1,172.20467,0.2
I-4035,O-1785,P-060,2,172.20467,0.05
I-4051,O-1791,P-060,2,172.20467,0
I-4055,O-1794,P-060,4,172.20467,0
I-4083,O-1807,P-060,2,172.20467,0.05
I-4120,O-1821,P-060,3,172.20467,0.05
I-4413,O-1950,P-060,3,172.20467,0.05
I-4568,O-2011,P-060,3,172.20467,0
I-4613,O-2029,P-060,3,172.20467,0.2
I-4621,O-2031,P-060,3,172.20467,0.15
I-4672,O-2053,P-060,1,172.20467,0.1
I-4766,O-2094,P-060,2,172.20467,0.15
I-4800,O-2110,P-060,2,172.20467,0.05
I-4880,O-2144,P-060,2,172.20467,0.1
I-4886,O-2147,P-060,1,172.20467,0.1
I-4910,O-2157,P-060,1,172.20467,0.05
I-4958,O-2178,P-060,5,172.20467,0.2
I-4959,O-2179,P-060,1,172.20467,0.2
I-5033,O-2206,P-060,1,172.20467,0
I-5038,O-2207,P-060,3,172.20467,0
I-5134,O-2251,P-060,2,172.20467,0.05
I-5154,O-2261,P-060,1,172.20467,0.1
I-5272,O-2311,P-060,2,172.20467,0.05
I-5472,O-2393,P-060,2,172.20467,0
I-5513,O-2410,P-060,2,172.20467,0
I-5530,O-2418,P-060,1,172.20467,0.05
I-5536,O-2421,P-060,1,172.20467,0
I-5687,O-2488,P-060,1,172.20467,0.05
I-5743,O-2510,P-060,2,172.20467,0.1
I-5773,O-2525,P-060,1,172.20467,0.1
I-5962,O-2599,P-060,2,172.20467,0.05
I-6020,O-2622,P-060,1,172.20467,0.1
I-6030,O-2626,P-060,1,172.20467,0
I-6142,O-2679,P-060,1,172.20467,0
I-6207,O-2706,P-060,3,172.20467,0.1
I-6228,O-2715,P-060,3,172.20467,0.1
I-6342,O-2766,P-060,1,172.20467,0.15
I-6568,O-2864,P-060,1,172.20467,0.2
I-6587,O-2873,P-060,1,172.20467,0.1
I-6662,O-2904,P-060,5,172.20467,0
I-6776,O-2952,P-060,2,172.20467,0
I-6817,O-2969,P-060,4,172.20467,0.15
I-6878,O-2996,P-060,1,172.20467,0.2
I-6937,O-3022,P-060,1,172.20467,0.2
I-6962,O-3033,P-060,2,172.20467,0.2
I-6970,O-3037,P-060,1,172.20467,0
I-7040,O-3066,P-060,3,172.20467,0.05
I-7066,O-3076,P-060,1,172.20467,0
I-7096,O-3091,P-060,1,172.20467,0.2
I-7101,O-3093,P-060,2,172.20467,0.1
I-7262,O-3160,P-060,2,172.20467,0.15
I-7437,O-3240,P-060,3,172.20467,0.05
I-7541,O-3284,P-060,1,172.20467,0
I-7731,O-3370,P-060,5,172.20467,0.15
I-7811,O-3405,P-060,2,172.20467,0.2
I-7857,O-3425,P-060,2,172.20467,0
I-7909,O-3445,P-060,1,172.20467,0.15
I-7946,O-3462,P-060,2,172.20467,0.1
I-006,O-003,P-061,1,232.25367,0.1
I-113,O-045,P-061,3,232.25367,0.2
I-129,O-053,P-061,2,232.25367,0.1
I-157,O-065,P-061,1,232.25367,0.2
I-174,O-073,P-061,2,232.25367,0.15
I-193,O-081,P-061,2,232.25367,0
I-292,O-123,P-061,3,232.25367,0
I-336,O-141,P-061,1,232.25367,0
I-401,O-171,P-061,1,232.25367,0.2
I-417,O-177,P-061,1,232.25367,0.15
I-425,O-181,P-061,1,232.25367,0
I-435,O-185,P-061,3,232.25367,0.15
I-502,O-216,P-061,2,232.25367,0
I-821,O-356,P-061,1,232.25367,0
I-932,O-402,P-061,5,232.25367,0
I-944,O-407,P-061,2,232.25367,0
I-1020,O-442,P-061,3,232.25367,0
I-1143,O-494,P-061,1,232.25367,0.1
I-1229,O-532,P-061,2,232.25367,0
I-1401,O-603,P-061,2,232.25367,0.2
I-1471,O-630,P-061,1,232.25367,0
I-1495,O-643,P-061,3,232.25367,0.05
I-1567,O-674,P-061,4,232.25367,0.05
I-1608,O-692,P-061,3,232.25367,0.15
I-1716,O-741,P-061,2,232.25367,0.2
I-1728,O-746,P-061,2,232.25367,0.15
I-1848,O-800,P-061,1,232.25367,0
I-1914,O-832,P-061,1,232.25367,0.1
I-1931,O-838,P-061,1,232.25367,0.15
I-2104,O-912,P-061,2,232.25367,0
I-2445,O-1072,P-061,3,232.25367,0
I-2640,O-1154,P-061,2,232.25367,0.2
I-2662,O-1164,P-061,1,232.25367,0.1
I-2679,O-1172,P-061,1,232.25367,0
I-2710,O-1186,P-061,4,232.25367,0.1
I-2871,O-1256,P-061,3,232.25367,0.15
I-2949,O-1292,P-061,1,232.25367,0
I-2965,O-1298,P-061,1,232.25367,0.15
I-3137,O-1369,P-061,3,232.25367,0.05
I-3180,O-1389,P-061,2,232.25367,0
I-3209,O-1400,P-061,2,232.25367,0.05
I-3210,O-1401,P-061,3,232.25367,0.05
I-3336,O-1459,P-061,1,232.25367,0.2
I-3405,O-1490,P-061,1,232.25367,0.15
I-3467,O-1517,P-061,1,232.25367,0
I-3474,O-1520,P-061,3,232.25367,0.2
I-3479,O-1523,P-061,1,232.25367,0.15
I-3585,O-1571,P-061,2,232.25367,0
I-3627,O-1590,P-061,1,232.25367,0.05
I-3796,O-1668,P-061,2,232.25367,0.1
I-3821,O-1679,P-061,3,232.25367,0
I-3883,O-1710,P-061,4,232.25367,0
I-3989,O-1764,P-061,2,232.25367,0.15
I-4066,O-1799,P-061,4,232.25367,0.1
I-4151,O-1837,P-061,4,232.25367,0.1
I-4200,O-1859,P-061,3,232.25367,0.15
I-4217,O-1865,P-061,2,232.25367,0
I-4254,O-1883,P-061,1,232.25367,0.1
I-4309,O-1906,P-061,1,232.25367,0.1
I-4325,O-1912,P-061,2,232.25367,0.15
I-4348,O-1921,P-061,3,232.25367,0
I-4473,O-1973,P-061,3,232.25367,0.15
I-4478,O-1976,P-061,5,232.25367,0
I-4485,O-1978,P-061,1,232.25367,0.15
I-4546,O-2001,P-061,3,232.25367,0
I-4560,O-2007,P-061,1,232.25367,0.15
I-4850,O-2131,P-061,2,232.25367,0
I-4917,O-2161,P-061,3,232.25367,0.15
I-5049,O-2212,P-061,2,232.25367,0
I-5159,O-2263,P-061,1,232.25367,0.05
I-5200,O-2280,P-061,2,232.25367,0
I-5209,O-2285,P-061,5,232.25367,0.1
I-5220,O-2289,P-061,2,232.25367,0.15
I-5309,O-2323,P-061,2,232.25367,0.15
I-5398,O-2364,P-061,3,232.25367,0.1
I-5553,O-2428,P-061,1,232.25367,0.2
I-5716,O-2499,P-061,4,232.25367,0.2
I-5780,O-2527,P-061,3,232.25367,0.15
I-5801,O-2535,P-061,1,232.25367,0.2
I-5809,O-2538,P-061,3,232.25367,0
I-5968,O-2601,P-061,4,232.25367,0.15
I-6022,O-2623,P-061,2,232.25367,0.05
I-6281,O-2740,P-061,2,232.25367,0
I-6311,O-2752,P-061,1,232.25367,0
I-6330,O-2760,P-061,1,232.25367,0.05
I-6541,O-2851,P-061,1,232.25367,0.2
I-6590,O-2874,P-061,1,232.25367,0.1
I-6609,O-2882,P-061,2,232.25367,0.1
I-6707,O-2923,P-061,2,232.25367,0.05
I-6722,O-2929,P-061,2,232.25367,0
I-6759,O-2944,P-061,2,232.25367,0.15
I-6913,O-3012,P-061,1,232.25367,0.2
I-6983,O-3044,P-061,1,232.25367,0
I-7017,O-3057,P-061,2,232.25367,0.1
I-7026,O-3060,P-061,2,232.25367,0.05
I-7053,O-3072,P-061,2,232.25367,0
I-7163,O-3119,P-061,1,232.25367,0
I-7168,O-3121,P-061,3,232.25367,0.2
I-7183,O-3127,P-061,1,232.25367,0.2
I-7199,O-3134,P-061,4,232.25367,0.2
I-7291,O-3177,P-061,3,232.25367,0.1
I-7348,O-3203,P-061,1,232.25367,0
I-7376,O-3213,P-061,1,232.25367,0.2
I-7555,O-3290,P-061,2,232.25367,0.1
I-7561,O-3294,P-061,2,232.25367,0.2
I-7583,O-3305,P-061,3,232.25367,0
I-7627,O-3323,P-061,1,232.25367,0.15
I-7692,O-3353,P-061,2,232.25367,0
I-7744,O-3375,P-061,4,232.25367,0.1
I-7835,O-3415,P-061,2,232.25367,0.15
I-7889,O-3437,P-061,5,232.25367,0
I-7900,O-3442,P-061,2,232.25367,0.2
I-8032,O-3499,P-061,1,232.25367,0.1
I-077,O-032,P-062,1,226.6,0.1
I-231,O-098,P-062,4,226.6,0.05
I-343,O-144,P-062,2,226.6,0.1
I-375,O-160,P-062,2,226.6,0
I-409,O-173,P-062,2,226.6,0.15
I-413,O-175,P-062,2,226.6,0.15
I-471,O-200,P-062,1,226.6,0.1
I-512,O-219,P-062,1,226.6,0
I-556,O-239,P-062,1,226.6,0.1
I-611,O-261,P-062,1,226.6,0
I-683,O-291,P-062,1,226.6,0
I-771,O-335,P-062,1,226.6,0.15
I-775,O-336,P-062,3,226.6,0.2
I-1088,O-470,P-062,1,226.6,0.1
I-1121,O-484,P-062,2,226.6,0
I-1283,O-553,P-062,2,226.6,0.05
I-1295,O-558,P-062,1,226.6,0.2
I-1356,O-585,P-062,1,226.6,0.15
I-1419,O-609,P-062,1,226.6,0.15
I-1487,O-638,P-062,3,226.6,0.05
I-1502,O-646,P-062,1,226.6,0.1
I-1561,O-672,P-062,1,226.6,0.05
I-1594,O-686,P-062,2,226.6,0.1
I-1700,O-734,P-062,4,226.6,0
I-1708,O-737,P-062,1,226.6,0.2
I-1714,O-740,P-062,1,226.6,0.05
I-1767,O-767,P-062,2,226.6,0
I-1781,O-773,P-062,2,226.6,0.15
I-1833,O-795,P-062,1,226.6,0.2
I-1847,O-799,P-062,1,226.6,0
I-2002,O-869,P-062,3,226.6,0.15
I-2006,O-871,P-062,1,226.6,0.2
I-2143,O-928,P-062,3,226.6,0
I-2276,O-994,P-062,1,226.6,0
I-2308,O-1007,P-062,1,226.6,0.05
I-2565,O-1124,P-062,4,226.6,0.1
I-2669,O-1168,P-062,1,226.6,0
I-2696,O-1180,P-062,2,226.6,0.1
I-2700,O-1182,P-062,2,226.6,0
I-2822,O-1233,P-062,3,226.6,0.15
I-2831,O-1237,P-062,3,226.6,0.1
I-2919,O-1280,P-062,2,226.6,0
I-3191,O-1393,P-062,1,226.6,0
I-3216,O-1405,P-062,1,226.6,0
I-3291,O-1440,P-062,1,226.6,0.15
I-3363,O-1471,P-062,3,226.6,0.15
I-3463,O-1516,P-062,5,226.6,0
I-3643,O-1598,P-062,1,226.6,0.2
I-3701,O-1626,P-062,2,226.6,0.1
I-3769,O-1654,P-062,2,226.6,0.2
I-3856,O-1697,P-062,3,226.6,0.15
I-3897,O-1718,P-062,1,226.6,0.1
I-4044,O-1789,P-062,2,226.6,0
I-4047,O-1790,P-062,1,226.6,0.1
I-4222,O-1868,P-062,1,226.6,0
I-4252,O-1881,P-062,1,226.6,0
I-4316,O-1908,P-062,1,226.6,0.05
I-4330,O-1914,P-062,3,226.6,0
I-4358,O-1926,P-062,2,226.6,0.15
I-4435,O-1958,P-062,2,226.6,0.1
I-4449,O-1963,P-062,2,226.6,0
I-4457,O-1967,P-062,5,226.6,0.1
I-4512,O-1989,P-062,1,226.6,0.1
I-4523,O-1993,P-062,4,226.6,0
I-4561,O-2008,P-062,2,226.6,0.05
I-4580,O-2016,P-062,1,226.6,0.05
I-4590,O-2020,P-062,2,226.6,0
I-4634,O-2037,P-062,3,226.6,0.2
I-4713,O-2070,P-062,3,226.6,0.1
I-4715,O-2071,P-062,1,226.6,0
I-4749,O-2084,P-062,4,226.6,0.1
I-4778,O-2099,P-062,1,226.6,0
I-4890,O-2148,P-062,2,226.6,0.1
I-4975,O-2185,P-062,1,226.6,0.05
I-5005,O-2197,P-062,3,226.6,0.2
I-5012,O-2199,P-062,1,226.6,0.1
I-5028,O-2204,P-062,2,226.6,0.1
I-5115,O-2243,P-062,2,226.6,0.2
I-5250,O-2303,P-062,2,226.6,0
I-5270,O-2310,P-062,2,226.6,0.05
I-5298,O-2320,P-062,2,226.6,0.05
I-5299,O-2320,P-062,1,226.6,0
I-5300,O-2321,P-062,1,226.6,0
I-5306,O-2322,P-062,2,226.6,0.15
I-5360,O-2347,P-062,1,226.6,0
I-5379,O-2356,P-062,3,226.6,0
I-5614,O-2456,P-062,3,226.6,0.2
I-5883,O-2568,P-062,3,226.6,0.2
I-5923,O-2584,P-062,3,226.6,0.15
I-6159,O-2684,P-062,3,226.6,0.05
I-6239,O-2719,P-062,2,226.6,0.05
I-6245,O-2723,P-062,3,226.6,0.1
I-6319,O-2756,P-062,2,226.6,0.2
I-6397,O-2788,P-062,5,226.6,0.15
I-6411,O-2793,P-062,3,226.6,0.1
I-6452,O-2811,P-062,1,226.6,0.15
I-6564,O-2861,P-062,1,226.6,0.15
I-6571,O-2866,P-062,2,226.6,0
I-6622,O-2887,P-062,1,226.6,0
I-6723,O-2930,P-062,2,226.6,0.05
I-6777,O-2952,P-062,1,226.6,0.1
I-6803,O-2963,P-062,2,226.6,0.1
I-6849,O-2984,P-062,1,226.6,0.1
I-6867,O-2991,P-062,2,226.6,0.05
I-7003,O-3051,P-062,3,226.6,0.05
I-7009,O-3053,P-062,2,226.6,0
I-7319,O-3190,P-062,1,226.6,0.2
I-7329,O-3196,P-062,2,226.6,0
I-7374,O-3212,P-062,3,226.6,0
I-7386,O-3217,P-062,2,226.6,0.15
I-7404,O-3226,P-062,4,226.6,0
I-7440,O-3242,P-062,1,226.6,0.15
I-7467,O-3252,P-062,1,226.6,0.1
I-7484,O-3260,P-062,3,226.6,0.05
I-7576,O-3302,P-062,1,226.6,0
I-7585,O-3306,P-062,1,226.6,0.2
I-7592,O-3308,P-062,2,226.6,0.2
I-7628,O-3324,P-062,2,226.6,0.05
I-7631,O-3325,P-062,1,226.6,0
I-7751,O-3378,P-062,1,226.6,0
I-7752,O-3379,P-062,2,226.6,0.05
I-7758,O-3382,P-062,1,226.6,0.05
I-7774,O-3389,P-062,1,226.6,0.05
I-7852,O-3422,P-062,1,226.6,0.1
I-7967,O-3472,P-062,1,226.6,0.05
I-7968,O-3472,P-062,4,226.6,0.05
I-039,O-015,P-063,4,132.54967,0.05
I-320,O-135,P-063,3,132.54967,0.05
I-398,O-169,P-063,1,132.54967,0
I-483,O-206,P-063,3,132.54967,0
I-504,O-216,P-063,1,132.54967,0
I-601,O-257,P-063,2,132.54967,0.05
I-676,O-288,P-063,1,132.54967,0
I-681,O-290,P-063,1,132.54967,0.05
I-695,O-296,P-063,3,132.54967,0
I-720,O-310,P-063,1,132.54967,0
I-858,O-368,P-063,1,132.54967,0.2
I-1027,O-446,P-063,1,132.54967,0.1
I-1215,O-525,P-063,1,132.54967,0.15
I-1243,O-539,P-063,1,132.54967,0.2
I-1374,O-593,P-063,3,132.54967,0.05
I-1384,O-597,P-063,1,132.54967,0.05
I-1414,O-608,P-063,1,132.54967,0
I-1480,O-634,P-063,1,132.54967,0.1
I-1645,O-708,P-063,1,132.54967,0
I-1672,O-721,P-063,2,132.54967,0.2
I-1726,O-745,P-063,3,132.54967,0.05
I-1791,O-777,P-063,2,132.54967,0
I-1827,O-793,P-063,1,132.54967,0.05
I-1890,O-819,P-063,1,132.54967,0.1
I-1899,O-823,P-063,1,132.54967,0.1
I-2019,O-876,P-063,3,132.54967,0.2
I-2027,O-879,P-063,1,132.54967,0.15
I-2091,O-906,P-063,3,132.54967,0
I-2151,O-932,P-063,1,132.54967,0.05
I-2415,O-1056,P-063,2,132.54967,0.1
I-2489,O-1091,P-063,1,132.54967,0
I-2570,O-1125,P-063,4,132.54967,0
I-2628,O-1150,P-063,1,132.54967,0.05
I-2643,O-1156,P-063,1,132.54967,0.1
I-2673,O-1169,P-063,1,132.54967,0
I-2754,O-1204,P-063,5,132.54967,0
I-2804,O-1225,P-063,2,132.54967,0.15
I-2976,O-1302,P-063,2,132.54967,0.15
I-3214,O-1404,P-063,1,132.54967,0
I-3242,O-1418,P-063,2,132.54967,0.1
I-3373,O-1476,P-063,1,132.54967,0.15
I-3511,O-1537,P-063,1,132.54967,0.05
I-3638,O-1595,P-063,1,132.54967,0.05
I-3724,O-1637,P-063,1,132.54967,0
I-3840,O-1689,P-063,2,132.54967,0
I-3986,O-1763,P-063,1,132.54967,0.05
I-4301,O-1903,P-063,1,132.54967,0.15
I-4392,O-1939,P-063,4,132.54967,0.15
I-4398,O-1942,P-063,2,132.54967,0
I-4406,O-1945,P-063,1,132.54967,0
I-4417,O-1951,P-063,2,132.54967,0.1
I-4443,O-1960,P-063,1,132.54967,0.2
I-4569,O-2012,P-063,1,132.54967,0.1
I-4617,O-2030,P-063,5,132.54967,0.05
I-4628,O-2035,P-063,3,132.54967,0.1
I-4763,O-2092,P-063,1,132.54967,0
I-4768,O-2095,P-063,1,132.54967,0.1
I-4903,O-2154,P-063,2,132.54967,0.1
I-5037,O-2207,P-063,1,132.54967,0.15
I-5218,O-2288,P-063,4,132.54967,0.05
I-5222,O-2289,P-063,1,132.54967,0.15
I-5282,O-2314,P-063,2,132.54967,0
I-5327,O-2331,P-063,1,132.54967,0.2
I-5349,O-2342,P-063,3,132.54967,0.1
I-5477,O-2395,P-063,2,132.54967,0.2
I-5495,O-2402,P-063,1,132.54967,0.15
I-5689,O-2488,P-063,1,132.54967,0.15
I-5754,O-2515,P-063,2,132.54967,0.15
I-5755,O-2516,P-063,1,132.54967,0.1
I-5756,O-2517,P-063,1,132.54967,0.15
I-5811,O-2539,P-063,2,132.54967,0.1
I-5939,O-2590,P-063,1,132.54967,0.2
I-5964,O-2600,P-063,2,132.54967,0.15
I-6004,O-2616,P-063,1,132.54967,0
I-6052,O-2637,P-063,1,132.54967,0.05
I-6082,O-2650,P-063,4,132.54967,0.15
I-6088,O-2652,P-063,1,132.54967,0.2
I-6137,O-2677,P-063,2,132.54967,0
I-6300,O-2748,P-063,3,132.54967,0.05
I-6318,O-2756,P-063,1,132.54967,0.2
I-6338,O-2763,P-063,2,132.54967,0.15
I-6471,O-2820,P-063,1,132.54967,0
I-6521,O-2841,P-063,2,132.54967,0
I-6654,O-2900,P-063,1,132.54967,0.1
I-6710,O-2924,P-063,1,132.54967,0
I-6779,O-2953,P-063,1,132.54967,0.1
I-6804,O-2964,P-063,5,132.54967,0.15
I-6809,O-2967,P-063,2,132.54967,0
I-7005,O-3052,P-063,1,132.54967,0.2
I-7074,O-3080,P-063,2,132.54967,0.2
I-7147,O-3110,P-063,2,132.54967,0
I-7207,O-3139,P-063,1,132.54967,0.15
I-7260,O-3159,P-063,2,132.54967,0.1
I-7292,O-3178,P-063,5,132.54967,0.05
I-7306,O-3185,P-063,1,132.54967,0.1
I-7322,O-3192,P-063,5,132.54967,0
I-7482,O-3259,P-063,1,132.54967,0.2
I-7647,O-3333,P-063,3,132.54967,0
I-7691,O-3352,P-063,3,132.54967,0.05
I-7729,O-3369,P-063,2,132.54967,0.15
I-7735,O-3371,P-063,2,132.54967,0.05
I-7784,O-3393,P-063,3,132.54967,0.05
I-7787,O-3394,P-063,2,132.54967,0.1
I-7822,O-3410,P-063,1,132.54967,0
I-7994,O-3486,P-063,2,132.54967,0
I-135,O-057,P-064,1,130.295,0.1
I-156,O-065,P-064,2,130.295,0.15
I-180,O-075,P-064,2,130.295,0.1
I-384,O-164,P-064,2,130.295,0.05
I-482,O-206,P-064,3,130.295,0.15
I-637,O-271,P-064,2,130.295,0
I-767,O-333,P-064,1,130.295,0.15
I-1064,O-462,P-064,4,130.295,0
I-1250,O-541,P-064,2,130.295,0
I-1266,O-547,P-064,2,130.295,0.15
I-1307,O-561,P-064,1,130.295,0.05
I-1332,O-573,P-064,2,130.295,0
I-1348,O-581,P-064,3,130.295,0
I-1460,O-626,P-064,1,130.295,0
I-1515,O-652,P-064,1,130.295,0.2
I-1540,O-664,P-064,4,130.295,0
I-1556,O-669,P-064,1,130.295,0.15
I-1625,O-699,P-064,2,130.295,0
I-1660,O-717,P-064,4,130.295,0.2
I-1738,O-752,P-064,1,130.295,0.05
I-1742,O-753,P-064,1,130.295,0.15
I-1783,O-774,P-064,5,130.295,0
I-1785,O-775,P-064,1,130.295,0.05
I-1915,O-832,P-064,1,130.295,0.1
I-1938,O-843,P-064,1,130.295,0
I-1940,O-844,P-064,1,130.295,0.2
I-2071,O-897,P-064,2,130.295,0
I-2173,O-945,P-064,2,130.295,0.2
I-2237,O-976,P-064,2,130.295,0.1
I-2269,O-991,P-064,1,130.295,0
I-2361,O-1031,P-064,1,130.295,0.2
I-2539,O-1113,P-064,1,130.295,0.05
I-2578,O-1128,P-064,3,130.295,0
I-2596,O-1137,P-064,1,130.295,0
I-2602,O-1139,P-064,4,130.295,0.1
I-2627,O-1149,P-064,3,130.295,0.05
I-2832,O-1237,P-064,2,130.295,0
I-2892,O-1265,P-064,2,130.295,0.1
I-3009,O-1313,P-064,1,130.295,0
I-3122,O-1362,P-064,1,130.295,0
I-3132,O-1367,P-064,3,130.295,0.05
I-3177,O-1388,P-064,5,130.295,0.05
I-3330,O-1456,P-064,1,130.295,0.15
I-3523,O-1543,P-064,2,130.295,0.1
I-3603,O-1581,P-064,3,130.295,0.1
I-3620,O-1588,P-064,1,130.295,0.05
I-3687,O-1619,P-064,2,130.295,0
I-3713,O-1631,P-064,4,130.295,0.1
I-3819,O-1677,P-064,2,130.295,0.1
I-3980,O-1760,P-064,1,130.295,0.05
I-4002,O-1770,P-064,2,130.295,0
I-4078,O-1805,P-064,2,130.295,0
I-4113,O-1819,P-064,3,130.295,0
I-4116,O-1820,P-064,2,130.295,0.2
I-4123,O-1822,P-064,1,130.295,0.05
I-4147,O-1836,P-064,4,130.295,0.05
I-4159,O-1841,P-064,1,130.295,0.2
I-4266,O-1888,P-064,1,130.295,0.15
I-4320,O-1910,P-064,1,130.295,0.15
I-4418,O-1951,P-064,3,130.295,0.1
I-4542,O-2000,P-064,4,130.295,0
I-4709,O-2068,P-064,1,130.295,0.1
I-4756,O-2088,P-064,3,130.295,0.1
I-4765,O-2093,P-064,3,130.295,0.05
I-5027,O-2204,P-064,1,130.295,0.1
I-5094,O-2235,P-064,3,130.295,0
I-5197,O-2278,P-064,4,130.295,0
I-5214,O-2287,P-064,2,130.295,0
I-5248,O-2302,P-064,1,130.295,0.15
I-5320,O-2329,P-064,2,130.295,0.1
I-5330,O-2333,P-064,1,130.295,0.1
I-5367,O-2350,P-064,3,130.295,0
I-5612,O-2456,P-064,1,130.295,0
I-5628,O-2464,P-064,3,130.295,0.1
I-5718,O-2500,P-064,2,130.295,0.2
I-5880,O-2567,P-064,1,130.295,0
I-6032,O-2628,P-064,2,130.295,0.05
I-6046,O-2634,P-064,5,130.295,0.2
I-6154,O-2683,P-064,1,130.295,0
I-6158,O-2684,P-064,2,130.295,0.1
I-6169,O-2688,P-064,2,130.295,0.2
I-6321,O-2757,P-064,2,130.295,0
I-6328,O-2759,P-064,1,130.295,0.1
I-6348,O-2768,P-064,2,130.295,0.05
I-6390,O-2786,P-064,1,130.295,0
I-6400,O-2789,P-064,2,130.295,0
I-6449,O-2810,P-064,2,130.295,0
I-6461,O-2815,P-064,1,130.295,0.1
I-6599,O-2878,P-064,1,130.295,0
I-6619,O-2886,P-064,1,130.295,0.05
I-6730,O-2932,P-064,2,130.295,0.1
I-6741,O-2935,P-064,1,130.295,0
I-6769,O-2949,P-064,1,130.295,0.2
I-6802,O-2962,P-064,1,130.295,0
I-6885,O-2999,P-064,1,130.295,0
I-7108,O-3096,P-064,1,130.295,0
I-7227,O-3147,P-064,2,130.295,0.15
I-7254,O-3157,P-064,1,130.295,0
I-7255,O-3157,P-064,2,130.295,0.15
I-7315,O-3189,P-064,1,130.295,0.2
I-7479,O-3258,P-064,2,130.295,0
I-7535,O-3282,P-064,1,130.295,0.05
I-7606,O-3314,P-064,2,130.295,0.1
I-7753,O-3379,P-064,2,130.295,0.05
I-7821,O-3410,P-064,2,130.295,0.2
I-7832,O-3413,P-064,1,130.295,0.15
I-7847,O-3419,P-064,1,130.295,0.15
I-7879,O-3432,P-064,1,130.295,0
I-7961,O-3469,P-064,2,130.295,0.2
I-8022,O-3495,P-064,5,130.295,0.2
I-023,O-009,P-065,3,147.29,0.1
I-025,O-010,P-065,3,147.29,0
I-130,O-054,P-065,2,147.29,0
I-296,O-125,P-065,2,147.29,0.1
I-319,O-135,P-065,5,147.29,0.1
I-521,O-223,P-065,1,147.29,0.1
I-525,O-225,P-065,4,147.29,0
I-589,O-252,P-065,1,147.29,0.1
I-617,O-263,P-065,3,147.29,0.05
I-662,O-281,P-065,1,147.29,0.05
I-828,O-358,P-065,2,147.29,0
I-947,O-409,P-065,2,147.29,0.05
I-1010,O-437,P-065,1,147.29,0.2
I-1220,O-528,P-065,3,147.29,0.2
I-1359,O-587,P-065,1,147.29,0
I-1545,O-665,P-065,2,147.29,0.2
I-1554,O-669,P-065,1,147.29,0.2
I-1667,O-719,P-065,1,147.29,0
I-1750,O-756,P-065,2,147.29,0.15
I-1871,O-809,P-065,1,147.29,0.05
I-1955,O-849,P-065,2,147.29,0.15
I-1983,O-862,P-065,2,147.29,0.15
I-2008,O-872,P-065,1,147.29,0.1
I-2088,O-905,P-065,1,147.29,0
I-2109,O-914,P-065,1,147.29,0
I-2164,O-940,P-065,1,147.29,0.1
I-2280,O-996,P-065,1,147.29,0.1
I-2321,O-1014,P-065,1,147.29,0.15
I-2442,O-1071,P-065,1,147.29,0.1
I-2520,O-1107,P-065,1,147.29,0.1
I-2772,O-1211,P-065,2,147.29,0.05
I-2797,O-1222,P-065,3,147.29,0.05
I-3054,O-1334,P-065,1,147.29,0.2
I-3080,O-1344,P-065,1,147.29,0
I-3085,O-1347,P-065,2,147.29,0
I-3112,O-1358,P-065,1,147.29,0
I-3125,O-1363,P-065,2,147.29,0
I-3289,O-1439,P-065,2,147.29,0.15
I-3360,O-1469,P-065,3,147.29,0
I-3454,O-1512,P-065,2,147.29,0.15
I-3554,O-1559,P-065,3,147.29,0
I-3618,O-1587,P-065,1,147.29,0.1
I-3767,O-1653,P-065,1,147.29,0
I-4061,O-1797,P-065,1,147.29,0
I-4080,O-1806,P-065,1,147.29,0.1
I-4137,O-1829,P-065,2,147.29,0.1
I-4163,O-1843,P-065,3,147.29,0.1
I-4270,O-1890,P-065,1,147.29,0.05
I-4515,O-1990,P-065,1,147.29,0.1
I-4543,O-2000,P-065,1,147.29,0.2
I-4547,O-2002,P-065,2,147.29,0.05
I-4576,O-2014,P-065,3,147.29,0.1
I-4602,O-2024,P-065,1,147.29,0
I-4859,O-2134,P-065,2,147.29,0.05
I-4888,O-2147,P-065,3,147.29,0
I-5246,O-2300,P-065,2,147.29,0.2
I-5274,O-2311,P-065,2,147.29,0.05
I-5329,O-2333,P-065,1,147.29,0.1
I-5369,O-2352,P-065,1,147.29,0.15
I-5645,O-2471,P-065,1,147.29,0.1
I-5684,O-2487,P-065,4,147.29,0.15
I-5699,O-2493,P-065,1,147.29,0.1
I-5732,O-2505,P-065,3,147.29,0
I-5827,O-2545,P-065,4,147.29,0.05
I-5878,O-2566,P-065,1,147.29,0.05
I-5903,O-2575,P-065,1,147.29,0.2
I-5947,O-2593,P-065,2,147.29,0.05
I-5969,O-2602,P-065,4,147.29,0
I-6059,O-2641,P-065,2,147.29,0.05
I-6095,O-2656,P-065,2,147.29,0
I-6211,O-2708,P-065,3,147.29,0
I-6248,O-2725,P-065,2,147.29,0
I-6313,O-2753,P-065,1,147.29,0.15
I-6496,O-2829,P-065,2,147.29,0.2
I-6620,O-2886,P-065,3,147.29,0.05
I-6704,O-2922,P-065,1,147.29,0
I-6731,O-2932,P-065,3,147.29,0.15
I-6761,O-2944,P-065,3,147.29,0.1
I-6784,O-2956,P-065,4,147.29,0.05
I-6805,O-2965,P-065,1,147.29,0.2
I-6834,O-2978,P-065,2,147.29,0
I-6838,O-2980,P-065,4,147.29,0
I-6901,O-3006,P-065,1,147.29,0
I-6948,O-3027,P-065,1,147.29,0.15
I-7209,O-3139,P-065,2,147.29,0.1
I-7345,O-3202,P-065,2,147.29,0.1
I-7471,O-3254,P-065,2,147.29,0.1
I-7477,O-3257,P-065,1,147.29,0.2
I-7777,O-3390,P-065,2,147.29,0.2
I-7942,O-3460,P-065,2,147.29,0
I-7997,O-3487,P-065,3,147.29,0
I-068,O-028,P-066,4,142.758,0
I-081,O-033,P-066,1,142.758,0.05
I-126,O-052,P-066,2,142.758,0.05
I-293,O-123,P-066,1,142.758,0.15
I-357,O-151,P-066,1,142.758,0
I-539,O-230,P-066,2,142.758,0.1
I-542,O-231,P-066,1,142.758,0.05
I-618,O-264,P-066,2,142.758,0.2
I-844,O-363,P-066,2,142.758,0
I-852,O-366,P-066,2,142.758,0
I-877,O-376,P-066,1,142.758,0.1
I-938,O-405,P-066,1,142.758,0
I-1122,O-484,P-066,1,142.758,0.1
I-1160,O-501,P-066,1,142.758,0.2
I-1339,O-575,P-066,3,142.758,0.1
I-1424,O-611,P-066,1,142.758,0
I-1609,O-692,P-066,2,142.758,0.1
I-1884,O-816,P-066,1,142.758,0.05
I-1927,O-837,P-066,1,142.758,0
I-2032,O-882,P-066,1,142.758,0
I-2093,O-907,P-066,1,142.758,0.05
I-2344,O-1022,P-066,1,142.758,0
I-2371,O-1036,P-066,5,142.758,0.05
I-2755,O-1205,P-066,1,142.758,0.1
I-2805,O-1225,P-066,1,142.758,0.15
I-2991,O-1307,P-066,1,142.758,0
I-2995,O-1308,P-066,1,142.758,0
I-3041,O-1329,P-066,1,142.758,0
I-3108,O-1357,P-066,4,142.758,0.15
I-3354,O-1467,P-066,1,142.758,0.1
I-3371,O-1475,P-066,1,142.758,0.2
I-3394,O-1485,P-066,3,142.758,0
I-3418,O-1497,P-066,3,142.758,0
I-3606,O-1582,P-066,2,142.758,0.1
I-3641,O-1597,P-066,2,142.758,0.1
I-3661,O-1606,P-066,4,142.758,0.15
I-3708,O-1629,P-066,5,142.758,0.1
I-3874,O-1705,P-066,2,142.758,0.1
I-3885,O-1711,P-066,3,142.758,0.05
I-3952,O-1746,P-066,4,142.758,0
I-4070,O-1800,P-066,1,142.758,0
I-4110,O-1818,P-066,3,142.758,0.15
I-4122,O-1822,P-066,3,142.758,0
I-4128,O-1824,P-066,1,142.758,0.05
I-4168,O-1845,P-066,1,142.758,0.2
I-4226,O-1869,P-066,2,142.758,0.15
I-4334,O-1915,P-066,2,142.758,0.2
I-4442,O-1960,P-066,1,142.758,0.1
I-4541,O-1999,P-066,3,142.758,0.05
I-4615,O-2030,P-066,3,142.758,0
I-4655,O-2044,P-066,1,142.758,0
I-4779,O-2099,P-066,1,142.758,0.1
I-4795,O-2107,P-066,1,142.758,0.2
I-4846,O-2130,P-066,3,142.758,0
I-5046,O-2211,P-066,1,142.758,0
I-5058,O-2216,P-066,1,142.758,0.1
I-5113,O-2243,P-066,3,142.758,0
I-5153,O-2260,P-066,5,142.758,0.1
I-5263,O-2308,P-066,2,142.758,0
I-5570,O-2438,P-066,1,142.758,0
I-5602,O-2451,P-066,3,142.758,0
I-5717,O-2499,P-066,1,142.758,0.05
I-5864,O-2561,P-066,4,142.758,0.05
I-5866,O-2562,P-066,1,142.758,0
I-5952,O-2596,P-066,1,142.758,0.05
I-6028,O-2625,P-066,3,142.758,0
I-6251,O-2726,P-066,3,142.758,0.2
I-6254,O-2727,P-066,1,142.758,0.15
I-6255,O-2728,P-066,1,142.758,0.1
I-6275,O-2737,P-066,1,142.758,0.1
I-6466,O-2817,P-066,3,142.758,0
I-6509,O-2836,P-066,3,142.758,0.05
I-6612,O-2883,P-066,3,142.758,0.15
I-6677,O-2910,P-066,1,142.758,0
I-6755,O-2943,P-066,3,142.758,0.05
I-6929,O-3018,P-066,1,142.758,0
I-7036,O-3064,P-066,3,142.758,0.05
I-7062,O-3075,P-066,1,142.758,0.2
I-7102,O-3093,P-066,1,142.758,0.1
I-7162,O-3119,P-066,1,142.758,0.1
I-7196,O-3133,P-066,2,142.758,0.1
I-7237,O-3151,P-066,3,142.758,0.1
I-7250,O-3156,P-066,2,142.758,0.05
I-7646,O-3333,P-066,3,142.758,0
I-7702,O-3357,P-066,1,142.758,0.2
I-7792,O-3396,P-066,1,142.758,0
I-7839,O-3416,P-066,1,142.758,0.05
I-7881,O-3433,P-066,1,142.758,0.05
I-7899,O-3442,P-066,1,142.758,0.2
I-7902,O-3443,P-066,4,142.758,0.2
I-7908,O-3445,P-066,1,142.758,0.1
I-8011,O-3491,P-066,1,142.758,0.1
I-057,O-023,P-067,2,31.724,0.2
I-216,O-092,P-067,1,31.724,0.1
I-243,O-102,P-067,1,31.724,0
I-285,O-120,P-067,1,31.724,0.1
I-351,O-149,P-067,1,31.724,0
I-526,O-225,P-067,1,31.724,0.05
I-569,O-244,P-067,4,31.724,0.05
I-646,O-276,P-067,2,31.724,0.2
I-691,O-294,P-067,2,31.724,0.15
I-929,O-400,P-067,2,31.724,0
I-986,O-427,P-067,3,31.724,0
I-1031,O-448,P-067,1,31.724,0
I-1109,O-478,P-067,3,31.724,0
I-1206,O-521,P-067,1,31.724,0.2
I-1254,O-542,P-067,1,31.724,0.2
I-1311,O-563,P-067,1,31.724,0.1
I-1327,O-570,P-067,2,31.724,0.2
I-1371,O-592,P-067,4,31.724,0.1
I-1492,O-641,P-067,2,31.724,0
I-1605,O-690,P-067,1,31.724,0.1
I-1616,O-695,P-067,3,31.724,0
I-1882,O-815,P-067,3,31.724,0.15
I-1991,O-866,P-067,3,31.724,0.05
I-2132,O-924,P-067,1,31.724,0.1
I-2163,O-940,P-067,3,31.724,0.1
I-2513,O-1103,P-067,2,31.724,0.05
I-2525,O-1108,P-067,2,31.724,0
I-2559,O-1121,P-067,2,31.724,0
I-2616,O-1146,P-067,2,31.724,0.1
I-2661,O-1164,P-067,1,31.724,0.05
I-2852,O-1245,P-067,3,31.724,0
I-2936,O-1286,P-067,2,31.724,0
I-3204,O-1399,P-067,1,31.724,0
I-3342,O-1462,P-067,2,31.724,0.05
I-3400,O-1488,P-067,2,31.724,0.1
I-3567,O-1565,P-067,4,31.724,0.05
I-3591,O-1574,P-067,2,31.724,0.1
I-3610,O-1583,P-067,1,31.724,0.15
I-3652,O-1603,P-067,3,31.724,0
I-3697,O-1624,P-067,2,31.724,0.05
I-3912,O-1723,P-067,4,31.724,0.15
I-3920,O-1726,P-067,1,31.724,0.15
I-3935,O-1734,P-067,1,31.724,0.1
I-3950,O-1744,P-067,1,31.724,0
I-4009,O-1773,P-067,1,31.724,0
I-4012,O-1775,P-067,4,31.724,0.1
I-4038,O-1786,P-067,2,31.724,0.1
I-4053,O-1793,P-067,1,31.724,0
I-4249,O-1880,P-067,2,31.724,0.1
I-4295,O-1900,P-067,4,31.724,0.05
I-4351,O-1922,P-067,1,31.724,0
I-4378,O-1934,P-067,1,31.724,0
I-4535,O-1997,P-067,1,31.724,0.1
I-4660,O-2047,P-067,1,31.724,0.2
I-4747,O-2083,P-067,1,31.724,0
I-4753,O-2087,P-067,3,31.724,0.1
I-4755,O-2088,P-067,3,31.724,0
I-4798,O-2109,P-067,3,31.724,0.1
I-4867,O-2138,P-067,2,31.724,0.1
I-4993,O-2192,P-067,1,31.724,0.1
I-5112,O-2242,P-067,2,31.724,0.2
I-5126,O-2248,P-067,1,31.724,0.15
I-5409,O-2369,P-067,2,31.724,0.1
I-5425,O-2375,P-067,5,31.724,0.2
I-5433,O-2380,P-067,2,31.724,0
I-5543,O-2424,P-067,1,31.724,0.1
I-5591,O-2446,P-067,1,31.724,0.15
I-5688,O-2488,P-067,3,31.724,0.2
I-5690,O-2489,P-067,2,31.724,0.2
I-5751,O-2514,P-067,2,31.724,0
I-5826,O-2544,P-067,1,31.724,0.2
I-5833,O-2549,P-067,1,31.724,0.2
I-5855,O-2558,P-067,1,31.724,0.05
I-6104,O-2662,P-067,4,31.724,0.15
I-6178,O-2691,P-067,2,31.724,0.1
I-6191,O-2698,P-067,1,31.724,0.05
I-6616,O-2885,P-067,4,31.724,0
I-6719,O-2928,P-067,1,31.724,0.1
I-6808,O-2966,P-067,1,31.724,0
I-6893,O-3003,P-067,1,31.724,0.05
I-6919,O-3014,P-067,3,31.724,0.1
I-7175,O-3123,P-067,1,31.724,0.1
I-7375,O-3212,P-067,2,31.724,0
I-7566,O-3297,P-067,2,31.724,0.1
I-7579,O-3303,P-067,1,31.724,0.05
I-7598,O-3311,P-067,2,31.724,0
I-7604,O-3313,P-067,4,31.724,0
I-7617,O-3319,P-067,1,31.724,0.2
I-7629,O-3325,P-067,1,31.724,0.2
I-7638,O-3329,P-067,1,31.724,0
I-7763,O-3384,P-067,1,31.724,0.05
I-7949,O-3464,P-067,4,31.724,0.2
I-7978,O-3477,P-067,1,31.724,0.05
I-8035,O-3499,P-067,2,31.724,0.05
I-196,O-082,P-068,1,15.85067,0
I-274,O-117,P-068,1,15.85067,0
I-304,O-127,P-068,4,15.85067,0.1
I-332,O-140,P-068,5,15.85067,0
I-388,O-166,P-068,1,15.85067,0
I-465,O-197,P-068,1,15.85067,0
I-540,O-231,P-068,1,15.85067,0.15
I-647,O-276,P-068,2,15.85067,0
I-669,O-284,P-068,1,15.85067,0.1
I-735,O-316,P-068,2,15.85067,0
I-740,O-318,P-068,2,15.85067,0.15
I-845,O-363,P-068,3,15.85067,0.1
I-879,O-377,P-068,3,15.85067,0.15
I-901,O-386,P-068,3,15.85067,0.1
I-949,O-410,P-068,3,15.85067,0.1
I-1000,O-433,P-068,3,15.85067,0
I-1035,O-450,P-068,2,15.85067,0.15
I-1107,O-477,P-068,4,15.85067,0.15
I-1164,O-503,P-068,3,15.85067,0.05
I-1196,O-516,P-068,1,15.85067,0.2
I-1223,O-530,P-068,1,15.85067,0.2
I-1313,O-564,P-068,1,15.85067,0
I-1394,O-600,P-068,1,15.85067,0.15
I-1426,O-612,P-068,3,15.85067,0.2
I-1592,O-685,P-068,3,15.85067,0
I-1671,O-721,P-068,1,15.85067,0.1
I-1814,O-787,P-068,1,15.85067,0.1
I-1909,O-831,P-068,3,15.85067,0.2
I-1919,O-835,P-068,4,15.85067,0
I-2099,O-910,P-068,1,15.85067,0
I-2106,O-913,P-068,1,15.85067,0
I-2122,O-920,P-068,2,15.85067,0.1
I-2222,O-967,P-068,1,15.85067,0.05
I-2341,O-1021,P-068,3,15.85067,0
I-2370,O-1036,P-068,3,15.85067,0.1
I-2405,O-1050,P-068,1,15.85067,0.05
I-2518,O-1106,P-068,4,15.85067,0.1
I-2597,O-1137,P-068,2,15.85067,0
I-2687,O-1175,P-068,1,15.85067,0.2
I-2728,O-1193,P-068,2,15.85067,0
I-2899,O-1270,P-068,2,15.85067,0
I-3140,O-1370,P-068,1,15.85067,0.2
I-3144,O-1372,P-068,1,15.85067,0
I-3193,O-1394,P-068,3,15.85067,0.05
I-3195,O-1395,P-068,3,15.85067,0.05
I-3259,O-1426,P-068,4,15.85067,0
I-3398,O-1488,P-068,2,15.85067,0
I-3457,O-1514,P-068,1,15.85067,0.05
I-3548,O-1557,P-068,1,15.85067,0.15
I-3552,O-1558,P-068,2,15.85067,0
I-3809,O-1672,P-068,2,15.85067,0.2
I-3875,O-1706,P-068,2,15.85067,0.05
I-4003,O-1771,P-068,2,15.85067,0.15
I-4104,O-1816,P-068,4,15.85067,0
I-4258,O-1884,P-068,1,15.85067,0
I-4363,O-1928,P-068,1,15.85067,0.05
I-4382,O-1936,P-068,1,15.85067,0
I-4464,O-1970,P-068,1,15.85067,0
I-4465,O-1970,P-068,1,15.85067,0.2
I-4566,O-2011,P-068,4,15.85067,0
I-4610,O-2028,P-068,1,15.85067,0
I-4624,O-2033,P-068,2,15.85067,0.05
I-4729,O-2077,P-068,1,15.85067,0.15
I-4764,O-2093,P-068,2,15.85067,0.1
I-4939,O-2170,P-068,1,15.85067,0
I-4980,O-2186,P-068,2,15.85067,0.1
I-5346,O-2340,P-068,1,15.85067,0.1
I-5444,O-2383,P-068,1,15.85067,0.05
I-5471,O-2393,P-068,1,15.85067,0.1
I-5490,O-2401,P-068,2,15.85067,0.15
I-5860,O-2559,P-068,1,15.85067,0.15
I-5867,O-2562,P-068,1,15.85067,0.05
I-6081,O-2649,P-068,2,15.85067,0.2
I-6337,O-2762,P-068,2,15.85067,0
I-6344,O-2767,P-068,3,15.85067,0
I-6426,O-2799,P-068,1,15.85067,0.1
I-6506,O-2835,P-068,1,15.85067,0.05
I-6729,O-2931,P-068,2,15.85067,0.15
I-6806,O-2966,P-068,3,15.85067,0
I-6882,O-2997,P-068,3,15.85067,0.15
I-6976,O-3040,P-068,1,15.85067,0.2
I-7131,O-3103,P-068,2,15.85067,0
I-7138,O-3105,P-068,1,15.85067,0.1
I-7274,O-3166,P-068,3,15.85067,0.2
I-7293,O-3178,P-068,2,15.85067,0.15
I-7472,O-3254,P-068,4,15.85067,0
I-7497,O-3266,P-068,1,15.85067,0
I-7531,O-3280,P-068,5,15.85067,0
I-7539,O-3284,P-068,3,15.85067,0.1
I-7686,O-3350,P-068,1,15.85067,0
I-7779,O-3391,P-068,1,15.85067,0.05
I-7933,O-3456,P-068,3,15.85067,0
I-7960,O-3469,P-068,3,15.85067,0
I-078,O-033,P-069,1,46.44167,0.1
I-089,O-036,P-069,5,46.44167,0.05
I-202,O-085,P-069,2,46.44167,0.1
I-229,O-097,P-069,2,46.44167,0
I-254,O-107,P-069,1,46.44167,0
I-261,O-111,P-069,2,46.44167,0.2
I-314,O-131,P-069,3,46.44167,0.2
I-325,O-137,P-069,5,46.44167,0.15
I-356,O-151,P-069,1,46.44167,0.15
I-366,O-156,P-069,1,46.44167,0
I-455,O-192,P-069,2,46.44167,0.1
I-778,O-338,P-069,1,46.44167,0.1
I-802,O-346,P-069,4,46.44167,0
I-862,O-370,P-069,3,46.44167,0.05
I-865,O-371,P-069,2,46.44167,0
I-891,O-383,P-069,4,46.44167,0.1
I-895,O-384,P-069,5,46.44167,0.15
I-1082,O-468,P-069,3,46.44167,0
I-1131,O-489,P-069,4,46.44167,0.2
I-1199,O-517,P-069,2,46.44167,0.2
I-1225,O-530,P-069,2,46.44167,0.1
I-1274,O-550,P-069,2,46.44167,0.2
I-1324,O-568,P-069,3,46.44167,0
I-1329,O-571,P-069,1,46.44167,0.15
I-1354,O-584,P-069,1,46.44167,0
I-1411,O-607,P-069,2,46.44167,0.2
I-1441,O-618,P-069,1,46.44167,0.15
I-1565,O-673,P-069,1,46.44167,0.2
I-1629,O-702,P-069,3,46.44167,0.2
I-1664,O-718,P-069,2,46.44167,0
I-1775,O-771,P-069,1,46.44167,0
I-1779,O-773,P-069,3,46.44167,0.05
I-1881,O-814,P-069,2,46.44167,0.15
I-1956,O-850,P-069,2,46.44167,0.15
I-2018,O-875,P-069,1,46.44167,0.1
I-2038,O-885,P-069,1,46.44167,0.1
I-2082,O-901,P-069,4,46.44167,0.1
I-2084,O-903,P-069,5,46.44167,0.05
I-2257,O-985,P-069,2,46.44167,0.15
I-2316,O-1012,P-069,1,46.44167,0.05
I-2349,O-1025,P-069,2,46.44167,0.05
I-2449,O-1073,P-069,2,46.44167,0.05
I-2567,O-1124,P-069,2,46.44167,0.1
I-2573,O-1126,P-069,3,46.44167,0
I-2793,O-1220,P-069,2,46.44167,0.1
I-2794,O-1221,P-069,5,46.44167,0.15
I-2937,O-1287,P-069,2,46.44167,0.1
I-3419,O-1497,P-069,1,46.44167,0.05
I-3476,O-1521,P-069,1,46.44167,0.05
I-3611,O-1584,P-069,3,46.44167,0
I-3732,O-1639,P-069,5,46.44167,0.2
I-3770,O-1654,P-069,3,46.44167,0
I-3841,O-1690,P-069,2,46.44167,0.15
I-3937,O-1735,P-069,1,46.44167,0
I-3946,O-1741,P-069,3,46.44167,0
I-4041,O-1787,P-069,1,46.44167,0.05
I-4278,O-1894,P-069,1,46.44167,0
I-4288,O-1897,P-069,2,46.44167,0.15
I-4445,O-1961,P-069,1,46.44167,0.05
I-4452,O-1964,P-069,1,46.44167,0.1
I-4466,O-1970,P-069,1,46.44167,0.1
I-4496,O-1982,P-069,2,46.44167,0
I-4538,O-1998,P-069,4,46.44167,0.15
I-4604,O-2025,P-069,2,46.44167,0.05
I-4708,O-2068,P-069,1,46.44167,0.15
I-4769,O-2096,P-069,1,46.44167,0.15
I-4866,O-2137,P-069,2,46.44167,0.05
I-4874,O-2141,P-069,2,46.44167,0.05
I-5023,O-2203,P-069,2,46.44167,0.05
I-5133,O-2251,P-069,3,46.44167,0
I-5242,O-2299,P-069,5,46.44167,0
I-5691,O-2489,P-069,1,46.44167,0
I-5829,O-2546,P-069,2,46.44167,0
I-5832,O-2548,P-069,4,46.44167,0.15
I-5994,O-2613,P-069,2,46.44167,0
I-6073,O-2646,P-069,1,46.44167,0.2
I-6133,O-2675,P-069,2,46.44167,0.1
I-6192,O-2699,P-069,2,46.44167,0
I-6213,O-2709,P-069,1,46.44167,0.2
I-6314,O-2754,P-069,1,46.44167,0.15
I-6345,O-2767,P-069,1,46.44167,0
I-6387,O-2785,P-069,2,46.44167,0.2
I-6589,O-2873,P-069,1,46.44167,0
I-6606,O-2881,P-069,2,46.44167,0.05
I-6627,O-2890,P-069,1,46.44167,0.05
I-6650,O-2899,P-069,2,46.44167,0
I-6747,O-2938,P-069,2,46.44167,0.2
I-6770,O-2949,P-069,2,46.44167,0.05
I-6920,O-3014,P-069,2,46.44167,0.15
I-6926,O-3017,P-069,1,46.44167,0.1
I-6959,O-3031,P-069,1,46.44167,0.1
I-6973,O-3039,P-069,4,46.44167,0.15
I-7027,O-3061,P-069,1,46.44167,0
I-7061,O-3075,P-069,1,46.44167,0.1
I-7122,O-3100,P-069,1,46.44167,0
I-7333,O-3198,P-069,3,46.44167,0
I-7489,O-3262,P-069,4,46.44167,0
I-7577,O-3302,P-069,2,46.44167,0.2
I-7580,O-3304,P-069,2,46.44167,0.1
I-7644,O-3332,P-069,2,46.44167,0.2
I-7668,O-3344,P-069,3,46.44167,0.15
I-7736,O-3371,P-069,1,46.44167,0.15
I-019,O-007,P-070,3,38.51067,0.05
I-032,O-012,P-070,2,38.51067,0.15
I-052,O-021,P-070,3,38.51067,0.15
I-165,O-069,P-070,1,38.51067,0
I-223,O-095,P-070,1,38.51067,0
I-338,O-142,P-070,2,38.51067,0.15
I-466,O-198,P-070,1,38.51067,0.15
I-510,O-219,P-070,2,38.51067,0.15
I-658,O-280,P-070,2,38.51067,0
I-688,O-293,P-070,1,38.51067,0
I-816,O-354,P-070,1,38.51067,0
I-883,O-378,P-070,1,38.51067,0.1
I-992,O-430,P-070,1,38.51067,0.15
I-1106,O-477,P-070,4,38.51067,0.05
I-1190,O-513,P-070,1,38.51067,0.2
I-1336,O-574,P-070,2,38.51067,0.15
I-1542,O-664,P-070,2,38.51067,0.1
I-1617,O-695,P-070,1,38.51067,0.1
I-1636,O-705,P-070,5,38.51067,0.15
I-1773,O-770,P-070,2,38.51067,0
I-1858,O-804,P-070,2,38.51067,0.2
I-1888,O-819,P-070,2,38.51067,0.1
I-1906,O-829,P-070,2,38.51067,0.05
I-2123,O-920,P-070,4,38.51067,0.1
I-2253,O-983,P-070,1,38.51067,0.15
I-2260,O-986,P-070,2,38.51067,0.05
I-2301,O-1005,P-070,3,38.51067,0
I-2372,O-1036,P-070,3,38.51067,0
I-2457,O-1076,P-070,2,38.51067,0.15
I-2459,O-1077,P-070,1,38.51067,0
I-2462,O-1079,P-070,1,38.51067,0
I-2486,O-1089,P-070,1,38.51067,0.1
I-2487,O-1090,P-070,2,38.51067,0
I-2492,O-1092,P-070,3,38.51067,0.2
I-2593,O-1134,P-070,1,38.51067,0.1
I-2677,O-1170,P-070,1,38.51067,0.1
I-2745,O-1201,P-070,1,38.51067,0
I-2858,O-1248,P-070,2,38.51067,0
I-2862,O-1250,P-070,3,38.51067,0.2
I-2921,O-1281,P-070,1,38.51067,0
I-3040,O-1328,P-070,2,38.51067,0.15
I-3066,O-1338,P-070,1,38.51067,0.2
I-3233,O-1414,P-070,2,38.51067,0.15
I-3248,O-1421,P-070,2,38.51067,0
I-3282,O-1437,P-070,4,38.51067,0
I-3395,O-1486,P-070,3,38.51067,0.2
I-3447,O-1509,P-070,3,38.51067,0.05
I-3487,O-1526,P-070,4,38.51067,0.15
I-3489,O-1527,P-070,2,38.51067,0.1
I-3662,O-1607,P-070,1,38.51067,0
I-3666,O-1609,P-070,4,38.51067,0
I-3669,O-1612,P-070,2,38.51067,0.1
I-3849,O-1693,P-070,2,38.51067,0
I-4024,O-1780,P-070,2,38.51067,0
I-4054,O-1794,P-070,4,38.51067,0
I-4107,O-1817,P-070,1,38.51067,0.05
I-4209,O-1862,P-070,1,38.51067,0.1
I-4347,O-1921,P-070,3,38.51067,0.05
I-4549,O-2002,P-070,5,38.51067,0.05
I-4648,O-2042,P-070,3,38.51067,0.15
I-4665,O-2050,P-070,1,38.51067,0.15
I-4693,O-2062,P-070,2,38.51067,0.05
I-4871,O-2140,P-070,1,38.51067,0
I-4889,O-2148,P-070,1,38.51067,0.05
I-4920,O-2163,P-070,1,38.51067,0.15
I-5051,O-2214,P-070,1,38.51067,0
I-5193,O-2277,P-070,3,38.51067,0
I-5225,O-2291,P-070,2,38.51067,0.05
I-5229,O-2293,P-070,2,38.51067,0.05
I-5255,O-2304,P-070,5,38.51067,0.2
I-5283,O-2314,P-070,2,38.51067,0.05
I-5293,O-2319,P-070,2,38.51067,0.15
I-5332,O-2334,P-070,4,38.51067,0.05
I-5485,O-2399,P-070,1,38.51067,0.05
I-5487,O-2400,P-070,3,38.51067,0.1
I-5578,O-2440,P-070,2,38.51067,0
I-5581,O-2441,P-070,1,38.51067,0.1
I-5606,O-2453,P-070,1,38.51067,0
I-5747,O-2512,P-070,1,38.51067,0.1
I-5999,O-2614,P-070,1,38.51067,0
I-6045,O-2633,P-070,1,38.51067,0.05
I-6128,O-2673,P-070,1,38.51067,0.05
I-6286,O-2742,P-070,3,38.51067,0.15
I-6371,O-2780,P-070,1,38.51067,0
I-6440,O-2806,P-070,2,38.51067,0
I-6497,O-2830,P-070,1,38.51067,0.1
I-6528,O-2845,P-070,3,38.51067,0.05
I-6552,O-2857,P-070,2,38.51067,0
I-6588,O-2873,P-070,1,38.51067,0
I-6852,O-2986,P-070,1,38.51067,0.2
I-6856,O-2988,P-070,3,38.51067,0.1
I-7139,O-3106,P-070,4,38.51067,0
I-7208,O-3139,P-070,3,38.51067,0
I-7302,O-3183,P-070,2,38.51067,0
I-7468,O-3253,P-070,1,38.51067,0.05
I-7526,O-3278,P-070,3,38.51067,0.15
I-7634,O-3327,P-070,3,38.51067,0.1
I-7813,O-3407,P-070,1,38.51067,0.05
I-7861,O-3426,P-070,3,38.51067,0
I-7945,O-3461,P-070,1,38.51067,0.1
I-7966,O-3471,P-070,1,38.51067,0.15
I-250,O-106,P-071,3,36.24467,0.15
I-329,O-138,P-071,2,36.24467,0
I-330,O-139,P-071,3,36.24467,0
I-360,O-152,P-071,4,36.24467,0.05
I-372,O-159,P-071,1,36.24467,0
I-381,O-163,P-071,1,36.24467,0.1
I-383,O-164,P-071,1,36.24467,0.05
I-451,O-191,P-071,3,36.24467,0
I-464,O-197,P-071,3,36.24467,0
I-671,O-285,P-071,1,36.24467,0.2
I-764,O-332,P-071,1,36.24467,0.15
I-774,O-336,P-071,1,36.24467,0
I-814,O-353,P-071,4,36.24467,0.2
I-896,O-384,P-071,2,36.24467,0
I-925,O-399,P-071,1,36.24467,0
I-1011,O-437,P-071,1,36.24467,0.05
I-1061,O-461,P-071,1,36.24467,0
I-1217,O-525,P-071,1,36.24467,0.1
I-1393,O-600,P-071,2,36.24467,0.15
I-1396,O-600,P-071,1,36.24467,0
I-1452,O-623,P-071,1,36.24467,0.15
I-1456,O-625,P-071,2,36.24467,0.05
I-1497,O-643,P-071,2,36.24467,0.1
I-1572,O-676,P-071,2,36.24467,0.05
I-1633,O-704,P-071,1,36.24467,0.1
I-1693,O-730,P-071,1,36.24467,0.2
I-1745,O-754,P-071,1,36.24467,0.05
I-1787,O-776,P-071,4,36.24467,0.15
I-1803,O-782,P-071,4,36.24467,0
I-1852,O-802,P-071,1,36.24467,0.05
I-1913,O-832,P-071,1,36.24467,0
I-1965,O-855,P-071,1,36.24467,0.1
I-1971,O-857,P-071,1,36.24467,0
I-2139,O-927,P-071,1,36.24467,0.15
I-2233,O-973,P-071,2,36.24467,0
I-2270,O-991,P-071,2,36.24467,0.1
I-2418,O-1058,P-071,1,36.24467,0
I-2451,O-1074,P-071,2,36.24467,0.2
I-2613,O-1145,P-071,3,36.24467,0.1
I-2629,O-1151,P-071,2,36.24467,0
I-2657,O-1161,P-071,3,36.24467,0.05
I-2714,O-1187,P-071,1,36.24467,0.15
I-2847,O-1243,P-071,2,36.24467,0.05
I-3088,O-1348,P-071,1,36.24467,0
I-3162,O-1379,P-071,1,36.24467,0.1
I-3182,O-1389,P-071,2,36.24467,0.15
I-3255,O-1424,P-071,3,36.24467,0.1
I-3357,O-1468,P-071,4,36.24467,0.1
I-3679,O-1615,P-071,2,36.24467,0.05
I-3754,O-1648,P-071,1,36.24467,0.15
I-3823,O-1680,P-071,3,36.24467,0.05
I-3890,O-1714,P-071,1,36.24467,0
I-3923,O-1728,P-071,1,36.24467,0
I-3925,O-1729,P-071,1,36.24467,0.15
I-3957,O-1748,P-071,1,36.24467,0.15
I-4103,O-1815,P-071,3,36.24467,0.1
I-4131,O-1825,P-071,1,36.24467,0
I-4135,O-1827,P-071,1,36.24467,0
I-4162,O-1842,P-071,2,36.24467,0.1
I-4194,O-1857,P-071,1,36.24467,0.05
I-4203,O-1860,P-071,1,36.24467,0.1
I-4341,O-1918,P-071,5,36.24467,0
I-4376,O-1933,P-071,2,36.24467,0.1
I-4476,O-1975,P-071,3,36.24467,0.15
I-4679,O-2056,P-071,5,36.24467,0
I-4705,O-2067,P-071,3,36.24467,0.15
I-4732,O-2078,P-071,2,36.24467,0.2
I-4745,O-2083,P-071,4,36.24467,0.05
I-4875,O-2141,P-071,1,36.24467,0.05
I-5123,O-2247,P-071,4,36.24467,0.15
I-5172,O-2268,P-071,2,36.24467,0.1
I-5185,O-2273,P-071,1,36.24467,0.1
I-5251,O-2303,P-071,3,36.24467,0
I-5311,O-2325,P-071,1,36.24467,0.15
I-5406,O-2368,P-071,1,36.24467,0.2
I-5455,O-2387,P-071,4,36.24467,0.05
I-5574,O-2439,P-071,3,36.24467,0.1
I-5746,O-2512,P-071,2,36.24467,0
I-5764,O-2521,P-071,4,36.24467,0
I-5796,O-2533,P-071,2,36.24467,0.2
I-5959,O-2598,P-071,2,36.24467,0
I-6236,O-2719,P-071,1,36.24467,0.2
I-6355,O-2772,P-071,1,36.24467,0
I-6502,O-2833,P-071,1,36.24467,0.1
I-6679,O-2911,P-071,3,36.24467,0.1
I-6712,O-2925,P-071,1,36.24467,0.1
I-6822,O-2972,P-071,2,36.24467,0.1
I-6872,O-2994,P-071,2,36.24467,0
I-6964,O-3034,P-071,1,36.24467,0
I-7110,O-3097,P-071,2,36.24467,0.05
I-7230,O-3148,P-071,1,36.24467,0
I-7364,O-3208,P-071,2,36.24467,0.2
I-7411,O-3230,P-071,2,36.24467,0.15
I-7436,O-3240,P-071,1,36.24467,0.1
I-7463,O-3251,P-071,1,36.24467,0
I-7483,O-3259,P-071,1,36.24467,0
I-7776,O-3390,P-071,1,36.24467,0
I-7854,O-3423,P-071,4,36.24467,0.1
I-7875,O-3431,P-071,2,36.24467,0.1
I-7898,O-3442,P-071,5,36.24467,0
I-030,O-011,P-072,1,419.21,0.1
I-075,O-031,P-072,3,419.21,0.2
I-138,O-057,P-072,5,419.21,0.05
I-200,O-084,P-072,1,419.21,0.1
I-346,O-146,P-072,3,419.21,0.1
I-497,O-213,P-072,2,419.21,0.05
I-558,O-240,P-072,2,419.21,0
I-717,O-309,P-072,1,419.21,0.2
I-754,O-326,P-072,2,419.21,0.05
I-921,O-396,P-072,1,419.21,0
I-953,O-411,P-072,1,419.21,0.1
I-991,O-429,P-072,1,419.21,0.05
I-1006,O-436,P-072,4,419.21,0.05
I-1273,O-550,P-072,2,419.21,0
I-1366,O-590,P-072,1,419.21,0.1
I-1399,O-602,P-072,1,419.21,0.05
I-1584,O-682,P-072,1,419.21,0
I-1786,O-775,P-072,1,419.21,0.2
I-1841,O-797,P-072,5,419.21,0
I-2001,O-869,P-072,1,419.21,0.2
I-2055,O-892,P-072,2,419.21,0.15
I-2090,O-905,P-072,2,419.21,0
I-2105,O-912,P-072,1,419.21,0
I-2107,O-913,P-072,3,419.21,0.15
I-2158,O-937,P-072,2,419.21,0
I-2310,O-1008,P-072,1,419.21,0.05
I-2317,O-1012,P-072,1,419.21,0
I-2338,O-1020,P-072,1,419.21,0.15
I-2353,O-1027,P-072,2,419.21,0.15
I-2376,O-1038,P-072,1,419.21,0.05
I-2386,O-1042,P-072,1,419.21,0
I-2403,O-1049,P-072,2,419.21,0
I-2428,O-1064,P-072,3,419.21,0.2
I-2509,O-1101,P-072,1,419.21,0
I-2524,O-1108,P-072,1,419.21,0.1
I-2631,O-1151,P-072,1,419.21,0.1
I-2649,O-1158,P-072,2,419.21,0.05
I-2652,O-1160,P-072,1,419.21,0.1
I-2683,O-1173,P-072,2,419.21,0
I-2699,O-1181,P-072,1,419.21,0.1
I-2909,O-1274,P-072,1,419.21,0
I-3034,O-1326,P-072,2,419.21,0
I-3071,O-1341,P-072,1,419.21,0
I-3231,O-1414,P-072,1,419.21,0.05
I-3256,O-1424,P-072,1,419.21,0.2
I-3351,O-1466,P-072,1,419.21,0.05
I-3689,O-1620,P-072,2,419.21,0.1
I-3822,O-1679,P-072,2,419.21,0.05
I-4049,O-1790,P-072,1,419.21,0.15
I-4192,O-1856,P-072,1,419.21,0
I-4302,O-1903,P-072,3,419.21,0.1
I-4324,O-1911,P-072,1,419.21,0
I-4370,O-1930,P-072,3,419.21,0.15
I-4450,O-1963,P-072,1,419.21,0.05
I-4530,O-1994,P-072,1,419.21,0
I-4577,O-2015,P-072,2,419.21,0.2
I-4933,O-2168,P-072,5,419.21,0.2
I-4978,O-2186,P-072,1,419.21,0.1
I-4986,O-2188,P-072,3,419.21,0.1
I-4998,O-2195,P-072,1,419.21,0
I-5003,O-2197,P-072,2,419.21,0
I-5083,O-2228,P-072,3,419.21,0
I-5177,O-2270,P-072,2,419.21,0
I-5207,O-2283,P-072,1,419.21,0
I-5215,O-2287,P-072,1,419.21,0
I-5281,O-2314,P-072,1,419.21,0
I-5294,O-2319,P-072,1,419.21,0
I-5302,O-2321,P-072,1,419.21,0
I-5481,O-2396,P-072,2,419.21,0
I-5514,O-2411,P-072,2,419.21,0
I-5556,O-2430,P-072,1,419.21,0.05
I-5597,O-2449,P-072,1,419.21,0.05
I-5740,O-2509,P-072,1,419.21,0.05
I-5792,O-2532,P-072,3,419.21,0.05
I-5868,O-2562,P-072,2,419.21,0.05
I-5904,O-2576,P-072,2,419.21,0.05
I-5960,O-2599,P-072,3,419.21,0
I-6026,O-2625,P-072,3,419.21,0.1
I-6205,O-2705,P-072,2,419.21,0.1
I-6214,O-2709,P-072,1,419.21,0.1
I-6421,O-2797,P-072,1,419.21,0.1
I-6551,O-2856,P-072,1,419.21,0.1
I-6798,O-2961,P-072,1,419.21,0.15
I-6941,O-3024,P-072,1,419.21,0.15
I-7010,O-3053,P-072,1,419.21,0.05
I-7039,O-3066,P-072,3,419.21,0
I-7065,O-3076,P-072,2,419.21,0
I-7115,O-3099,P-072,1,419.21,0.05
I-7120,O-3100,P-072,1,419.21,0.2
I-7123,O-3101,P-072,1,419.21,0.05
I-7140,O-3106,P-072,3,419.21,0
I-7184,O-3127,P-072,3,419.21,0.15
I-7210,O-3140,P-072,2,419.21,0.1
I-7326,O-3194,P-072,1,419.21,0
I-7417,O-3232,P-072,1,419.21,0.15
I-7443,O-3244,P-072,4,419.21,0.1
I-7626,O-3323,P-072,3,419.21,0.15
I-7643,O-3331,P-072,1,419.21,0.15
I-7714,O-3363,P-072,2,419.21,0
I-7878,O-3432,P-072,5,419.21,0.1
I-7984,O-3481,P-072,2,419.21,0
I-056,O-023,P-073,2,368.225,0
I-098,O-040,P-073,1,368.225,0.1
I-167,O-070,P-073,2,368.225,0.15
I-230,O-097,P-073,3,368.225,0
I-259,O-110,P-073,3,368.225,0.2
I-516,O-221,P-073,3,368.225,0
I-531,O-226,P-073,3,368.225,0
I-563,O-242,P-073,2,368.225,0
I-596,O-255,P-073,1,368.225,0
I-625,O-266,P-073,1,368.225,0.1
I-779,O-338,P-073,1,368.225,0
I-808,O-349,P-073,1,368.225,0.1
I-827,O-358,P-073,1,368.225,0.15
I-916,O-394,P-073,2,368.225,0.05
I-1036,O-450,P-073,2,368.225,0.1
I-1136,O-491,P-073,4,368.225,0.05
I-1158,O-500,P-073,1,368.225,0
I-1260,O-545,P-073,1,368.225,0.05
I-1269,O-548,P-073,1,368.225,0.1
I-1314,O-565,P-073,1,368.225,0.1
I-1355,O-584,P-073,1,368.225,0.05
I-1360,O-588,P-073,1,368.225,0.2
I-1446,O-620,P-073,1,368.225,0
I-1470,O-630,P-073,1,368.225,0.2
I-1490,O-640,P-073,1,368.225,0.1
I-1522,O-655,P-073,1,368.225,0
I-1534,O-660,P-073,1,368.225,0.2
I-1598,O-687,P-073,4,368.225,0.15
I-1644,O-708,P-073,2,368.225,0.05
I-1649,O-711,P-073,2,368.225,0.15
I-1843,O-798,P-073,1,368.225,0
I-1974,O-859,P-073,3,368.225,0
I-2021,O-877,P-073,2,368.225,0
I-2072,O-897,P-073,1,368.225,0
I-2165,O-940,P-073,3,368.225,0.2
I-2166,O-941,P-073,5,368.225,0
I-2193,O-953,P-073,1,368.225,0
I-2295,O-1002,P-073,2,368.225,0.1
I-2379,O-1040,P-073,2,368.225,0
I-2409,O-1052,P-073,1,368.225,0
I-2439,O-1070,P-073,1,368.225,0
I-2446,O-1072,P-073,2,368.225,0.2
I-2471,O-1083,P-073,1,368.225,0.15
I-2490,O-1091,P-073,4,368.225,0.2
I-2508,O-1101,P-073,2,368.225,0
I-2594,O-1135,P-073,2,368.225,0.05
I-2682,O-1173,P-073,1,368.225,0
I-2771,O-1211,P-073,2,368.225,0.2
I-2796,O-1222,P-073,2,368.225,0.1
I-2842,O-1241,P-073,2,368.225,0.15
I-2868,O-1254,P-073,5,368.225,0.1
I-3001,O-1310,P-073,2,368.225,0
I-3015,O-1316,P-073,2,368.225,0
I-3027,O-1323,P-073,1,368.225,0
I-3091,O-1349,P-073,1,368.225,0.05
I-3095,O-1352,P-073,1,368.225,0.1
I-3223,O-1409,P-073,1,368.225,0.05
I-3266,O-1429,P-073,5,368.225,0
I-3332,O-1457,P-073,2,368.225,0.15
I-3431,O-1502,P-073,5,368.225,0.2
I-3445,O-1508,P-073,2,368.225,0
I-3716,O-1633,P-073,1,368.225,0.05
I-3779,O-1659,P-073,1,368.225,0
I-3834,O-1686,P-073,1,368.225,0.2
I-3975,O-1757,P-073,2,368.225,0
I-3988,O-1764,P-073,1,368.225,0.15
I-4006,O-1772,P-073,1,368.225,0.2
I-4022,O-1779,P-073,1,368.225,0.2
I-4177,O-1849,P-073,1,368.225,0.2
I-4280,O-1895,P-073,5,368.225,0.15
I-4498,O-1983,P-073,2,368.225,0.15
I-4588,O-2019,P-073,2,368.225,0.05
I-4649,O-2042,P-073,3,368.225,0
I-4738,O-2080,P-073,2,368.225,0
I-4782,O-2100,P-073,1,368.225,0.05
I-4799,O-2109,P-073,3,368.225,0
I-4896,O-2151,P-073,2,368.225,0
I-5021,O-2202,P-073,2,368.225,0.15
I-5036,O-2207,P-073,2,368.225,0.2
I-5039,O-2208,P-073,1,368.225,0.05
I-5164,O-2265,P-073,1,368.225,0.05
I-5237,O-2297,P-073,1,368.225,0
I-5341,O-2339,P-073,3,368.225,0.15
I-5380,O-2357,P-073,3,368.225,0.15
I-5429,O-2378,P-073,1,368.225,0.1
I-5449,O-2385,P-073,1,368.225,0.05
I-5642,O-2470,P-073,2,368.225,0.05
I-5709,O-2496,P-073,1,368.225,0
I-5929,O-2587,P-073,3,368.225,0
I-5933,O-2588,P-073,2,368.225,0.05
I-6011,O-2619,P-073,1,368.225,0
I-6034,O-2629,P-073,2,368.225,0.15
I-6037,O-2631,P-073,3,368.225,0
I-6040,O-2632,P-073,2,368.225,0.15
I-6226,O-2714,P-073,3,368.225,0.05
I-6363,O-2775,P-073,2,368.225,0.2
I-6481,O-2823,P-073,1,368.225,0
I-6485,O-2825,P-073,2,368.225,0.15
I-6532,O-2847,P-073,1,368.225,0.05
I-6586,O-2872,P-073,1,368.225,0
I-6736,O-2934,P-073,2,368.225,0.1
I-6832,O-2977,P-073,2,368.225,0
I-6844,O-2983,P-073,4,368.225,0.1
I-6916,O-3013,P-073,1,368.225,0.05
I-7067,O-3077,P-073,1,368.225,0.15
I-7112,O-3097,P-073,1,368.225,0.2
I-7148,O-3111,P-073,2,368.225,0.1
I-7177,O-3124,P-073,2,368.225,0.05
I-7235,O-3151,P-073,4,368.225,0
I-7355,O-3205,P-073,3,368.225,0.1
I-7378,O-3214,P-073,1,368.225,0
I-7415,O-3231,P-073,4,368.225,0.05
I-7670,O-3344,P-073,1,368.225,0
I-7675,O-3346,P-073,5,368.225,0
I-7831,O-3413,P-073,1,368.225,0.2
I-7982,O-3480,P-073,5,368.225,0
I-8002,O-3488,P-073,2,368.225,0
I-014,O-006,P-074,1,150.689,0.2
I-029,O-011,P-074,2,150.689,0.15
I-031,O-012,P-074,2,150.689,0
I-160,O-066,P-074,3,150.689,0
I-183,O-077,P-074,1,150.689,0
I-342,O-144,P-074,2,150.689,0.15
I-344,O-145,P-074,1,150.689,0.2
I-421,O-179,P-074,1,150.689,0
I-485,O-208,P-074,2,150.689,0
I-584,O-250,P-074,5,150.689,0
I-628,O-267,P-074,2,150.689,0.2
I-657,O-280,P-074,1,150.689,0
I-760,O-329,P-074,2,150.689,0.1
I-805,O-348,P-074,3,150.689,0.15
I-829,O-358,P-074,2,150.689,0.05
I-880,O-377,P-074,2,150.689,0.05
I-960,O-414,P-074,2,150.689,0.05
I-971,O-420,P-074,4,150.689,0
I-993,O-431,P-074,1,150.689,0.15
I-1053,O-457,P-074,1,150.689,0.2
I-1094,O-472,P-074,2,150.689,0.05
I-1170,O-505,P-074,2,150.689,0.15
I-1207,O-521,P-074,1,150.689,0
I-1258,O-544,P-074,2,150.689,0.05
I-1335,O-574,P-074,4,150.689,0.05
I-1346,O-581,P-074,1,150.689,0
I-1407,O-605,P-074,3,150.689,0
I-1420,O-609,P-074,3,150.689,0.05
I-1610,O-693,P-074,1,150.689,0.05
I-1669,O-720,P-074,1,150.689,0.1
I-1675,O-722,P-074,1,150.689,0
I-1704,O-735,P-074,1,150.689,0.1
I-1861,O-805,P-074,2,150.689,0.2
I-1864,O-806,P-074,1,150.689,0
I-1928,O-837,P-074,2,150.689,0.05
I-1950,O-848,P-074,1,150.689,0.05
I-2043,O-887,P-074,2,150.689,0.05
I-2053,O-891,P-074,2,150.689,0.2
I-2094,O-907,P-074,1,150.689,0.05
I-2137,O-926,P-074,2,150.689,0.05
I-2145,O-929,P-074,1,150.689,0
I-2149,O-931,P-074,1,150.689,0.2
I-2153,O-933,P-074,2,150.689,0.1
I-2155,O-935,P-074,1,150.689,0
I-2296,O-1003,P-074,1,150.689,0.1
I-2443,O-1071,P-074,2,150.689,0.1
I-2900,O-1270,P-074,2,150.689,0.05
I-2901,O-1271,P-074,1,150.689,0.2
I-2940,O-1288,P-074,2,150.689,0.1
I-2977,O-1303,P-074,1,150.689,0.15
I-3045,O-1330,P-074,2,150.689,0.1
I-3098,O-1353,P-074,1,150.689,0.2
I-3163,O-1380,P-074,4,150.689,0.05
I-3348,O-1464,P-074,1,150.689,0
I-3362,O-1470,P-074,2,150.689,0.15
I-3365,O-1472,P-074,1,150.689,0.1
I-3370,O-1474,P-074,4,150.689,0.1
I-3532,O-1545,P-074,1,150.689,0.1
I-3550,O-1557,P-074,1,150.689,0
I-3637,O-1595,P-074,1,150.689,0
I-3656,O-1604,P-074,2,150.689,0.05
I-3735,O-1640,P-074,2,150.689,0
I-3888,O-1712,P-074,2,150.689,0.1
I-4008,O-1772,P-074,1,150.689,0
I-4014,O-1776,P-074,3,150.689,0
I-4098,O-1813,P-074,1,150.689,0.1
I-4205,O-1861,P-074,4,150.689,0.1
I-4390,O-1938,P-074,3,150.689,0.05
I-4408,O-1947,P-074,2,150.689,0.1
I-4544,O-2001,P-074,1,150.689,0.05
I-4559,O-2007,P-074,2,150.689,0.15
I-4572,O-2013,P-074,2,150.689,0.1
I-4651,O-2043,P-074,1,150.689,0
I-4664,O-2049,P-074,1,150.689,0.1
I-4670,O-2052,P-074,3,150.689,0.1
I-4758,O-2089,P-074,1,150.689,0
I-4773,O-2097,P-074,3,150.689,0
I-4937,O-2169,P-074,1,150.689,0.2
I-4965,O-2181,P-074,1,150.689,0
I-4972,O-2184,P-074,1,150.689,0.05
I-5127,O-2249,P-074,1,150.689,0.05
I-5184,O-2273,P-074,1,150.689,0.05
I-5201,O-2280,P-074,1,150.689,0
I-5213,O-2286,P-074,1,150.689,0.05
I-5230,O-2293,P-074,2,150.689,0.05
I-5405,O-2367,P-074,2,150.689,0.1
I-5439,O-2382,P-074,4,150.689,0
I-5498,O-2403,P-074,2,150.689,0
I-5504,O-2406,P-074,4,150.689,0
I-5555,O-2429,P-074,1,150.689,0.1
I-5647,O-2472,P-074,1,150.689,0.2
I-5871,O-2563,P-074,1,150.689,0.15
I-5936,O-2589,P-074,2,150.689,0.2
I-6065,O-2644,P-074,2,150.689,0.1
I-6097,O-2658,P-074,1,150.689,0.05
I-6122,O-2671,P-074,1,150.689,0
I-6148,O-2681,P-074,2,150.689,0
I-6272,O-2735,P-074,3,150.689,0
I-6335,O-2762,P-074,2,150.689,0
I-6358,O-2774,P-074,3,150.689,0.2
I-6455,O-2812,P-074,1,150.689,0.1
I-6725,O-2930,P-074,1,150.689,0.05
I-6840,O-2981,P-074,2,150.689,0.05
I-6883,O-2998,P-074,2,150.689,0
I-6943,O-3025,P-074,3,150.689,0
I-7018,O-3057,P-074,2,150.689,0
I-7054,O-3073,P-074,2,150.689,0
I-7078,O-3082,P-074,2,150.689,0
I-7354,O-3205,P-074,1,150.689,0.05
I-7399,O-3224,P-074,1,150.689,0.1
I-7406,O-3227,P-074,3,150.689,0.1
I-7474,O-3255,P-074,2,150.689,0
I-7614,O-3318,P-074,3,150.689,0.1
I-7713,O-3362,P-074,2,150.689,0.15
I-7717,O-3364,P-074,1,150.689,0
I-7719,O-3366,P-074,3,150.689,0.05
I-7772,O-3388,P-074,1,150.689,0
I-7859,O-3425,P-074,3,150.689,0.1
I-8025,O-3496,P-074,2,150.689,0
I-059,O-024,P-075,2,288.915,0.05
I-080,O-033,P-075,2,288.915,0.2
I-134,O-056,P-075,1,288.915,0.2
I-162,O-067,P-075,1,288.915,0.05
I-204,O-085,P-075,5,288.915,0
I-205,O-086,P-075,1,288.915,0
I-347,O-147,P-075,3,288.915,0.1
I-527,O-225,P-075,1,288.915,0.2
I-564,O-242,P-075,3,288.915,0.1
I-575,O-246,P-075,2,288.915,0
I-690,O-294,P-075,3,288.915,0
I-700,O-298,P-075,1,288.915,0.2
I-751,O-325,P-075,3,288.915,0.05
I-824,O-357,P-075,1,288.915,0.1
I-931,O-401,P-075,2,288.915,0
I-1069,O-463,P-075,5,288.915,0.1
I-1084,O-468,P-075,1,288.915,0.2
I-1098,O-474,P-075,2,288.915,0.05
I-1115,O-480,P-075,3,288.915,0
I-1255,O-543,P-075,2,288.915,0.15
I-1272,O-549,P-075,2,288.915,0.1
I-1392,O-599,P-075,4,288.915,0
I-1406,O-605,P-075,2,288.915,0.2
I-1428,O-613,P-075,2,288.915,0.1
I-1580,O-679,P-075,4,288.915,0
I-1619,O-696,P-075,1,288.915,0.1
I-1764,O-764,P-075,2,288.915,0
I-1874,O-811,P-075,5,288.915,0.1
I-1879,O-813,P-075,2,288.915,0.2
I-1880,O-814,P-075,1,288.915,0.05
I-1892,O-821,P-075,4,288.915,0
I-1975,O-859,P-075,1,288.915,0.2
I-1976,O-860,P-075,2,288.915,0.2
I-2102,O-911,P-075,1,288.915,0.05
I-2312,O-1009,P-075,1,288.915,0
I-2595,O-1136,P-075,1,288.915,0.1
I-2670,O-1168,P-075,1,288.915,0
I-2740,O-1198,P-075,3,288.915,0.2
I-2770,O-1210,P-075,1,288.915,0.05
I-2854,O-1246,P-075,1,288.915,0.1
I-2893,O-1266,P-075,1,288.915,0.15
I-2944,O-1289,P-075,2,288.915,0.15
I-3060,O-1336,P-075,3,288.915,0.05
I-3096,O-1352,P-075,2,288.915,0.05
I-3221,O-1408,P-075,1,288.915,0
I-3305,O-1446,P-075,1,288.915,0.1
I-3427,O-1500,P-075,1,288.915,0
I-3705,O-1628,P-075,2,288.915,0.05
I-3720,O-1635,P-075,1,288.915,0.05
I-3774,O-1657,P-075,4,288.915,0.1
I-3795,O-1667,P-075,1,288.915,0.15
I-3806,O-1671,P-075,2,288.915,0.1
I-3845,O-1692,P-075,1,288.915,0
I-3977,O-1759,P-075,2,288.915,0.2
I-4196,O-1857,P-075,2,288.915,0.1
I-4291,O-1899,P-075,1,288.915,0
I-4292,O-1899,P-075,1,288.915,0
I-4303,O-1904,P-075,4,288.915,0.1
I-4306,O-1905,P-075,1,288.915,0.15
I-4514,O-1990,P-075,2,288.915,0
I-4790,O-2105,P-075,4,288.915,0
I-4824,O-2120,P-075,1,288.915,0.2
I-4879,O-2143,P-075,5,288.915,0.1
I-4973,O-2184,P-075,2,288.915,0.1
I-4994,O-2192,P-075,5,288.915,0
I-5136,O-2252,P-075,1,288.915,0
I-5137,O-2253,P-075,1,288.915,0.1
I-5145,O-2257,P-075,5,288.915,0
I-5181,O-2272,P-075,2,288.915,0.15
I-5308,O-2323,P-075,4,288.915,0.15
I-5372,O-2353,P-075,3,288.915,0
I-5534,O-2420,P-075,2,288.915,0.1
I-5631,O-2465,P-075,3,288.915,0
I-5636,O-2466,P-075,1,288.915,0
I-5739,O-2509,P-075,2,288.915,0
I-5760,O-2520,P-075,1,288.915,0.1
I-5943,O-2592,P-075,4,288.915,0
I-5992,O-2612,P-075,1,288.915,0
I-6113,O-2667,P-075,1,288.915,0
I-6155,O-2683,P-075,2,288.915,0.1
I-6186,O-2695,P-075,1,288.915,0
I-6206,O-2705,P-075,1,288.915,0
I-6290,O-2743,P-075,5,288.915,0.15
I-6366,O-2778,P-075,3,288.915,0
I-6534,O-2849,P-075,2,288.915,0
I-6827,O-2974,P-075,2,288.915,0
I-6855,O-2988,P-075,2,288.915,0.05
I-6946,O-3026,P-075,5,288.915,0.05
I-6955,O-3029,P-075,1,288.915,0.15
I-7029,O-3061,P-075,2,288.915,0.1
I-7129,O-3102,P-075,1,288.915,0.15
I-7158,O-3116,P-075,1,288.915,0.15
I-7173,O-3122,P-075,2,288.915,0.1
I-7267,O-3163,P-075,1,288.915,0.1
I-7351,O-3204,P-075,5,288.915,0.05
I-7416,O-3231,P-075,1,288.915,0.05
I-7426,O-3236,P-075,2,288.915,0
I-7456,O-3249,P-075,2,288.915,0.05
I-7620,O-3320,P-075,1,288.915,0.05
I-7990,O-3484,P-075,1,288.915,0.05
I-267,O-114,P-076,1,566.48867,0
I-271,O-115,P-076,3,566.48867,0
I-313,O-131,P-076,1,566.48867,0
I-620,O-264,P-076,3,566.48867,0
I-1026,O-445,P-076,1,566.48867,0
I-1102,O-475,P-076,4,566.48867,0
I-1142,O-494,P-076,2,566.48867,0
I-1148,O-496,P-076,2,566.48867,0
I-1301,O-560,P-076,3,566.48867,0
I-1330,O-572,P-076,1,566.48867,0
I-1422,O-610,P-076,1,566.48867,0
I-1434,O-615,P-076,1,566.48867,0.05
I-1438,O-617,P-076,2,566.48867,0.05
I-1541,O-664,P-076,1,566.48867,0.05
I-1599,O-688,P-076,1,566.48867,0.05
I-1718,O-742,P-076,1,566.48867,0.05
I-1739,O-752,P-076,1,566.48867,0.05
I-1758,O-760,P-076,3,566.48867,0
I-1845,O-799,P-076,3,566.48867,0.1
I-1944,O-845,P-076,2,566.48867,0.1
I-1957,O-851,P-076,1,566.48867,0.1
I-1998,O-868,P-076,1,566.48867,0.1
I-2037,O-885,P-076,1,566.48867,0.1
I-2056,O-892,P-076,4,566.48867,0.15
I-2087,O-904,P-076,2,566.48867,0.15
I-2127,O-921,P-076,1,566.48867,0.15
I-2238,O-977,P-076,3,566.48867,0.05
I-2243,O-980,P-076,2,566.48867,0
I-2254,O-984,P-076,2,566.48867,0
I-2267,O-990,P-076,1,566.48867,0
I-2390,O-1044,P-076,1,566.48867,0
I-2391,O-1045,P-076,1,566.48867,0
I-2396,O-1046,P-076,1,566.48867,0
I-2654,O-1161,P-076,3,566.48867,0
I-2781,O-1215,P-076,3,566.48867,0
I-2816,O-1231,P-076,1,566.48867,0
I-2841,O-1241,P-076,1,566.48867,0
I-2947,O-1291,P-076,1,566.48867,0
I-3048,O-1331,P-076,1,566.48867,0.05
I-3241,O-1418,P-076,2,566.48867,0.05
I-3265,O-1428,P-076,2,566.48867,0.05
I-3284,O-1437,P-076,1,566.48867,0.05
I-3288,O-1438,P-076,1,566.48867,0.05
I-3434,O-1503,P-076,1,566.48867,0.05
I-3680,O-1616,P-076,1,566.48867,0
I-3688,O-1620,P-076,2,566.48867,0.1
I-3810,O-1673,P-076,1,566.48867,0.1
I-3816,O-1676,P-076,2,566.48867,0.1
I-3848,O-1692,P-076,1,566.48867,0.1
I-3916,O-1724,P-076,1,566.48867,0.1
I-4042,O-1788,P-076,1,566.48867,0.15
I-4045,O-1789,P-076,2,566.48867,0.15
I-4097,O-1812,P-076,1,566.48867,0.15
I-4139,O-1830,P-076,1,566.48867,0.05
I-4208,O-1862,P-076,1,566.48867,0
I-4218,O-1866,P-076,2,566.48867,0
I-4456,O-1966,P-076,1,566.48867,0
I-4524,O-1993,P-076,1,566.48867,0
I-4616,O-2030,P-076,2,566.48867,0
I-4706,O-2067,P-076,1,566.48867,0
I-4711,O-2069,P-076,1,566.48867,0
I-4784,O-2101,P-076,1,566.48867,0
I-4842,O-2128,P-076,2,566.48867,0
I-4968,O-2182,P-076,2,566.48867,0
I-5015,O-2200,P-076,1,566.48867,0
I-5081,O-2228,P-076,5,566.48867,0.05
I-5138,O-2253,P-076,1,566.48867,0.05
I-5239,O-2298,P-076,1,566.48867,0.05
I-5289,O-2317,P-076,3,566.48867,0.05
I-5586,O-2444,P-076,1,566.48867,0.05
I-5777,O-2526,P-076,2,566.48867,0.05
I-5825,O-2544,P-076,4,566.48867,0
I-5879,O-2567,P-076,3,566.48867,0.1
I-5914,O-2580,P-076,1,566.48867,0.1
I-5961,O-2599,P-076,1,566.48867,0.1
I-6029,O-2626,P-076,3,566.48867,0.1
I-6108,O-2665,P-076,2,566.48867,0.1
I-6135,O-2676,P-076,1,566.48867,0.15
I-6144,O-2680,P-076,3,566.48867,0.15
I-6156,O-2683,P-076,3,566.48867,0.15
I-6209,O-2707,P-076,2,566.48867,0.05
I-6249,O-2725,P-076,1,566.48867,0
I-6420,O-2797,P-076,5,566.48867,0
I-6493,O-2828,P-076,1,566.48867,0
I-6514,O-2837,P-076,1,566.48867,0
I-6517,O-2839,P-076,2,566.48867,0
I-6689,O-2916,P-076,1,566.48867,0
I-6845,O-2983,P-076,1,566.48867,0
I-6907,O-3009,P-076,2,566.48867,0
I-7055,O-3073,P-076,1,566.48867,0
I-7144,O-3108,P-076,1,566.48867,0
I-7220,O-3144,P-076,2,566.48867,0
I-7243,O-3153,P-076,1,566.48867,0.05
I-7341,O-3200,P-076,1,566.48867,0.05
I-7556,O-3290,P-076,4,566.48867,0.05
I-7575,O-3302,P-076,3,566.48867,0.05
I-7649,O-3334,P-076,3,566.48867,0.05
I-7672,O-3345,P-076,1,566.48867,0.05
I-7755,O-3380,P-076,1,566.48867,0
I-7785,O-3393,P-076,3,566.48867,0.1
I-7991,O-3485,P-076,1,566.48867,0.1
I-123,O-051,P-077,2,591.41467,0.1
I-237,O-100,P-077,1,591.41467,0.1
I-253,O-107,P-077,2,591.41467,0.1
I-306,O-128,P-077,4,591.41467,0.15
I-468,O-199,P-077,2,591.41467,0.15
I-480,O-205,P-077,2,591.41467,0.15
I-499,O-214,P-077,1,591.41467,0.05
I-570,O-244,P-077,2,591.41467,0
I-616,O-263,P-077,1,591.41467,0
I-682,O-291,P-077,2,591.41467,0
I-872,O-374,P-077,1,591.41467,0
I-881,O-378,P-077,1,591.41467,0
I-998,O-433,P-077,2,591.41467,0
I-1265,O-546,P-077,1,591.41467,0
I-1358,O-586,P-077,1,591.41467,0
I-1463,O-627,P-077,3,591.41467,0
I-1484,O-636,P-077,1,591.41467,0
I-1574,O-677,P-077,1,591.41467,0
I-1604,O-690,P-077,1,591.41467,0.05
I-1638,O-706,P-077,4,591.41467,0.05
I-1676,O-722,P-077,3,591.41467,0.05
I-1687,O-726,P-077,1,591.41467,0.05
I-1860,O-804,P-077,1,591.41467,0.05
I-1935,O-841,P-077,2,591.41467,0.05
I-2156,O-936,P-077,4,591.41467,0
I-2236,O-976,P-077,1,591.41467,0.1
I-2244,O-980,P-077,3,591.41467,0.1
I-2264,O-989,P-077,2,591.41467,0.1
I-2369,O-1035,P-077,2,591.41467,0.1
I-2384,O-1042,P-077,2,591.41467,0.1
I-2417,O-1058,P-077,1,591.41467,0.15
I-2477,O-1084,P-077,1,591.41467,0.15
I-2546,O-1116,P-077,3,591.41467,0.15
I-2571,O-1125,P-077,4,591.41467,0.05
I-2587,O-1131,P-077,1,591.41467,0
I-2601,O-1139,P-077,1,591.41467,0
I-2665,O-1165,P-077,2,591.41467,0
I-2746,O-1202,P-077,1,591.41467,0
I-2769,O-1210,P-077,1,591.41467,0
I-2776,O-1212,P-077,4,591.41467,0
I-2848,O-1243,P-077,2,591.41467,0
I-2867,O-1253,P-077,1,591.41467,0
I-2874,O-1259,P-077,1,591.41467,0
I-2884,O-1262,P-077,1,591.41467,0
I-2905,O-1273,P-077,2,591.41467,0
I-2922,O-1281,P-077,1,591.41467,0.05
I-3151,O-1375,P-077,5,591.41467,0.05
I-3247,O-1420,P-077,3,591.41467,0.05
I-3263,O-1427,P-077,2,591.41467,0.05
I-3301,O-1444,P-077,2,591.41467,0.05
I-3408,O-1492,P-077,2,591.41467,0.05
I-3492,O-1529,P-077,2,591.41467,0
I-3498,O-1531,P-077,2,591.41467,0.1
I-3593,O-1575,P-077,1,591.41467,0.1
I-3830,O-1683,P-077,2,591.41467,0.1
I-3995,O-1767,P-077,1,591.41467,0.1
I-4084,O-1808,P-077,1,591.41467,0.1
I-4108,O-1817,P-077,1,591.41467,0.15
I-4143,O-1833,P-077,3,591.41467,0.15
I-4285,O-1896,P-077,2,591.41467,0.15
I-4317,O-1909,P-077,1,591.41467,0.05
I-4326,O-1912,P-077,2,591.41467,0
I-4344,O-1919,P-077,1,591.41467,0
I-4409,O-1947,P-077,2,591.41467,0
I-4488,O-1980,P-077,1,591.41467,0
I-4608,O-2027,P-077,1,591.41467,0
I-4720,O-2073,P-077,2,591.41467,0
I-4786,O-2103,P-077,1,591.41467,0
I-4808,O-2112,P-077,2,591.41467,0
I-4870,O-2139,P-077,1,591.41467,0
I-4878,O-2143,P-077,2,591.41467,0
I-4955,O-2177,P-077,1,591.41467,0
I-4962,O-2180,P-077,2,591.41467,0.05
I-4974,O-2185,P-077,5,591.41467,0.05
I-4991,O-2191,P-077,5,591.41467,0.05
I-5095,O-2235,P-077,1,591.41467,0.05
I-5108,O-2241,P-077,2,591.41467,0.05
I-5151,O-2259,P-077,3,591.41467,0.05
I-5174,O-2269,P-077,1,591.41467,0
I-5521,O-2414,P-077,3,591.41467,0.1
I-5576,O-2439,P-077,2,591.41467,0.1
I-5609,O-2454,P-077,3,591.41467,0.1
I-5656,O-2475,P-077,1,591.41467,0.1
I-5668,O-2481,P-077,1,591.41467,0.1
I-5786,O-2529,P-077,1,591.41467,0.15
I-5812,O-2540,P-077,5,591.41467,0.15
I-5819,O-2542,P-077,1,591.41467,0.15
I-5884,O-2568,P-077,1,591.41467,0.05
I-5924,O-2585,P-077,2,591.41467,0
I-6538,O-2850,P-077,1,591.41467,0
I-6569,O-2865,P-077,3,591.41467,0
I-6671,O-2908,P-077,1,591.41467,0
I-7125,O-3101,P-077,1,591.41467,0
I-7282,O-3171,P-077,3,591.41467,0
I-7307,O-3185,P-077,3,591.41467,0
I-7500,O-3267,P-077,3,591.41467,0
I-7504,O-3269,P-077,1,591.41467,0
I-7540,O-3284,P-077,2,591.41467,0
I-7590,O-3308,P-077,2,591.41467,0
I-7632,O-3326,P-077,1,591.41467,0.05
I-7820,O-3410,P-077,1,591.41467,0.05
I-7845,O-3418,P-077,1,591.41467,0.05
I-7904,O-3444,P-077,2,591.41467,0.05
I-7919,O-3449,P-077,1,591.41467,0.05
I-7957,O-3467,P-077,1,591.41467,0.05
I-7988,O-3484,P-077,1,591.41467,0
I-087,O-035,P-078,2,629.93667,0.1
I-182,O-077,P-078,1,629.93667,0.1
I-248,O-104,P-078,1,629.93667,0.1
I-359,O-152,P-078,1,629.93667,0.1
I-390,O-166,P-078,1,629.93667,0.1
I-459,O-193,P-078,1,629.93667,0.15
I-528,O-225,P-078,1,629.93667,0.15
I-687,O-293,P-078,3,629.93667,0.15
I-796,O-345,P-078,2,629.93667,0.05
I-839,O-361,P-078,2,629.93667,0
I-958,O-413,P-078,5,629.93667,0
I-1077,O-466,P-078,2,629.93667,0
I-1113,O-479,P-078,1,629.93667,0
I-1253,O-542,P-078,3,629.93667,0
I-1473,O-631,P-078,1,629.93667,0
I-1478,O-633,P-078,4,629.93667,0
I-1674,O-722,P-078,1,629.93667,0
I-1695,O-730,P-078,2,629.93667,0
I-1802,O-782,P-078,2,629.93667,0
I-1907,O-830,P-078,2,629.93667,0
I-1954,O-849,P-078,1,629.93667,0.05
I-1992,O-866,P-078,2,629.93667,0.05
I-2023,O-877,P-078,1,629.93667,0.05
I-2059,O-893,P-078,1,629.93667,0.05
I-2180,O-947,P-078,2,629.93667,0.05
I-2322,O-1014,P-078,3,629.93667,0.05
I-2357,O-1029,P-078,5,629.93667,0
I-2365,O-1033,P-078,2,629.93667,0.1
I-2419,O-1059,P-078,1,629.93667,0.1
I-2527,O-1109,P-078,3,629.93667,0.1
I-2626,O-1149,P-078,1,629.93667,0.1
I-2916,O-1278,P-078,3,629.93667,0.1
I-3160,O-1379,P-078,2,629.93667,0.15
I-3206,O-1400,P-078,1,629.93667,0.15
I-3452,O-1512,P-078,4,629.93667,0.15
I-3485,O-1526,P-078,1,629.93667,0.05
I-3499,O-1532,P-078,1,629.93667,0
I-3682,O-1617,P-078,2,629.93667,0
I-3865,O-1701,P-078,1,629.93667,0
I-3943,O-1739,P-078,5,629.93667,0
I-3979,O-1760,P-078,2,629.93667,0
I-4118,O-1820,P-078,2,629.93667,0
I-4169,O-1845,P-078,3,629.93667,0
I-4239,O-1875,P-078,1,629.93667,0
I-4250,O-1881,P-078,2,629.93667,0
I-4372,O-1931,P-078,1,629.93667,0
I-4416,O-1951,P-078,4,629.93667,0
I-4537,O-1998,P-078,1,629.93667,0.05
I-4674,O-2054,P-078,4,629.93667,0.05
I-4686,O-2059,P-078,1,629.93667,0.05
I-4695,O-2063,P-078,2,629.93667,0.05
I-4704,O-2067,P-078,2,629.93667,0.05
I-4797,O-2108,P-078,1,629.93667,0.05
I-4925,O-2165,P-078,2,629.93667,0
I-4946,O-2173,P-078,2,629.93667,0.1
I-5077,O-2226,P-078,1,629.93667,0.1
I-5117,O-2245,P-078,1,629.93667,0.1
I-5190,O-2276,P-078,2,629.93667,0.1
I-5219,O-2289,P-078,2,629.93667,0.1
I-5253,O-2304,P-078,1,629.93667,0.15
I-5267,O-2309,P-078,1,629.93667,0.15
I-5271,O-2310,P-078,2,629.93667,0.15
I-5541,O-2423,P-078,4,629.93667,0.05
I-5658,O-2476,P-078,3,629.93667,0
I-5719,O-2500,P-078,1,629.93667,0
I-5761,O-2520,P-078,1,629.93667,0
I-5779,O-2527,P-078,1,629.93667,0
I-6048,O-2634,P-078,2,629.93667,0
I-6171,O-2689,P-078,1,629.93667,0
I-6303,O-2749,P-078,2,629.93667,0
I-6457,O-2814,P-078,2,629.93667,0
I-6478,O-2822,P-078,1,629.93667,0
I-6539,O-2851,P-078,2,629.93667,0
I-6547,O-2855,P-078,4,629.93667,0
I-6550,O-2855,P-078,1,629.93667,0.05
I-6555,O-2858,P-078,1,629.93667,0.05
I-6668,O-2906,P-078,3,629.93667,0.05
I-6737,O-2934,P-078,1,629.93667,0.05
I-6763,O-2946,P-078,1,629.93667,0.05
I-6986,O-3045,P-078,3,629.93667,0.05
I-7073,O-3080,P-078,2,629.93667,0
I-7145,O-3108,P-078,1,629.93667,0.1
I-7252,O-3157,P-078,1,629.93667,0.1
I-7268,O-3163,P-078,1,629.93667,0.1
I-7356,O-3206,P-078,1,629.93667,0.1
I-7671,O-3344,P-078,5,629.93667,0.1
I-7693,O-3354,P-078,1,629.93667,0.15
I-7698,O-3356,P-078,1,629.93667,0.15
