OrderID,CustomerID,OrderDate,Country
O-001,C-354,2025-07-28,France
O-002,C-257,2026-04-28,United States
O-003,C-362,2025-05-22,Greece
O-004,C-288,2025-11-29,Czech Republic
O-005,C-270,2026-01-21,Germany
O-006,C-490,2025-06-27,Czech Republic
O-007,C-468,2026-06-30,Germany
O-008,C-280,2025-12-29,Spain
O-009,C-313,2026-05-11,Greece
O-010,C-491,2025-09-10,Italy
O-011,C-286,2025-11-02,Greece
O-012,C-483,2025-11-01,Italy
O-013,C-361,2025-08-01,Czech Republic
O-014,C-163,2026-05-07,Spain
O-015,C-287,2025-10-08,Italy
O-016,C-063,2026-01-24,Germany
O-017,C-420,2025-12-20,Georgia
O-018,C-149,2025-02-13,Italy
O-019,C-490,2025-03-22,Germany
O-020,C-474,2026-03-29,Italy
O-021,C-383,2026-05-06,Greece
O-022,C-104,2025-10-05,Spain
O-023,C-071,2025-04-22,Greece
O-024,C-125,2025-02-21,Italy
O-025,C-327,2025-08-27,United States
O-026,C-052,2026-02-28,Germany
O-027,C-368,2026-04-29,United Kingdom
O-028,C-349,2025-05-21,United States
O-029,C-494,2025-06-11,France
O-030,C-335,2026-05-03,Czech Republic
O-031,C-334,2025-07-24,Spain
O-032,C-165,2025-10-20,United States
O-033,C-465,2025-04-02,Greece
O-034,C-274,2025-02-08,Georgia
O-035,C-214,2025-06-30,United Kingdom
O-036,C-429,2026-02-11,Georgia
O-037,C-404,2026-05-23,United Kingdom
O-038,C-096,2025-10-24,Italy
O-039,C-449,2025-02-08,Greece
O-040,C-005,2025-11-02,United Kingdom
O-041,C-291,2025-04-20,Georgia
O-042,C-476,2025-12-10,Czech Republic
O-043,C-146,2026-04-11,Greece
O-044,C-329,2026-06-21,Germany
O-045,C-253,2025-05-18,United States
O-046,C-436,2026-06-01,Italy
O-047,C-240,2025-10-07,Georgia
O-048,C-099,2025-04-26,Georgia
O-049,C-170,2025-06-16,Italy
O-050,C-375,2026-04-15,France
O-051,C-332,2025-09-21,United Kingdom
O-052,C-368,2025-07-10,Spain
O-053,C-008,2025-12-12,France
O-054,C-405,2025-10-30,Greece
O-055,C-291,2025-07-17,Georgia
O-056,C-090,2026-02-20,France
O-057,C-424,2026-03-14,United States
O-058,C-264,2025-12-02,Spain
O-059,C-045,2026-02-15,United States
O-060,C-343,2025-04-08,United Kingdom
O-061,C-095,2025-05-24,Greece
O-062,C-245,2025-11-28,Italy
O-063,C-480,2025-09-12,Italy
O-064,C-004,2025-09-25,United States
O-065,C-197,2025-08-30,Greece
O-066,C-229,2025-10-01,Italy
O-067,C-489,2025-12-04,Spain
O-068,C-155,2025-01-12,Italy
O-069,C-134,2026-01-04,Germany
O-070,C-355,2025-08-30,Italy
O-071,C-032,2025-05-02,Spain
O-072,C-239,2025-11-11,Greece
O-073,C-082,2026-02-20,Italy
O-074,C-352,2026-05-30,Germany
O-075,C-473,2025-11-15,Czech Republic
O-076,C-354,2025-05-01,United Kingdom
O-077,C-328,2025-10-30,United Kingdom
O-078,C-189,2025-08-15,Czech Republic
O-079,C-113,2025-05-17,Spain
O-080,C-245,2025-06-06,Italy
O-081,C-233,2026-01-18,Greece
O-082,C-213,2026-04-28,France
O-083,C-388,2025-08-12,Germany
O-084,C-391,2025-09-11,United Kingdom
O-085,C-349,2025-03-25,Georgia
O-086,C-270,2026-04-03,Greece
O-087,C-271,2026-01-06,United States
O-088,C-040,2025-04-25,Czech Republic
O-089,C-032,2026-06-02,Spain
O-090,C-104,2025-06-03,Italy
O-091,C-085,2025-12-02,Greece
O-092,C-438,2026-06-17,United Kingdom
O-093,C-227,2025-04-30,Greece
O-094,C-349,2025-07-30,Georgia
O-095,C-368,2026-05-16,Spain
O-096,C-047,2026-06-07,Italy
O-097,C-229,2025-02-26,Italy
O-098,C-233,2025-05-16,Greece
O-099,C-263,2026-03-02,Greece
O-100,C-234,2025-03-01,Greece
O-101,C-287,2026-04-19,Czech Republic
O-102,C-345,2025-11-12,United States
O-103,C-371,2025-01-23,Spain
O-104,C-203,2025-09-18,Spain
O-105,C-419,2025-01-04,Germany
O-106,C-382,2025-08-12,Greece
O-107,C-297,2025-03-16,Italy
O-108,C-024,2026-03-10,Czech Republic
O-109,C-177,2025-03-07,Czech Republic
O-110,C-278,2025-03-03,United Kingdom
O-111,C-479,2025-03-12,Czech Republic
O-112,C-479,2026-04-29,Czech Republic
O-113,C-017,2025-10-21,Czech Republic
O-114,C-210,2025-07-04,France
O-115,C-394,2025-05-19,Spain
O-116,C-393,2026-03-07,Georgia
O-117,C-192,2026-01-27,France
O-118,C-230,2026-01-22,Czech Republic
O-119,C-193,2025-03-24,Czech Republic
O-120,C-350,2025-05-17,France
O-121,C-335,2025-12-23,Georgia
O-122,C-061,2025-07-02,Greece
O-123,C-276,2026-02-07,Germany
O-124,C-271,2025-05-11,United States
O-125,C-373,2025-08-17,Germany
O-126,C-428,2025-01-04,Italy
O-127,C-388,2025-01-24,Germany
O-128,C-153,2026-04-20,United States
O-129,C-345,2026-03-11,United States
O-130,C-273,2026-01-24,United States
O-131,C-422,2025-08-24,France
O-132,C-127,2026-04-17,Czech Republic
O-133,C-178,2025-06-08,United States
O-134,C-142,2025-07-13,Greece
O-135,C-480,2025-04-26,Italy
O-136,C-017,2026-03-06,Czech Republic
O-137,C-315,2025-01-17,Italy
O-138,C-124,2025-07-31,Greece
O-139,C-035,2025-04-14,United Kingdom
O-140,C-305,2025-02-04,Georgia
O-141,C-229,2025-02-19,Italy
O-142,C-126,2025-02-15,Czech Republic
O-143,C-206,2026-03-26,France
O-144,C-120,2025-08-11,Italy
O-145,C-387,2025-02-27,Georgia
O-146,C-072,2026-05-31,United Kingdom
O-147,C-149,2025-08-28,Czech Republic
O-148,C-418,2025-11-23,France
O-149,C-296,2025-11-25,Germany
O-150,C-122,2025-11-06,United States
O-151,C-449,2025-05-27,Greece
O-152,C-339,2026-06-18,France
O-153,C-114,2026-02-28,Germany
O-154,C-154,2025-10-09,Georgia
O-155,C-032,2025-06-29,Spain
O-156,C-321,2026-03-14,Czech Republic
O-157,C-285,2026-05-23,Czech Republic
O-158,C-025,2025-12-19,United States
O-159,C-483,2026-01-26,Spain
O-160,C-403,2026-06-22,France
O-161,C-164,2026-03-03,Italy
O-162,C-210,2025-06-02,France
O-163,C-154,2026-01-21,Georgia
O-164,C-095,2026-04-30,Greece
O-165,C-124,2025-08-19,Greece
O-166,C-154,2025-05-28,Georgia
O-167,C-413,2026-04-20,United Kingdom
O-168,C-469,2025-03-01,Greece
O-169,C-288,2026-02-27,Greece
O-170,C-496,2026-03-03,United States
O-171,C-286,2026-06-27,Germany
O-172,C-069,2026-02-02,Germany
O-173,C-125,2025-09-19,United Kingdom
O-174,C-105,2025-12-05,Czech Republic
O-175,C-332,2025-03-22,United Kingdom
O-176,C-473,2026-04-06,Czech Republic
O-177,C-434,2026-01-15,France
O-178,C-048,2025-07-15,Germany
O-179,C-027,2025-10-02,United Kingdom
O-180,C-194,2025-02-10,France
O-181,C-448,2025-03-16,Italy
O-182,C-097,2025-08-11,Spain
O-183,C-246,2025-08-02,Italy
O-184,C-446,2025-12-07,Georgia
O-185,C-156,2025-01-16,Spain
O-186,C-109,2025-07-14,Czech Republic
O-187,C-493,2025-05-01,Spain
O-188,C-383,2026-05-06,Spain
O-189,C-469,2025-09-06,Greece
O-190,C-357,2025-07-29,Italy
O-191,C-204,2025-09-03,Italy
O-192,C-283,2025-11-26,Georgia
O-193,C-398,2025-10-17,France
O-194,C-195,2026-04-23,Greece
O-195,C-274,2026-01-03,Greece
O-196,C-158,2025-09-25,France
O-197,C-185,2026-06-10,United Kingdom
O-198,C-452,2026-05-25,Italy
O-199,C-239,2025-04-11,Greece
O-200,C-412,2026-04-26,France
O-201,C-390,2025-11-24,Germany
O-202,C-469,2025-07-28,Greece
O-203,C-190,2025-11-17,Germany
O-204,C-212,2025-02-16,Czech Republic
O-205,C-289,2025-08-15,Germany
O-206,C-380,2025-05-30,United States
O-207,C-009,2025-09-25,Greece
O-208,C-284,2026-03-04,Czech Republic
O-209,C-152,2025-06-06,Czech Republic
O-210,C-101,2025-12-04,Germany
O-211,C-118,2026-01-24,Georgia
O-212,C-292,2025-09-09,United Kingdom
O-213,C-256,2025-12-12,United States
O-214,C-132,2026-05-16,Italy
O-215,C-495,2026-05-18,Italy
O-216,C-236,2025-06-22,Germany
O-217,C-376,2025-12-27,Czech Republic
O-218,C-087,2025-05-24,Germany
O-219,C-369,2026-05-16,Italy
O-220,C-095,2025-03-02,Greece
O-221,C-269,2025-02-04,Czech Republic
O-222,C-430,2025-03-18,Czech Republic
O-223,C-484,2025-02-19,Georgia
O-224,C-392,2025-01-07,United States
O-225,C-212,2025-05-21,Czech Republic
O-226,C-432,2025-08-25,France
O-227,C-035,2025-06-04,United Kingdom
O-228,C-005,2025-08-12,United Kingdom
O-229,C-259,2026-04-12,Czech Republic
O-230,C-192,2025-03-03,France
O-231,C-317,2026-05-10,United States
O-232,C-338,2026-05-15,Spain
O-233,C-009,2025-01-07,Greece
O-234,C-273,2026-02-26,United States
O-235,C-007,2025-01-18,France
O-236,C-272,2025-10-09,Czech Republic
O-237,C-275,2025-10-21,Georgia
O-238,C-009,2026-05-30,Greece
O-239,C-417,2026-03-17,Germany
O-240,C-413,2025-07-03,United Kingdom
O-241,C-055,2025-04-09,Georgia
O-242,C-269,2025-06-02,Czech Republic
O-243,C-124,2025-07-16,Greece
O-244,C-318,2026-06-24,Greece
O-245,C-130,2025-12-29,Czech Republic
O-246,C-137,2026-02-11,Italy
O-247,C-041,2026-01-18,Italy
O-248,C-492,2026-02-20,Italy
O-249,C-236,2025-09-07,Germany
O-250,C-357,2025-08-20,Italy
O-251,C-154,2025-03-24,Georgia
O-252,C-335,2025-02-02,Georgia
O-253,C-048,2026-02-20,Germany
O-254,C-195,2026-01-22,Greece
O-255,C-283,2026-05-03,Georgia
O-256,C-029,2025-01-10,Greece
O-257,C-360,2025-06-25,Germany
O-258,C-043,2026-05-27,Greece
O-259,C-433,2026-03-21,United Kingdom
O-260,C-331,2025-12-06,Georgia
O-261,C-290,2025-04-08,Germany
O-262,C-459,2026-06-25,Italy
O-263,C-471,2025-02-13,Czech Republic
O-264,C-118,2025-08-05,Georgia
O-265,C-462,2026-05-02,France
O-266,C-139,2025-02-17,France
O-267,C-474,2025-03-18,Spain
O-268,C-351,2025-10-15,Georgia
O-269,C-461,2025-02-03,United States
O-270,C-092,2025-11-19,Germany
O-271,C-009,2025-08-01,Greece
O-272,C-301,2025-05-28,Greece
O-273,C-386,2026-02-12,United Kingdom
O-274,C-476,2025-03-20,Czech Republic
O-275,C-154,2025-06-16,Georgia
O-276,C-289,2025-09-04,Germany
O-277,C-291,2026-02-03,Georgia
O-278,C-347,2025-12-06,Czech Republic
O-279,C-197,2025-05-24,Greece
O-280,C-405,2025-03-22,Greece
O-281,C-257,2025-12-21,United Kingdom
O-282,C-028,2025-04-11,United Kingdom
O-283,C-224,2025-08-26,Germany
O-284,C-430,2025-03-19,Czech Republic
O-285,C-175,2026-02-11,Italy
O-286,C-497,2025-12-01,Czech Republic
O-287,C-016,2025-10-07,Czech Republic
O-288,C-402,2026-04-07,Czech Republic
O-289,C-252,2025-08-22,Spain
O-290,C-183,2026-01-20,Germany
O-291,C-222,2025-07-10,Italy
O-292,C-349,2026-01-25,Georgia
O-293,C-044,2025-10-30,Italy
O-294,C-409,2025-09-10,Spain
O-295,C-366,2025-03-17,Germany
O-296,C-043,2025-10-02,Greece
O-297,C-079,2026-01-25,Greece
O-298,C-365,2025-06-07,United States
O-299,C-379,2026-02-03,France
O-300,C-163,2026-01-05,France
O-301,C-055,2025-04-04,Georgia
O-302,C-003,2025-11-12,Czech Republic
O-303,C-228,2026-01-04,Greece
O-304,C-390,2025-10-04,Germany
O-305,C-053,2025-05-16,Greece
O-306,C-045,2025-07-11,United States
O-307,C-221,2026-04-05,United Kingdom
O-308,C-286,2026-06-09,Germany
O-309,C-209,2025-04-16,Greece
O-310,C-014,2025-04-02,Georgia
O-311,C-182,2025-04-06,France
O-312,C-306,2025-11-29,Germany
O-313,C-443,2026-01-30,United Kingdom
O-314,C-007,2025-10-26,France
O-315,C-212,2026-02-02,Czech Republic
O-316,C-399,2025-03-28,Italy
O-317,C-372,2025-09-06,Italy
O-318,C-293,2026-06-18,Spain
O-319,C-087,2026-01-25,Germany
O-320,C-087,2025-05-23,Germany
O-321,C-138,2025-11-05,Greece
O-322,C-138,2026-05-20,Greece
O-323,C-075,2025-03-06,Germany
O-324,C-086,2026-03-22,Greece
O-325,C-142,2026-03-08,Greece
O-326,C-154,2026-05-11,Georgia
O-327,C-401,2025-03-20,Spain
O-328,C-185,2025-09-15,United Kingdom
O-329,C-484,2025-09-10,Georgia
O-330,C-370,2026-05-23,Greece
O-331,C-305,2025-07-20,Georgia
O-332,C-235,2025-04-20,Italy
O-333,C-070,2025-11-08,Greece
O-334,C-004,2026-02-10,United States
O-335,C-171,2026-01-25,Greece
O-336,C-412,2025-12-04,France
O-337,C-226,2025-12-09,Georgia
O-338,C-221,2025-05-20,United Kingdom
O-339,C-154,2025-11-25,Georgia
O-340,C-309,2025-07-25,Georgia
O-341,C-246,2025-11-18,Italy
O-342,C-091,2026-02-12,Spain
O-343,C-496,2025-11-23,United States
O-344,C-150,2026-05-18,Greece
O-345,C-496,2025-09-06,United States
O-346,C-167,2026-01-21,Czech Republic
O-347,C-144,2026-02-07,Germany
O-348,C-187,2025-04-27,United States
O-349,C-478,2025-07-24,Spain
O-350,C-304,2025-07-04,Italy
O-351,C-350,2025-01-28,France
O-352,C-488,2026-04-18,Czech Republic
O-353,C-483,2025-08-03,Spain
O-354,C-225,2025-10-26,Germany
O-355,C-426,2025-03-12,United Kingdom
O-356,C-420,2026-02-23,Germany
O-357,C-345,2026-05-27,United States
O-358,C-072,2025-11-07,United Kingdom
O-359,C-124,2025-09-16,Greece
O-360,C-338,2025-06-07,Spain
O-361,C-367,2026-03-10,Georgia
O-362,C-405,2026-01-22,Greece
O-363,C-038,2026-04-05,Georgia
O-364,C-307,2026-05-06,United States
O-365,C-299,2026-02-15,France
O-366,C-274,2026-06-03,Greece
O-367,C-473,2026-03-05,Czech Republic
O-368,C-279,2025-02-07,United States
O-369,C-405,2026-01-04,Greece
O-370,C-360,2025-03-29,Germany
O-371,C-056,2025-09-12,Georgia
O-372,C-337,2025-12-30,France
O-373,C-086,2025-02-15,Greece
O-374,C-289,2026-02-14,Germany
O-375,C-496,2025-12-06,United States
O-376,C-495,2026-03-17,Italy
O-377,C-055,2025-01-11,Georgia
O-378,C-051,2025-09-22,Germany
O-379,C-114,2026-06-07,Germany
O-380,C-383,2026-06-16,Spain
O-381,C-286,2025-08-15,Germany
O-382,C-229,2026-01-19,Italy
O-383,C-201,2026-04-20,Germany
O-384,C-396,2026-05-28,United Kingdom
O-385,C-078,2025-12-20,Spain
O-386,C-013,2026-05-10,Greece
O-387,C-054,2025-10-30,Germany
O-388,C-213,2025-03-29,France
O-389,C-060,2025-05-26,Italy
O-390,C-179,2025-11-16,Italy
O-391,C-176,2026-04-12,Italy
O-392,C-402,2025-07-31,Czech Republic
O-393,C-267,2026-05-10,United States
O-394,C-179,2026-05-03,Italy
O-395,C-050,2026-03-25,Spain
O-396,C-370,2026-04-09,Greece
O-397,C-164,2025-03-10,Italy
O-398,C-154,2025-02-15,Georgia
O-399,C-415,2025-04-28,United Kingdom
O-400,C-012,2025-12-18,Germany
O-401,C-332,2025-04-22,United Kingdom
O-402,C-347,2025-06-18,Czech Republic
O-403,C-477,2025-09-07,Georgia
O-404,C-265,2025-06-28,Germany
O-405,C-283,2025-06-13,Georgia
O-406,C-170,2026-03-13,Italy
O-407,C-491,2026-04-19,Czech Republic
O-408,C-119,2026-02-19,United Kingdom
O-409,C-323,2025-07-08,Germany
O-410,C-096,2026-03-19,Italy
O-411,C-203,2025-01-30,Spain
O-412,C-378,2025-07-22,Georgia
O-413,C-231,2026-03-16,Spain
O-414,C-200,2025-01-05,Greece
O-415,C-361,2025-08-08,Spain
O-416,C-106,2025-10-13,Greece
O-417,C-386,2025-03-06,United Kingdom
O-418,C-296,2025-04-15,Germany
O-419,C-410,2025-07-11,Germany
O-420,C-188,2025-11-30,Italy
O-421,C-101,2026-04-14,Germany
O-422,C-059,2025-09-26,Greece
O-423,C-344,2026-05-17,Germany
O-424,C-271,2025-11-17,United States
O-425,C-306,2026-02-02,Germany
O-426,C-313,2026-02-06,Germany
O-427,C-301,2025-04-27,Greece
O-428,C-179,2025-12-27,Italy
O-429,C-433,2026-04-14,United Kingdom
O-430,C-317,2025-06-26,United States
O-431,C-417,2025-11-01,Germany
O-432,C-471,2025-03-28,Czech Republic
O-433,C-345,2025-05-18,United States
O-434,C-161,2025-05-01,Czech Republic
O-435,C-123,2025-11-09,Germany
O-436,C-060,2025-07-07,Italy
O-437,C-192,2025-05-25,France
O-438,C-262,2026-02-02,Spain
O-439,C-215,2025-05-22,Georgia
O-440,C-295,2026-01-28,United Kingdom
O-441,C-217,2025-07-10,United Kingdom
O-442,C-250,2025-06-27,United Kingdom
O-443,C-285,2025-06-20,Czech Republic
O-444,C-251,2025-10-23,Italy
O-445,C-072,2025-07-11,United Kingdom
O-446,C-162,2026-04-07,Greece
O-447,C-318,2025-02-24,Greece
O-448,C-444,2026-01-03,United Kingdom
O-449,C-488,2025-01-10,Czech Republic
O-450,C-249,2025-05-20,Germany
O-451,C-100,2026-01-29,Germany
O-452,C-494,2026-06-02,Italy
O-453,C-335,2026-05-22,Georgia
O-454,C-210,2026-05-19,France
O-455,C-213,2026-03-31,France
O-456,C-251,2025-06-21,Italy
O-457,C-043,2025-02-01,Greece
O-458,C-408,2025-08-14,Greece
O-459,C-150,2025-02-03,Greece
O-460,C-141,2025-08-19,United Kingdom
O-461,C-276,2025-10-23,Germany
O-462,C-087,2026-04-14,Germany
O-463,C-290,2026-05-23,Germany
O-464,C-282,2026-06-08,France
O-465,C-058,2025-04-27,United Kingdom
O-466,C-138,2026-01-11,Greece
O-467,C-278,2025-02-12,United Kingdom
O-468,C-390,2026-03-28,Germany
O-469,C-280,2025-08-12,United States
O-470,C-218,2025-04-15,Spain
O-471,C-377,2025-09-11,Georgia
O-472,C-153,2025-02-03,United States
O-473,C-231,2025-09-27,Spain
O-474,C-179,2025-03-31,Italy
O-475,C-225,2025-05-01,Germany
O-476,C-398,2025-08-31,France
O-477,C-108,2025-12-26,Germany
O-478,C-441,2026-03-15,United Kingdom
O-479,C-085,2025-05-23,Greece
O-480,C-402,2025-07-31,Czech Republic
O-481,C-417,2025-07-31,Germany
O-482,C-413,2025-03-02,United Kingdom
O-483,C-292,2025-12-26,United Kingdom
O-484,C-273,2025-10-15,United States
O-485,C-306,2025-06-22,Germany
O-486,C-166,2025-10-27,United Kingdom
O-487,C-149,2025-10-01,Czech Republic
O-488,C-488,2026-06-11,Czech Republic
O-489,C-461,2025-04-08,United States
O-490,C-070,2026-02-26,Greece
O-491,C-471,2025-03-02,Czech Republic
O-492,C-142,2025-05-10,Greece
O-493,C-360,2025-05-16,Germany
O-494,C-128,2025-05-30,France
O-495,C-365,2025-11-26,United States
O-496,C-425,2025-09-11,France
O-497,C-390,2026-02-07,Germany
O-498,C-251,2025-05-26,Italy
O-499,C-296,2025-10-03,Germany
O-500,C-322,2026-03-01,Spain
O-501,C-193,2026-04-08,Czech Republic
O-502,C-039,2025-04-06,Italy
O-503,C-207,2026-06-12,Czech Republic
O-504,C-384,2025-10-12,Italy
O-505,C-356,2026-01-13,United Kingdom
O-506,C-233,2026-05-15,Greece
O-507,C-168,2025-01-03,Germany
O-508,C-445,2025-04-06,Czech Republic
O-509,C-375,2026-04-15,France
O-510,C-326,2026-01-02,Germany
O-511,C-436,2025-03-06,Italy
O-512,C-408,2026-02-12,Greece
O-513,C-112,2026-03-16,Germany
O-514,C-423,2025-08-05,Greece
O-515,C-254,2025-10-02,Greece
O-516,C-166,2025-10-18,United Kingdom
O-517,C-173,2025-05-14,Greece
O-518,C-290,2026-05-12,Germany
O-519,C-404,2025-12-18,United Kingdom
O-520,C-458,2025-02-19,United States
O-521,C-024,2025-04-12,Czech Republic
O-522,C-321,2026-04-16,Czech Republic
O-523,C-009,2025-05-08,Greece
O-524,C-476,2025-06-11,Czech Republic
O-525,C-226,2026-04-13,Georgia
O-526,C-001,2026-03-15,France
O-527,C-104,2025-05-16,Italy
O-528,C-452,2025-11-06,Italy
O-529,C-082,2025-10-08,Italy
O-530,C-048,2026-01-05,Germany
O-531,C-129,2025-03-26,France
O-532,C-191,2025-06-19,Spain
O-533,C-027,2026-02-10,United Kingdom
O-534,C-321,2025-11-09,Czech Republic
O-535,C-372,2025-08-28,Italy
O-536,C-220,2025-04-04,United Kingdom
O-537,C-361,2025-04-08,Spain
O-538,C-001,2025-08-07,France
O-539,C-245,2025-03-21,Italy
O-540,C-068,2025-08-20,Greece
O-541,C-266,2026-04-01,France
O-542,C-005,2025-01-09,United Kingdom
O-543,C-357,2025-12-18,Italy
O-544,C-419,2025-05-04,Germany
O-545,C-441,2026-03-09,United Kingdom
O-546,C-356,2025-05-16,United Kingdom
O-547,C-245,2025-03-14,Italy
O-548,C-118,2026-01-28,Georgia
O-549,C-046,2025-04-15,United States
O-550,C-053,2025-11-17,Greece
O-551,C-189,2025-11-03,Czech Republic
O-552,C-071,2026-01-27,Spain
O-553,C-397,2025-05-17,Czech Republic
O-554,C-329,2025-05-27,Germany
O-555,C-036,2026-06-28,Czech Republic
O-556,C-289,2025-01-09,Germany
O-557,C-313,2025-06-18,Germany
O-558,C-226,2025-12-26,Georgia
O-559,C-370,2025-08-07,Greece
O-560,C-322,2025-06-05,Spain
O-561,C-471,2026-02-26,Czech Republic
O-562,C-316,2026-03-30,Italy
O-563,C-441,2025-08-11,United Kingdom
O-564,C-045,2025-04-13,United States
O-565,C-072,2025-05-07,United Kingdom
O-566,C-302,2026-01-29,Czech Republic
O-567,C-180,2026-03-16,United States
O-568,C-162,2025-05-24,Greece
O-569,C-127,2025-10-11,Czech Republic
O-570,C-331,2025-03-28,Georgia
O-571,C-128,2025-10-19,France
O-572,C-399,2025-01-28,Italy
O-573,C-435,2025-11-05,Spain
O-574,C-106,2026-06-15,Greece
O-575,C-311,2026-06-06,United States
O-576,C-097,2026-02-06,Spain
O-577,C-152,2025-02-25,Czech Republic
O-578,C-402,2025-09-03,Czech Republic
O-579,C-254,2026-01-31,Greece
O-580,C-058,2025-09-04,United Kingdom
O-581,C-256,2025-03-14,United States
O-582,C-271,2025-01-13,United States
O-583,C-185,2025-11-21,United Kingdom
O-584,C-068,2026-02-01,Greece
O-585,C-441,2026-03-07,United Kingdom
O-586,C-188,2025-06-26,Italy
O-587,C-391,2026-04-28,United Kingdom
O-588,C-489,2025-03-16,Spain
O-589,C-009,2025-03-11,Greece
O-590,C-008,2025-09-26,France
O-591,C-111,2025-02-10,France
O-592,C-473,2025-03-03,Czech Republic
O-593,C-486,2026-02-12,United States
O-594,C-260,2025-10-21,Germany
O-595,C-322,2026-05-29,Spain
O-596,C-393,2026-03-02,Georgia
O-597,C-217,2026-02-16,United Kingdom
O-598,C-043,2025-06-06,Greece
O-599,C-143,2025-03-27,France
O-600,C-159,2025-03-22,United States
O-601,C-262,2025-07-28,Spain
O-602,C-499,2025-06-09,United Kingdom
O-603,C-275,2025-12-01,Georgia
O-604,C-201,2025-03-09,Germany
O-605,C-159,2026-03-24,United States
O-606,C-374,2025-09-02,Georgia
O-607,C-030,2025-09-08,United Kingdom
O-608,C-045,2026-03-21,United States
O-609,C-060,2026-04-10,Italy
O-610,C-314,2025-02-26,United Kingdom
O-611,C-159,2025-06-29,United States
O-612,C-062,2025-01-13,United Kingdom
O-613,C-363,2025-05-21,Georgia
O-614,C-360,2025-01-12,Germany
O-615,C-084,2026-05-24,United Kingdom
O-616,C-488,2025-12-22,Czech Republic
O-617,C-268,2026-06-14,Georgia
O-618,C-401,2025-09-23,Spain
O-619,C-086,2026-01-16,Greece
O-620,C-065,2025-10-03,Italy
O-621,C-376,2025-05-01,Czech Republic
O-622,C-395,2025-01-31,Georgia
O-623,C-172,2026-03-16,Greece
O-624,C-140,2026-06-21,France
O-625,C-033,2025-09-27,Georgia
O-626,C-365,2025-03-20,United States
O-627,C-255,2026-04-12,Italy
O-628,C-262,2026-01-04,Spain
O-629,C-029,2026-05-27,Greece
O-630,C-440,2025-06-20,Spain
O-631,C-189,2025-06-11,Czech Republic
O-632,C-131,2025-04-16,France
O-633,C-458,2025-04-29,United States
O-634,C-117,2026-06-06,Greece
O-635,C-002,2025-02-15,United Kingdom
O-636,C-440,2025-01-13,Spain
O-637,C-126,2025-02-17,Czech Republic
O-638,C-242,2026-01-08,Georgia
O-639,C-197,2025-06-03,Greece
O-640,C-092,2025-02-06,Germany
O-641,C-284,2026-03-06,Czech Republic
O-642,C-115,2025-11-26,United States
O-643,C-128,2026-03-03,France
O-644,C-469,2025-11-24,Greece
O-645,C-139,2025-03-21,France
O-646,C-293,2026-01-17,Spain
O-647,C-062,2026-05-30,United Kingdom
O-648,C-345,2025-02-23,United States
O-649,C-092,2025-08-17,Germany
O-650,C-412,2026-06-13,France
O-651,C-024,2026-02-15,Czech Republic
O-652,C-036,2026-04-22,Czech Republic
O-653,C-444,2025-10-17,United Kingdom
O-654,C-397,2025-11-15,Czech Republic
O-655,C-168,2025-03-30,Germany
O-656,C-284,2026-04-13,Czech Republic
O-657,C-005,2026-01-13,United Kingdom
O-658,C-103,2025-10-26,Germany
O-659,C-289,2025-11-08,Germany
O-660,C-379,2025-09-06,France
O-661,C-238,2026-01-13,Greece
O-662,C-303,2026-05-21,Italy
O-663,C-396,2025-07-20,United Kingdom
O-664,C-376,2025-09-09,Czech Republic
O-665,C-078,2025-01-07,Spain
O-666,C-478,2026-02-24,Spain
O-667,C-013,2025-08-27,Greece
O-668,C-278,2025-12-21,United Kingdom
O-669,C-326,2025-01-10,Germany
O-670,C-487,2025-12-10,Czech Republic
O-671,C-001,2026-01-21,France
O-672,C-435,2025-11-11,Spain
O-673,C-054,2025-07-30,Germany
O-674,C-272,2025-09-01,Czech Republic
O-675,C-215,2026-05-19,Georgia
O-676,C-493,2025-03-03,Spain
O-677,C-498,2025-05-26,Greece
O-678,C-365,2025-10-14,United States
O-679,C-048,2025-02-14,Germany
O-680,C-472,2025-08-26,France
O-681,C-460,2026-06-17,Germany
O-682,C-212,2026-01-17,Czech Republic
O-683,C-235,2025-03-28,Italy
O-684,C-298,2025-04-08,Czech Republic
O-685,C-259,2025-05-17,Czech Republic
O-686,C-327,2026-02-08,France
O-687,C-039,2025-03-05,Italy
O-688,C-223,2025-05-14,United States
O-689,C-122,2025-10-26,United States
O-690,C-134,2025-11-19,Germany
O-691,C-475,2026-02-07,France
O-692,C-359,2025-12-01,Spain
O-693,C-163,2026-04-09,France
O-694,C-140,2025-08-28,France
O-695,C-039,2025-07-27,Italy
O-696,C-070,2025-04-22,Greece
O-697,C-080,2025-04-19,United Kingdom
O-698,C-085,2026-04-06,Greece
O-699,C-239,2025-11-18,Greece
O-700,C-209,2025-05-04,Greece
O-701,C-275,2026-01-02,Georgia
O-702,C-494,2025-08-01,Italy
O-703,C-232,2025-11-12,Germany
O-704,C-238,2025-09-29,Greece
O-705,C-437,2025-05-03,Georgia
O-706,C-047,2025-06-11,Italy
O-707,C-414,2025-11-08,Georgia
O-708,C-424,2025-02-11,United States
O-709,C-111,2025-12-02,France
O-710,C-076,2025-04-04,Italy
O-711,C-365,2025-09-12,United States
O-712,C-496,2025-12-31,United States
O-713,C-203,2026-06-10,Spain
O-714,C-026,2025-11-03,Czech Republic
O-715,C-134,2025-06-28,Germany
O-716,C-016,2026-02-19,Czech Republic
O-717,C-438,2026-04-09,United Kingdom
O-718,C-285,2025-09-13,Czech Republic
O-719,C-049,2026-04-19,United Kingdom
O-720,C-053,2025-05-24,Greece
O-721,C-063,2025-01-13,Czech Republic
O-722,C-032,2025-08-16,Spain
O-723,C-067,2025-07-22,Czech Republic
O-724,C-422,2026-02-15,France
O-725,C-191,2025-03-28,Spain
O-726,C-299,2025-09-23,France
O-727,C-470,2025-03-18,Spain
O-728,C-012,2025-03-08,Germany
O-729,C-102,2026-03-31,Germany
O-730,C-415,2025-05-12,United Kingdom
O-731,C-048,2025-12-06,Germany
O-732,C-063,2025-02-13,Czech Republic
O-733,C-483,2026-04-18,Spain
O-734,C-026,2025-06-22,Czech Republic
O-735,C-474,2026-03-20,Spain
O-736,C-421,2026-02-09,Georgia
O-737,C-255,2025-01-31,Italy
O-738,C-196,2026-03-13,United States
O-739,C-089,2025-12-29,Greece
O-740,C-110,2025-07-11,United States
O-741,C-141,2025-10-14,United Kingdom
O-742,C-229,2025-06-02,Italy
O-743,C-018,2025-09-09,Georgia
O-744,C-332,2025-10-30,United Kingdom
O-745,C-256,2026-02-26,United States
O-746,C-452,2026-05-06,Italy
O-747,C-032,2025-03-31,Spain
O-748,C-144,2026-01-28,Germany
O-749,C-071,2026-03-06,Spain
O-750,C-103,2026-06-23,Germany
O-751,C-128,2025-01-20,France
O-752,C-196,2026-01-03,United States
O-753,C-246,2026-05-12,Italy
O-754,C-177,2026-05-30,Czech Republic
O-755,C-165,2026-02-02,United Kingdom
O-756,C-139,2025-07-04,France
O-757,C-014,2025-11-23,Georgia
O-758,C-306,2025-08-13,Germany
O-759,C-016,2025-10-15,Czech Republic
O-760,C-030,2026-04-29,United Kingdom
O-761,C-272,2026-01-02,Czech Republic
O-762,C-393,2025-08-27,Georgia
O-763,C-499,2025-06-13,United Kingdom
O-764,C-052,2025-09-11,Spain
O-765,C-337,2025-09-04,France
O-766,C-137,2025-02-27,Italy
O-767,C-392,2025-08-13,United States
O-768,C-295,2026-02-02,United Kingdom
O-769,C-182,2025-06-27,France
O-770,C-091,2025-08-31,Spain
O-771,C-304,2025-11-22,Italy
O-772,C-413,2026-01-03,United Kingdom
O-773,C-468,2025-01-29,Italy
O-774,C-361,2025-12-27,Spain
O-775,C-486,2025-05-26,United States
O-776,C-289,2025-07-12,Germany
O-777,C-429,2026-05-20,Georgia
O-778,C-278,2025-11-13,United Kingdom
O-779,C-090,2026-05-18,France
O-780,C-020,2025-04-03,Germany
O-781,C-029,2025-08-27,Greece
O-782,C-309,2025-08-13,Georgia
O-783,C-011,2026-06-24,France
O-784,C-245,2025-01-01,Italy
O-785,C-170,2025-07-26,Italy
O-786,C-413,2025-05-14,United Kingdom
O-787,C-175,2025-07-01,Italy
O-788,C-471,2025-11-28,Czech Republic
O-789,C-031,2025-01-23,Czech Republic
O-790,C-076,2025-05-26,Italy
O-791,C-397,2025-04-24,Czech Republic
O-792,C-434,2026-06-23,France
O-793,C-441,2026-01-09,United Kingdom
O-794,C-492,2025-03-16,Italy
O-795,C-192,2026-02-10,France
O-796,C-301,2025-04-14,Greece
O-797,C-173,2025-11-06,Greece
O-798,C-166,2025-05-20,United Kingdom
O-799,C-500,2025-06-11,Spain
O-800,C-375,2026-03-24,France
O-801,C-406,2026-05-14,Spain
O-802,C-333,2025-11-21,Spain
O-803,C-090,2026-01-01,France
O-804,C-115,2025-06-29,United States
O-805,C-194,2025-11-11,France
O-806,C-376,2025-10-29,Czech Republic
O-807,C-066,2025-07-01,Germany
O-808,C-374,2025-01-02,Georgia
O-809,C-486,2026-02-05,United States
O-810,C-436,2025-02-03,Italy
O-811,C-094,2025-11-22,Italy
O-812,C-472,2025-08-15,France
O-813,C-328,2025-04-17,United Kingdom
O-814,C-480,2026-05-24,Italy
O-815,C-073,2025-12-06,Germany
O-816,C-382,2025-03-21,Greece
O-817,C-122,2025-12-22,United States
O-818,C-164,2025-06-21,Italy
O-819,C-326,2025-04-01,Germany
O-820,C-421,2025-12-10,Georgia
O-821,C-229,2025-01-12,Italy
O-822,C-136,2025-08-03,Spain
O-823,C-128,2025-03-11,France
O-824,C-180,2025-09-20,United States
O-825,C-403,2025-04-21,France
O-826,C-369,2025-01-02,Italy
O-827,C-025,2026-01-31,United States
O-828,C-225,2026-03-06,Germany
O-829,C-497,2025-06-20,Czech Republic
O-830,C-453,2026-02-28,Czech Republic
O-831,C-253,2026-01-23,United States
O-832,C-180,2026-01-20,United States
O-833,C-052,2026-05-06,Spain
O-834,C-404,2025-08-19,United Kingdom
O-835,C-084,2026-04-08,United Kingdom
O-836,C-038,2025-02-04,Georgia
O-837,C-151,2025-01-21,Georgia
O-838,C-164,2025-09-25,Italy
O-839,C-488,2025-04-18,Czech Republic
O-840,C-038,2025-12-17,Georgia
O-841,C-088,2026-01-20,Czech Republic
O-842,C-083,2025-03-18,United States
O-843,C-281,2025-04-06,Germany
O-844,C-174,2026-05-10,United Kingdom
O-845,C-361,2025-02-01,Spain
O-846,C-221,2025-06-18,United Kingdom
O-847,C-311,2026-03-21,United States
O-848,C-081,2025-02-24,Spain
O-849,C-052,2025-12-06,Spain
O-850,C-106,2025-07-14,Greece
O-851,C-210,2025-09-29,France
O-852,C-339,2025-10-16,France
O-853,C-153,2025-09-01,United States
O-854,C-050,2025-02-20,Spain
O-855,C-202,2026-05-18,Georgia
O-856,C-079,2025-02-25,Greece
O-857,C-185,2025-01-04,United Kingdom
O-858,C-219,2025-03-31,United Kingdom
O-859,C-151,2026-05-07,Georgia
O-860,C-103,2025-04-10,Germany
O-861,C-014,2025-07-31,Georgia
O-862,C-088,2025-10-26,Czech Republic
O-863,C-042,2026-04-30,Georgia
O-864,C-433,2025-04-29,United Kingdom
O-865,C-158,2026-02-12,France
O-866,C-242,2026-05-16,Georgia
O-867,C-459,2025-09-29,Italy
O-868,C-047,2026-02-01,Italy
O-869,C-095,2026-01-15,Greece
O-870,C-454,2026-01-26,Georgia
O-871,C-190,2025-07-11,Germany
O-872,C-229,2025-02-15,Italy
O-873,C-135,2026-03-27,Spain
O-874,C-239,2025-09-27,Greece
O-875,C-116,2025-10-03,Greece
O-876,C-289,2025-03-05,Germany
O-877,C-078,2025-04-10,Spain
O-878,C-044,2025-12-19,Italy
O-879,C-414,2026-02-28,Georgia
O-880,C-498,2025-08-21,Greece
O-881,C-284,2025-03-04,Czech Republic
O-882,C-431,2026-02-01,France
O-883,C-420,2026-06-20,Germany
O-884,C-215,2026-05-02,Georgia
O-885,C-294,2025-08-30,Czech Republic
O-886,C-244,2025-11-03,Czech Republic
O-887,C-041,2026-02-09,Italy
O-888,C-463,2025-02-05,Georgia
O-889,C-258,2026-06-14,Georgia
O-890,C-410,2025-05-31,Germany
O-891,C-062,2026-04-05,United Kingdom
O-892,C-089,2025-06-21,Greece
O-893,C-498,2025-08-05,Greece
O-894,C-414,2025-07-17,Georgia
O-895,C-065,2025-02-13,Italy
O-896,C-217,2025-03-22,United Kingdom
O-897,C-350,2026-03-22,France
O-898,C-104,2025-06-01,Italy
O-899,C-428,2025-09-22,Italy
O-900,C-164,2025-03-10,Italy
O-901,C-045,2026-02-02,United States
O-902,C-285,2026-02-11,Czech Republic
O-903,C-283,2025-11-30,Georgia
O-904,C-439,2025-10-10,France
O-905,C-267,2026-04-15,United States
O-906,C-470,2025-01-13,Spain
O-907,C-403,2026-06-20,France
O-908,C-401,2026-03-06,Spain
O-909,C-058,2026-03-01,United Kingdom
O-910,C-077,2025-06-01,Italy
O-911,C-291,2025-04-13,Georgia
O-912,C-474,2025-04-19,Spain
O-913,C-289,2025-04-14,Germany
O-914,C-403,2025-10-20,France
O-915,C-445,2025-12-19,Czech Republic
O-916,C-450,2026-02-25,United Kingdom
O-917,C-136,2026-01-28,Spain
O-918,C-336,2026-05-13,United Kingdom
O-919,C-293,2026-04-30,Spain
O-920,C-020,2025-06-26,Germany
O-921,C-142,2026-02-17,Greece
O-922,C-074,2026-02-16,Italy
O-923,C-020,2026-02-10,Germany
O-924,C-456,2025-12-06,United Kingdom
O-925,C-354,2025-09-01,United Kingdom
O-926,C-026,2026-05-02,Czech Republic
O-927,C-472,2025-10-03,France
O-928,C-460,2026-01-17,Germany
O-929,C-011,2025-12-12,France
O-930,C-419,2025-11-07,Germany
O-931,C-160,2025-10-15,Italy
O-932,C-432,2026-05-19,France
O-933,C-440,2025-04-11,Spain
O-934,C-498,2025-08-22,Greece
O-935,C-069,2025-11-04,Germany
O-936,C-499,2026-03-30,United Kingdom
O-937,C-397,2025-11-25,Czech Republic
O-938,C-138,2026-03-03,Greece
O-939,C-310,2025-04-02,United Kingdom
O-940,C-097,2026-03-29,Spain
O-941,C-109,2026-02-21,Czech Republic
O-942,C-380,2026-05-12,United States
O-943,C-389,2026-06-13,Italy
O-944,C-445,2026-01-18,Czech Republic
O-945,C-421,2025-02-27,Georgia
O-946,C-264,2025-06-12,Spain
O-947,C-034,2025-11-15,United Kingdom
O-948,C-364,2026-06-03,United Kingdom
O-949,C-207,2025-05-19,Czech Republic
O-950,C-400,2026-06-21,Spain
O-951,C-451,2025-01-30,Czech Republic
O-952,C-089,2025-07-17,Greece
O-953,C-449,2025-07-25,Greece
O-954,C-429,2025-03-01,Georgia
O-955,C-128,2025-02-03,France
O-956,C-234,2025-02-21,Greece
O-957,C-471,2026-01-05,Czech Republic
O-958,C-361,2025-07-23,Spain
O-959,C-141,2026-01-13,United Kingdom
O-960,C-422,2026-04-21,France
O-961,C-259,2026-02-11,Czech Republic
O-962,C-326,2025-05-07,Germany
O-963,C-349,2025-02-01,Georgia
O-964,C-124,2026-01-17,Greece
O-965,C-251,2026-04-02,Italy
O-966,C-091,2026-05-01,Spain
O-967,C-301,2025-12-25,Greece
O-968,C-177,2025-06-17,Czech Republic
O-969,C-429,2025-09-22,Georgia
O-970,C-384,2025-04-03,Italy
O-971,C-146,2025-01-29,Greece
O-972,C-198,2025-02-20,Georgia
O-973,C-084,2025-08-08,United Kingdom
O-974,C-439,2025-08-15,France
O-975,C-332,2025-08-19,United Kingdom
O-976,C-347,2025-07-31,Czech Republic
O-977,C-138,2026-02-24,Greece
O-978,C-263,2025-01-21,Greece
O-979,C-443,2025-01-10,United Kingdom
O-980,C-243,2025-05-16,Germany
O-981,C-332,2025-06-27,United Kingdom
O-982,C-308,2025-01-09,Germany
O-983,C-115,2025-09-16,United States
O-984,C-312,2025-11-09,Germany
O-985,C-365,2025-10-09,United States
O-986,C-217,2026-01-21,United Kingdom
O-987,C-437,2025-12-24,Georgia
O-988,C-236,2025-09-16,Germany
O-989,C-112,2026-04-23,Germany
O-990,C-155,2026-06-18,Italy
O-991,C-423,2026-02-11,Greece
O-992,C-300,2025-04-15,Czech Republic
O-993,C-004,2026-06-08,United States
O-994,C-340,2026-01-19,United States
O-995,C-288,2025-10-17,Greece
O-996,C-153,2025-04-21,United States
O-997,C-247,2025-03-07,United Kingdom
O-998,C-173,2025-10-11,Greece
O-999,C-328,2025-11-29,United Kingdom
O-1000,C-442,2025-10-11,France
O-1001,C-134,2025-11-02,Germany
O-1002,C-097,2025-06-03,Spain
O-1003,C-265,2025-09-04,Germany
O-1004,C-461,2025-02-28,United States
O-1005,C-413,2026-02-18,United Kingdom
O-1006,C-339,2025-11-24,France
O-1007,C-349,2025-05-24,Georgia
O-1008,C-370,2025-01-27,Greece
O-1009,C-336,2026-05-25,United Kingdom
O-1010,C-152,2025-09-23,Czech Republic
O-1011,C-465,2026-03-05,Czech Republic
O-1012,C-208,2026-02-02,Greece
O-1013,C-378,2025-02-06,Georgia
O-1014,C-299,2025-07-14,France
O-1015,C-176,2025-08-16,Italy
O-1016,C-352,2026-05-03,Germany
O-1017,C-465,2026-01-03,Czech Republic
O-1018,C-260,2025-11-04,Germany
O-1019,C-433,2025-06-24,United Kingdom
O-1020,C-431,2025-07-05,France
O-1021,C-151,2025-04-10,Georgia
O-1022,C-242,2025-05-12,Georgia
O-1023,C-380,2025-09-22,United States
O-1024,C-372,2025-07-07,Italy
O-1025,C-485,2025-12-10,Germany
O-1026,C-336,2025-04-02,United Kingdom
O-1027,C-114,2025-12-30,Germany
O-1028,C-115,2025-11-11,United States
O-1029,C-216,2025-12-06,Spain
O-1030,C-191,2025-09-24,Spain
O-1031,C-300,2025-10-29,Czech Republic
O-1032,C-238,2025-05-01,Greece
O-1033,C-241,2025-02-24,France
O-1034,C-444,2025-03-14,United Kingdom
O-1035,C-242,2025-07-19,Georgia
O-1036,C-257,2025-05-03,United Kingdom
O-1037,C-445,2026-01-26,Czech Republic
O-1038,C-272,2025-11-02,Czech Republic
O-1039,C-212,2025-02-25,Czech Republic
O-1040,C-446,2025-06-04,Georgia
O-1041,C-071,2025-07-25,Spain
O-1042,C-176,2026-02-24,Italy
O-1043,C-292,2026-04-14,United Kingdom
O-1044,C-074,2025-11-20,Italy
O-1045,C-442,2025-07-04,France
O-1046,C-399,2025-03-24,Italy
O-1047,C-250,2025-12-07,United Kingdom
O-1048,C-324,2025-07-01,Spain
O-1049,C-161,2025-03-01,Czech Republic
O-1050,C-003,2026-04-08,Czech Republic
O-1051,C-141,2025-08-03,United Kingdom
O-1052,C-390,2025-06-22,Germany
O-1053,C-296,2025-06-12,Germany
O-1054,C-251,2025-04-01,Italy
O-1055,C-067,2026-03-21,Czech Republic
O-1056,C-325,2026-03-16,Germany
O-1057,C-207,2026-03-16,Czech Republic
O-1058,C-495,2026-05-04,Italy
O-1059,C-197,2025-01-05,Greece
O-1060,C-020,2025-07-24,Germany
O-1061,C-375,2026-01-18,France
O-1062,C-487,2025-01-15,Czech Republic
O-1063,C-457,2025-11-26,Greece
O-1064,C-388,2026-06-28,Germany
O-1065,C-098,2025-01-19,Georgia
O-1066,C-347,2025-01-05,Czech Republic
O-1067,C-321,2025-09-12,Czech Republic
O-1068,C-116,2025-12-19,Greece
O-1069,C-160,2025-05-13,Italy
O-1070,C-053,2026-01-28,Greece
O-1071,C-258,2025-11-10,Georgia
O-1072,C-086,2025-03-08,Greece
O-1073,C-422,2025-02-16,France
O-1074,C-153,2025-10-25,United States
O-1075,C-234,2026-06-17,Greece
O-1076,C-306,2026-06-21,Germany
O-1077,C-173,2026-03-21,Greece
O-1078,C-455,2025-05-18,Spain
O-1079,C-176,2026-05-17,Italy
O-1080,C-184,2025-07-12,Spain
O-1081,C-085,2026-02-18,Greece
O-1082,C-010,2025-08-22,Germany
O-1083,C-115,2025-05-15,United States
O-1084,C-109,2025-01-23,Czech Republic
O-1085,C-302,2026-06-01,Czech Republic
O-1086,C-087,2025-05-07,Germany
O-1087,C-188,2025-02-08,Italy
O-1088,C-193,2025-09-19,Czech Republic
O-1089,C-395,2025-02-19,Georgia
O-1090,C-305,2025-02-19,Georgia
O-1091,C-339,2025-04-21,France
O-1092,C-335,2025-01-21,Georgia
O-1093,C-025,2025-04-29,United States
O-1094,C-214,2026-03-31,United States
O-1095,C-195,2025-05-07,Greece
O-1096,C-281,2025-09-16,Germany
O-1097,C-243,2025-06-06,Germany
O-1098,C-106,2025-01-10,Greece
O-1099,C-155,2026-03-07,Italy
O-1100,C-339,2025-04-14,France
O-1101,C-340,2026-06-17,United States
O-1102,C-139,2025-05-21,France
O-1103,C-215,2025-04-18,Georgia
O-1104,C-262,2025-05-01,Spain
O-1105,C-145,2025-04-27,France
O-1106,C-402,2025-04-19,Czech Republic
O-1107,C-255,2025-07-23,Italy
O-1108,C-312,2025-07-24,Germany
O-1109,C-399,2025-09-27,Italy
O-1110,C-426,2026-06-20,United Kingdom
O-1111,C-499,2025-07-26,United Kingdom
O-1112,C-184,2026-02-24,Spain
O-1113,C-152,2025-06-14,Czech Republic
O-1114,C-021,2026-05-24,France
O-1115,C-467,2025-08-01,Greece
O-1116,C-353,2026-05-08,United States
O-1117,C-170,2025-08-29,Italy
O-1118,C-002,2025-01-14,United Kingdom
O-1119,C-344,2025-04-02,Germany
O-1120,C-465,2025-04-24,Czech Republic
O-1121,C-428,2026-05-21,Italy
O-1122,C-077,2025-04-03,Italy
O-1123,C-400,2026-06-08,Spain
O-1124,C-039,2025-04-14,Italy
O-1125,C-464,2025-09-20,Germany
O-1126,C-330,2025-08-25,Italy
O-1127,C-234,2025-10-31,Greece
O-1128,C-136,2026-04-21,Spain
O-1129,C-026,2025-04-13,Czech Republic
O-1130,C-417,2025-06-28,Germany
O-1131,C-448,2025-02-10,Italy
O-1132,C-437,2025-10-25,Georgia
O-1133,C-185,2025-11-17,United Kingdom
O-1134,C-219,2025-04-29,United Kingdom
O-1135,C-049,2025-02-16,United Kingdom
O-1136,C-005,2025-05-22,United Kingdom
O-1137,C-340,2025-06-24,United States
O-1138,C-169,2026-01-02,Italy
O-1139,C-458,2026-03-25,United States
O-1140,C-490,2025-10-02,Italy
O-1141,C-450,2025-04-06,United Kingdom
O-1142,C-191,2025-12-17,Spain
O-1143,C-094,2025-04-27,Italy
O-1144,C-206,2026-02-14,France
O-1145,C-493,2026-04-13,Spain
O-1146,C-140,2026-01-30,France
O-1147,C-354,2026-05-05,United Kingdom
O-1148,C-410,2026-03-08,Germany
O-1149,C-333,2025-06-20,Spain
O-1150,C-058,2025-05-16,United Kingdom
O-1151,C-357,2025-03-02,Italy
O-1152,C-483,2025-06-13,Spain
O-1153,C-054,2026-03-03,Germany
O-1154,C-467,2026-05-10,Greece
O-1155,C-411,2026-03-25,Spain
O-1156,C-093,2026-01-24,France
O-1157,C-399,2026-01-03,Italy
O-1158,C-314,2025-01-30,United Kingdom
O-1159,C-442,2025-05-14,France
O-1160,C-248,2026-05-15,Germany
O-1161,C-058,2026-02-26,United Kingdom
O-1162,C-226,2025-02-17,Georgia
O-1163,C-033,2025-09-25,Georgia
O-1164,C-336,2025-11-18,United Kingdom
O-1165,C-007,2026-06-22,France
O-1166,C-393,2025-08-18,Georgia
O-1167,C-490,2025-12-13,Italy
O-1168,C-266,2026-06-20,France
O-1169,C-353,2025-04-08,United States
O-1170,C-222,2025-09-12,Italy
O-1171,C-247,2025-12-21,United Kingdom
O-1172,C-340,2026-01-30,United States
O-1173,C-077,2025-02-25,Italy
O-1174,C-006,2025-06-10,Czech Republic
O-1175,C-259,2026-04-26,Czech Republic
O-1176,C-437,2026-05-23,Georgia
O-1177,C-446,2025-06-19,Georgia
O-1178,C-039,2026-05-19,Italy
O-1179,C-165,2025-09-04,United Kingdom
O-1180,C-170,2025-10-12,Italy
O-1181,C-026,2026-06-04,Czech Republic
O-1182,C-115,2026-01-23,United States
O-1183,C-207,2025-08-29,Czech Republic
O-1184,C-041,2026-04-16,Italy
O-1185,C-228,2026-04-04,Greece
O-1186,C-046,2026-05-26,United States
O-1187,C-229,2025-11-20,Italy
O-1188,C-061,2026-05-25,Greece
O-1189,C-382,2025-01-19,Greece
O-1190,C-053,2026-02-18,Greece
O-1191,C-212,2025-02-06,Czech Republic
O-1192,C-286,2025-01-01,Germany
O-1193,C-423,2025-04-04,Greece
O-1194,C-406,2025-11-08,Spain
O-1195,C-456,2026-06-05,United Kingdom
O-1196,C-288,2025-07-31,Greece
O-1197,C-336,2026-04-13,United Kingdom
O-1198,C-487,2025-12-16,Czech Republic
O-1199,C-187,2025-02-25,United States
O-1200,C-419,2025-08-17,Germany
O-1201,C-433,2026-04-11,United Kingdom
O-1202,C-170,2026-04-30,Italy
O-1203,C-367,2026-01-08,Georgia
O-1204,C-367,2026-04-09,Georgia
O-1205,C-059,2025-04-10,Greece
O-1206,C-389,2025-08-16,Italy
O-1207,C-002,2025-12-16,United Kingdom
O-1208,C-182,2025-10-26,France
O-1209,C-281,2026-06-19,Germany
O-1210,C-192,2025-04-19,France
O-1211,C-024,2025-06-18,Czech Republic
O-1212,C-253,2025-05-24,United States
O-1213,C-421,2026-02-24,Georgia
O-1214,C-055,2025-09-18,Georgia
O-1215,C-313,2025-07-20,Germany
O-1216,C-097,2025-05-04,Spain
O-1217,C-477,2026-02-07,Georgia
O-1218,C-111,2026-04-14,France
O-1219,C-423,2025-07-15,Greece
O-1220,C-367,2025-12-13,Georgia
O-1221,C-056,2026-03-01,Georgia
O-1222,C-024,2025-05-07,Czech Republic
O-1223,C-396,2026-04-07,United Kingdom
O-1224,C-235,2026-06-01,Italy
O-1225,C-069,2026-05-26,Germany
O-1226,C-003,2026-06-28,Czech Republic
O-1227,C-377,2025-02-19,Georgia
O-1228,C-284,2026-03-20,Czech Republic
O-1229,C-430,2026-05-10,Czech Republic
O-1230,C-474,2026-06-05,Spain
O-1231,C-400,2025-07-01,Spain
O-1232,C-355,2025-06-27,Italy
O-1233,C-375,2025-05-12,France
O-1234,C-054,2026-02-01,Germany
O-1235,C-337,2025-11-26,France
O-1236,C-259,2026-01-29,Czech Republic
O-1237,C-215,2025-09-12,Georgia
O-1238,C-141,2026-02-12,United Kingdom
O-1239,C-494,2025-12-18,Italy
O-1240,C-497,2025-10-29,Czech Republic
O-1241,C-232,2025-05-17,Germany
O-1242,C-071,2026-02-27,Spain
O-1243,C-309,2026-06-09,Georgia
O-1244,C-154,2025-11-18,Georgia
O-1245,C-365,2025-08-11,United States
O-1246,C-103,2025-08-03,Germany
O-1247,C-320,2025-10-25,Germany
O-1248,C-352,2025-12-20,Germany
O-1249,C-472,2025-05-16,France
O-1250,C-364,2025-07-02,United Kingdom
O-1251,C-258,2025-11-27,Georgia
O-1252,C-364,2025-04-29,United Kingdom
O-1253,C-390,2025-12-27,Germany
O-1254,C-288,2026-05-07,Greece
O-1255,C-299,2026-03-04,France
O-1256,C-346,2025-10-20,Greece
O-1257,C-450,2026-03-09,United Kingdom
O-1258,C-414,2025-01-14,Georgia
O-1259,C-268,2025-04-20,Georgia
O-1260,C-013,2026-01-26,Greece
O-1261,C-075,2025-02-24,Germany
O-1262,C-344,2025-02-27,Germany
O-1263,C-103,2025-10-01,Germany
O-1264,C-385,2025-06-14,France
O-1265,C-147,2025-09-14,United Kingdom
O-1266,C-075,2025-03-05,Germany
O-1267,C-354,2025-10-30,United Kingdom
O-1268,C-105,2025-02-03,Czech Republic
O-1269,C-184,2026-04-09,Spain
O-1270,C-053,2025-08-18,Greece
O-1271,C-381,2026-02-03,Greece
O-1272,C-122,2026-06-08,United States
O-1273,C-402,2025-10-22,Czech Republic
O-1274,C-355,2025-02-18,Italy
O-1275,C-475,2026-01-26,France
O-1276,C-199,2026-03-03,Italy
O-1277,C-490,2025-11-17,Italy
O-1278,C-495,2025-02-25,Italy
O-1279,C-007,2025-09-15,France
O-1280,C-104,2026-03-30,Italy
O-1281,C-425,2025-08-19,France
O-1282,C-467,2026-01-12,Greece
O-1283,C-387,2025-07-21,Georgia
O-1284,C-398,2025-07-18,France
O-1285,C-151,2026-04-05,Georgia
O-1286,C-091,2025-03-18,Spain
O-1287,C-096,2025-06-27,Italy
O-1288,C-377,2026-06-11,Georgia
O-1289,C-062,2026-01-22,United Kingdom
O-1290,C-021,2026-03-15,France
O-1291,C-143,2025-09-28,France
O-1292,C-067,2025-06-14,Czech Republic
O-1293,C-300,2025-09-19,Czech Republic
O-1294,C-003,2025-12-05,Czech Republic
O-1295,C-239,2025-06-08,Greece
O-1296,C-021,2025-06-07,France
O-1297,C-476,2025-11-27,Czech Republic
O-1298,C-306,2025-02-22,Germany
O-1299,C-397,2025-11-05,Czech Republic
O-1300,C-252,2026-01-02,Spain
O-1301,C-038,2025-11-22,Georgia
O-1302,C-270,2025-08-14,Greece
O-1303,C-490,2025-07-08,Italy
O-1304,C-267,2025-03-11,United States
O-1305,C-403,2026-06-02,France
O-1306,C-082,2026-03-02,Italy
O-1307,C-279,2026-02-18,United States
O-1308,C-048,2025-12-24,Germany
O-1309,C-114,2025-08-07,Germany
O-1310,C-340,2025-12-06,United States
O-1311,C-170,2026-01-05,Italy
O-1312,C-151,2025-08-12,Georgia
O-1313,C-487,2026-06-28,Czech Republic
O-1314,C-244,2025-01-10,Czech Republic
O-1315,C-059,2025-12-21,Greece
O-1316,C-229,2025-09-04,Italy
O-1317,C-464,2025-09-07,Germany
O-1318,C-491,2025-02-10,Czech Republic
O-1319,C-350,2025-11-25,France
O-1320,C-196,2025-04-27,United States
O-1321,C-198,2025-09-20,Georgia
O-1322,C-277,2025-10-17,France
O-1323,C-013,2026-06-14,Greece
O-1324,C-421,2026-01-19,Georgia
O-1325,C-264,2026-06-05,Spain
O-1326,C-229,2026-05-14,Italy
O-1327,C-023,2025-10-31,Italy
O-1328,C-460,2025-07-17,Germany
O-1329,C-165,2026-06-11,United Kingdom
O-1330,C-043,2025-04-09,Greece
O-1331,C-086,2025-01-08,Greece
O-1332,C-321,2025-03-09,Czech Republic
O-1333,C-108,2025-08-07,Germany
O-1334,C-443,2026-03-11,United Kingdom
O-1335,C-428,2025-04-17,Italy
O-1336,C-106,2026-03-22,Greece
O-1337,C-332,2025-03-15,United Kingdom
O-1338,C-383,2025-06-07,Spain
O-1339,C-013,2026-04-16,Greece
O-1340,C-368,2025-12-06,Spain
O-1341,C-020,2025-03-31,Germany
O-1342,C-038,2025-02-25,Georgia
O-1343,C-092,2025-09-15,Germany
O-1344,C-286,2025-03-14,Germany
O-1345,C-295,2025-08-22,United Kingdom
O-1346,C-467,2025-09-22,Greece
O-1347,C-209,2026-02-02,Greece
O-1348,C-231,2026-02-19,Spain
O-1349,C-222,2025-11-20,Italy
O-1350,C-009,2026-02-03,Greece
O-1351,C-345,2025-05-02,United States
O-1352,C-274,2025-01-07,Greece
O-1353,C-329,2025-03-06,Germany
O-1354,C-388,2025-02-16,Germany
O-1355,C-359,2025-03-16,Spain
O-1356,C-184,2026-05-30,Spain
O-1357,C-055,2025-10-24,Georgia
O-1358,C-403,2025-11-05,France
O-1359,C-311,2025-03-30,United States
O-1360,C-145,2026-03-25,France
O-1361,C-196,2026-02-09,United States
O-1362,C-421,2025-02-01,Georgia
O-1363,C-243,2025-06-10,Germany
O-1364,C-274,2025-08-14,Greece
O-1365,C-070,2026-02-05,Greece
O-1366,C-408,2025-10-30,Greece
O-1367,C-492,2025-05-28,Italy
O-1368,C-153,2026-01-18,United States
O-1369,C-491,2025-01-12,Czech Republic
O-1370,C-284,2025-05-25,Czech Republic
O-1371,C-064,2025-02-12,United States
O-1372,C-003,2026-02-08,Czech Republic
O-1373,C-276,2025-03-29,Germany
O-1374,C-157,2025-08-04,France
O-1375,C-384,2025-12-19,Italy
O-1376,C-109,2026-02-27,Czech Republic
O-1377,C-464,2026-06-09,Germany
O-1378,C-073,2025-06-14,Germany
O-1379,C-095,2025-08-15,Greece
O-1380,C-316,2025-09-16,Italy
O-1381,C-100,2025-04-28,Germany
O-1382,C-093,2025-02-25,France
O-1383,C-436,2026-04-18,Italy
O-1384,C-331,2025-03-16,Georgia
O-1385,C-149,2025-03-10,Czech Republic
O-1386,C-129,2025-04-11,France
O-1387,C-102,2026-05-14,Germany
O-1388,C-488,2025-12-05,Czech Republic
O-1389,C-183,2025-05-12,Germany
O-1390,C-344,2025-08-29,Germany
O-1391,C-052,2025-10-19,Spain
O-1392,C-318,2025-03-13,Greece
O-1393,C-461,2025-07-18,United States
O-1394,C-163,2026-05-13,France
O-1395,C-231,2025-12-03,Spain
O-1396,C-316,2025-11-10,Italy
O-1397,C-356,2025-06-06,United Kingdom
O-1398,C-290,2026-01-09,Germany
O-1399,C-414,2025-11-20,Georgia
O-1400,C-491,2026-03-15,Czech Republic
O-1401,C-087,2025-01-05,Germany
O-1402,C-161,2025-09-10,Czech Republic
O-1403,C-403,2025-08-15,France
O-1404,C-365,2026-03-23,United States
O-1405,C-142,2026-01-04,Greece
O-1406,C-069,2025-12-06,Germany
O-1407,C-450,2026-05-07,United Kingdom
O-1408,C-237,2026-04-02,United States
O-1409,C-184,2025-11-09,Spain
O-1410,C-250,2025-04-22,United Kingdom
O-1411,C-090,2025-03-25,France
O-1412,C-431,2025-10-15,France
O-1413,C-440,2025-05-24,Spain
O-1414,C-457,2025-07-21,Greece
O-1415,C-135,2025-03-20,Spain
O-1416,C-373,2025-03-19,Germany
O-1417,C-457,2025-01-20,Greece
O-1418,C-435,2026-06-04,Spain
O-1419,C-324,2025-02-01,Spain
O-1420,C-417,2026-02-19,Germany
O-1421,C-394,2025-08-06,Spain
O-1422,C-465,2025-02-07,Czech Republic
O-1423,C-283,2025-09-24,Georgia
O-1424,C-279,2026-04-29,United States
O-1425,C-335,2025-06-02,Georgia
O-1426,C-188,2026-02-06,Italy
O-1427,C-115,2025-10-25,United States
O-1428,C-069,2026-04-21,Germany
O-1429,C-257,2026-06-07,United Kingdom
O-1430,C-047,2026-02-11,Italy
O-1431,C-187,2026-05-30,United States
O-1432,C-006,2025-09-02,Czech Republic
O-1433,C-435,2025-06-19,Spain
O-1434,C-388,2026-06-11,Germany
O-1435,C-072,2026-04-02,United Kingdom
O-1436,C-082,2025-07-03,Italy
O-1437,C-290,2025-05-30,Germany
O-1438,C-377,2026-05-11,Georgia
O-1439,C-481,2026-01-03,France
O-1440,C-021,2025-08-13,France
O-1441,C-390,2026-05-15,Germany
O-1442,C-119,2025-03-06,United Kingdom
O-1443,C-136,2026-01-14,Spain
O-1444,C-120,2025-02-13,Italy
O-1445,C-343,2025-07-31,United Kingdom
O-1446,C-266,2026-01-05,France
O-1447,C-199,2026-04-26,Italy
O-1448,C-470,2026-04-11,Spain
O-1449,C-452,2025-02-17,Italy
O-1450,C-021,2025-11-28,France
O-1451,C-053,2026-06-18,Greece
O-1452,C-325,2025-10-08,Germany
O-1453,C-428,2025-09-27,Italy
O-1454,C-297,2025-06-28,Italy
O-1455,C-193,2026-01-23,Czech Republic
O-1456,C-188,2025-03-21,Italy
O-1457,C-265,2025-09-15,Germany
O-1458,C-193,2025-08-17,Czech Republic
O-1459,C-265,2026-02-20,Germany
O-1460,C-181,2025-12-20,Georgia
O-1461,C-250,2026-05-09,United Kingdom
O-1462,C-455,2025-01-07,Spain
O-1463,C-257,2025-05-23,United Kingdom
O-1464,C-226,2025-06-19,Georgia
O-1465,C-118,2025-03-20,Georgia
O-1466,C-264,2025-10-15,Spain
O-1467,C-109,2025-06-03,Czech Republic
O-1468,C-096,2025-06-11,Italy
O-1469,C-186,2025-05-02,France
O-1470,C-339,2025-08-24,France
O-1471,C-213,2025-12-05,France
O-1472,C-369,2025-04-27,Italy
O-1473,C-247,2026-05-06,United Kingdom
O-1474,C-246,2025-08-04,Italy
O-1475,C-303,2025-06-15,Italy
O-1476,C-332,2026-02-25,United Kingdom
O-1477,C-012,2025-09-07,Germany
O-1478,C-023,2025-05-11,Italy
O-1479,C-294,2025-06-14,Czech Republic
O-1480,C-069,2026-06-09,Germany
O-1481,C-021,2025-05-31,France
O-1482,C-029,2025-06-20,Greece
O-1483,C-133,2025-07-04,Italy
O-1484,C-265,2026-02-20,Germany
O-1485,C-307,2025-01-20,United States
O-1486,C-450,2025-10-18,United Kingdom
O-1487,C-485,2025-03-29,Germany
O-1488,C-111,2026-04-05,France
O-1489,C-311,2026-04-28,United States
O-1490,C-445,2026-05-09,Czech Republic
O-1491,C-088,2025-08-13,Czech Republic
O-1492,C-426,2026-02-25,United Kingdom
O-1493,C-308,2025-05-27,Germany
O-1494,C-407,2025-07-06,Czech Republic
O-1495,C-320,2026-06-08,Germany
O-1496,C-136,2025-06-21,Spain
O-1497,C-371,2025-12-17,Spain
O-1498,C-473,2026-04-10,Czech Republic
O-1499,C-306,2025-03-12,Germany
O-1500,C-118,2026-01-23,Georgia
O-1501,C-198,2025-05-16,Georgia
O-1502,C-056,2025-01-17,Georgia
O-1503,C-104,2026-06-20,Italy
O-1504,C-441,2026-06-01,United Kingdom
O-1505,C-351,2026-03-06,Georgia
O-1506,C-424,2025-06-03,United States
O-1507,C-311,2025-04-09,United States
O-1508,C-091,2026-05-03,Spain
O-1509,C-462,2025-02-09,France
O-1510,C-450,2026-06-29,United Kingdom
O-1511,C-258,2025-05-01,Georgia
O-1512,C-048,2026-05-09,Germany
O-1513,C-338,2025-05-14,Spain
O-1514,C-462,2025-01-02,France
O-1515,C-460,2026-03-18,Germany
O-1516,C-268,2026-03-07,Georgia
O-1517,C-190,2025-02-14,Germany
O-1518,C-358,2026-06-27,United Kingdom
O-1519,C-220,2025-08-23,United Kingdom
O-1520,C-481,2026-05-09,France
O-1521,C-405,2026-01-26,Greece
O-1522,C-180,2025-04-11,United States
O-1523,C-218,2025-05-18,Spain
O-1524,C-131,2026-05-04,France
O-1525,C-393,2025-08-27,Georgia
O-1526,C-466,2025-03-27,France
O-1527,C-146,2026-02-23,Greece
O-1528,C-132,2025-07-13,Italy
O-1529,C-003,2025-01-08,Czech Republic
O-1530,C-296,2026-06-20,Germany
O-1531,C-061,2026-06-17,Greece
O-1532,C-004,2026-01-20,United States
O-1533,C-336,2025-07-30,United Kingdom
O-1534,C-353,2025-11-20,United States
O-1535,C-210,2026-01-06,France
O-1536,C-055,2025-06-08,Georgia
O-1537,C-219,2025-09-17,United Kingdom
O-1538,C-134,2026-03-10,Germany
O-1539,C-290,2026-01-10,Germany
O-1540,C-314,2025-10-10,United Kingdom
O-1541,C-349,2026-02-11,Georgia
O-1542,C-387,2025-07-28,Georgia
O-1543,C-212,2026-05-10,Czech Republic
O-1544,C-092,2026-01-15,Germany
O-1545,C-287,2026-05-11,Czech Republic
O-1546,C-130,2025-11-11,Czech Republic
O-1547,C-296,2025-12-19,Germany
O-1548,C-397,2026-02-12,Czech Republic
O-1549,C-377,2025-05-22,Georgia
O-1550,C-438,2025-05-02,United Kingdom
O-1551,C-383,2025-08-24,Spain
O-1552,C-229,2025-06-15,Italy
O-1553,C-052,2025-08-08,Spain
O-1554,C-261,2026-02-15,Germany
O-1555,C-403,2025-12-13,France
O-1556,C-411,2025-02-23,Spain
O-1557,C-083,2026-02-03,United States
O-1558,C-494,2025-01-06,Italy
O-1559,C-412,2025-04-04,France
O-1560,C-422,2025-05-29,France
O-1561,C-242,2026-03-22,Georgia
O-1562,C-046,2025-03-07,United States
O-1563,C-135,2025-08-16,Spain
O-1564,C-190,2025-03-23,Germany
O-1565,C-312,2025-02-08,Germany
O-1566,C-371,2026-01-29,Spain
O-1567,C-477,2026-02-15,Georgia
O-1568,C-315,2026-06-18,Italy
O-1569,C-147,2025-02-28,United Kingdom
O-1570,C-485,2025-06-29,Germany
O-1571,C-328,2026-05-22,United Kingdom
O-1572,C-225,2025-01-11,Germany
O-1573,C-104,2026-06-15,Italy
O-1574,C-147,2025-07-19,United Kingdom
O-1575,C-018,2026-06-07,Georgia
O-1576,C-265,2025-08-26,Germany
O-1577,C-315,2025-06-23,Italy
O-1578,C-346,2025-02-06,Greece
O-1579,C-185,2025-09-02,United Kingdom
O-1580,C-336,2025-01-01,United Kingdom
O-1581,C-500,2025-06-11,Spain
O-1582,C-045,2025-10-10,United States
O-1583,C-400,2026-02-14,Spain
O-1584,C-181,2026-02-09,Georgia
O-1585,C-208,2025-07-25,Greece
O-1586,C-266,2025-01-16,France
O-1587,C-378,2025-03-12,Georgia
O-1588,C-471,2025-04-03,Czech Republic
O-1589,C-282,2025-10-19,France
O-1590,C-372,2025-12-23,Italy
O-1591,C-178,2025-10-11,United States
O-1592,C-116,2025-07-19,Greece
O-1593,C-233,2026-02-18,Greece
O-1594,C-295,2025-01-05,United Kingdom
O-1595,C-134,2025-06-29,Germany
O-1596,C-209,2026-06-03,Greece
O-1597,C-055,2025-03-16,Georgia
O-1598,C-258,2025-10-29,Georgia
O-1599,C-175,2025-04-30,Italy
O-1600,C-412,2026-06-10,France
O-1601,C-490,2025-09-21,Italy
O-1602,C-449,2025-09-14,Greece
O-1603,C-356,2026-03-30,United Kingdom
O-1604,C-495,2026-01-22,Italy
O-1605,C-289,2026-05-11,Germany
O-1606,C-395,2025-09-07,Georgia
O-1607,C-388,2025-12-14,Germany
O-1608,C-493,2026-04-15,Spain
O-1609,C-349,2026-04-17,Georgia
O-1610,C-460,2025-01-29,Germany
O-1611,C-247,2025-04-30,United Kingdom
O-1612,C-133,2025-03-11,Italy
O-1613,C-196,2025-08-14,United States
O-1614,C-347,2025-08-24,Czech Republic
O-1615,C-410,2025-11-20,Germany
O-1616,C-212,2025-12-28,Czech Republic
O-1617,C-265,2025-01-10,Germany
O-1618,C-359,2025-09-27,Spain
O-1619,C-128,2025-10-22,France
O-1620,C-048,2026-02-13,Germany
O-1621,C-345,2025-12-17,United States
O-1622,C-039,2025-07-02,Italy
O-1623,C-244,2025-11-18,Czech Republic
O-1624,C-182,2025-08-12,France
O-1625,C-458,2025-10-03,United States
O-1626,C-094,2025-07-14,Italy
O-1627,C-256,2025-07-24,United States
O-1628,C-121,2025-09-05,United Kingdom
O-1629,C-447,2025-09-29,United States
O-1630,C-106,2025-08-23,Greece
O-1631,C-104,2025-09-13,Italy
O-1632,C-429,2025-12-31,Georgia
O-1633,C-080,2025-04-20,United Kingdom
O-1634,C-062,2025-03-22,United Kingdom
O-1635,C-347,2026-05-20,Czech Republic
O-1636,C-315,2025-01-07,Italy
O-1637,C-392,2025-02-13,United States
O-1638,C-435,2026-05-09,Spain
O-1639,C-191,2025-11-19,Spain
O-1640,C-253,2025-10-09,United States
O-1641,C-252,2025-07-07,Spain
O-1642,C-392,2026-06-08,United States
O-1643,C-144,2026-02-12,Germany
O-1644,C-114,2025-05-12,Germany
O-1645,C-028,2026-06-23,United Kingdom
O-1646,C-410,2026-03-10,Germany
O-1647,C-245,2025-02-03,Italy
O-1648,C-258,2025-12-22,Georgia
O-1649,C-202,2025-06-28,Georgia
O-1650,C-235,2025-05-04,Italy
O-1651,C-358,2026-06-15,United Kingdom
O-1652,C-236,2025-11-20,Germany
O-1653,C-353,2025-01-09,United States
O-1654,C-007,2025-08-04,France
O-1655,C-195,2025-04-14,Greece
O-1656,C-167,2026-01-06,Czech Republic
O-1657,C-314,2025-09-23,United Kingdom
O-1658,C-096,2025-09-27,Italy
O-1659,C-122,2025-10-03,United States
O-1660,C-242,2025-12-18,Georgia
O-1661,C-188,2025-07-08,Italy
O-1662,C-256,2026-03-11,United States
O-1663,C-108,2026-03-06,Germany
O-1664,C-359,2026-01-17,Spain
O-1665,C-187,2026-02-15,United States
O-1666,C-144,2026-04-07,Germany
O-1667,C-093,2025-05-15,France
O-1668,C-295,2025-08-23,United Kingdom
O-1669,C-417,2025-04-13,Germany
O-1670,C-370,2025-10-04,Greece
O-1671,C-412,2025-08-30,France
O-1672,C-285,2026-03-19,Czech Republic
O-1673,C-439,2026-01-26,France
O-1674,C-101,2025-05-30,Germany
O-1675,C-410,2025-06-03,Germany
O-1676,C-243,2025-01-10,Germany
O-1677,C-091,2026-03-08,Spain
O-1678,C-256,2025-05-18,United States
O-1679,C-458,2026-06-14,United States
O-1680,C-274,2025-11-20,Greece
O-1681,C-403,2026-05-14,France
O-1682,C-154,2025-09-14,Georgia
O-1683,C-288,2025-02-18,Greece
O-1684,C-204,2025-04-12,Italy
O-1685,C-354,2025-06-17,United Kingdom
O-1686,C-031,2025-08-09,Czech Republic
O-1687,C-417,2025-09-18,Germany
O-1688,C-244,2025-04-09,Czech Republic
O-1689,C-231,2025-12-09,Spain
O-1690,C-134,2026-01-05,Germany
O-1691,C-185,2025-09-21,United Kingdom
O-1692,C-177,2025-01-21,Czech Republic
O-1693,C-211,2025-05-05,Georgia
O-1694,C-180,2025-07-23,United States
O-1695,C-296,2025-06-28,Germany
O-1696,C-400,2025-10-19,Spain
O-1697,C-182,2025-11-29,France
O-1698,C-345,2026-06-07,United States
O-1699,C-250,2026-04-03,United Kingdom
O-1700,C-456,2025-03-22,United Kingdom
O-1701,C-196,2025-10-21,United States
O-1702,C-238,2025-05-29,Greece
O-1703,C-445,2025-06-21,Czech Republic
O-1704,C-328,2025-12-12,United Kingdom
O-1705,C-216,2026-02-19,Spain
O-1706,C-435,2025-03-15,Spain
O-1707,C-041,2025-06-15,Italy
O-1708,C-176,2025-08-22,Italy
O-1709,C-161,2025-11-21,Czech Republic
O-1710,C-335,2025-10-26,Georgia
O-1711,C-364,2025-10-01,United Kingdom
O-1712,C-310,2026-02-09,United Kingdom
O-1713,C-139,2026-04-01,France
O-1714,C-400,2026-01-07,Spain
O-1715,C-383,2026-06-18,Spain
O-1716,C-495,2026-04-07,Italy
O-1717,C-212,2025-06-21,Czech Republic
O-1718,C-095,2025-01-24,Greece
O-1719,C-065,2025-08-29,Italy
O-1720,C-339,2025-09-15,France
O-1721,C-482,2025-03-23,United Kingdom
O-1722,C-108,2025-06-20,Germany
O-1723,C-204,2025-04-16,Italy
O-1724,C-049,2025-03-07,United Kingdom
O-1725,C-480,2026-04-30,Italy
O-1726,C-281,2025-02-25,Germany
O-1727,C-014,2026-02-11,Georgia
O-1728,C-269,2025-03-27,Czech Republic
O-1729,C-054,2025-09-26,Germany
O-1730,C-317,2025-06-09,United States
O-1731,C-044,2026-02-04,Italy
O-1732,C-159,2025-08-23,United States
O-1733,C-127,2025-10-18,Czech Republic
O-1734,C-227,2025-05-10,Greece
O-1735,C-068,2026-06-24,Greece
O-1736,C-430,2025-06-24,Czech Republic
O-1737,C-015,2025-02-05,France
O-1738,C-340,2026-01-01,United States
O-1739,C-441,2025-11-30,United Kingdom
O-1740,C-443,2026-05-03,United Kingdom
O-1741,C-240,2025-10-06,Georgia
O-1742,C-281,2026-04-01,Germany
O-1743,C-070,2025-07-01,Greece
O-1744,C-303,2026-04-13,Italy
O-1745,C-324,2026-03-22,Spain
O-1746,C-269,2025-11-14,Czech Republic
O-1747,C-466,2025-12-22,France
O-1748,C-247,2025-08-21,United Kingdom
O-1749,C-413,2025-04-02,United Kingdom
O-1750,C-227,2025-11-12,Greece
O-1751,C-188,2026-02-27,Italy
O-1752,C-134,2025-06-09,Germany
O-1753,C-156,2025-01-11,Spain
O-1754,C-001,2026-06-20,France
O-1755,C-418,2025-05-20,France
O-1756,C-177,2025-10-21,Czech Republic
O-1757,C-241,2025-01-09,France
O-1758,C-353,2026-05-19,United States
O-1759,C-485,2026-05-04,Germany
O-1760,C-154,2025-01-10,Georgia
O-1761,C-393,2026-03-17,Georgia
O-1762,C-409,2025-10-27,Spain
O-1763,C-306,2025-08-25,Germany
O-1764,C-408,2025-01-08,Greece
O-1765,C-281,2026-01-18,Germany
O-1766,C-097,2026-02-26,Spain
O-1767,C-452,2026-03-24,Italy
O-1768,C-203,2025-09-13,Spain
O-1769,C-084,2026-02-04,United Kingdom
O-1770,C-425,2026-01-23,France
O-1771,C-113,2025-09-27,Spain
O-1772,C-041,2026-03-09,Italy
O-1773,C-321,2025-09-03,Czech Republic
O-1774,C-265,2025-10-06,Germany
O-1775,C-146,2026-06-29,Greece
O-1776,C-415,2025-10-03,United Kingdom
O-1777,C-212,2025-07-12,Czech Republic
O-1778,C-437,2025-03-12,Georgia
O-1779,C-094,2025-05-20,Italy
O-1780,C-149,2025-04-24,Czech Republic
O-1781,C-327,2026-04-12,France
O-1782,C-317,2026-04-09,United States
O-1783,C-140,2026-05-19,France
O-1784,C-097,2025-11-25,Spain
O-1785,C-010,2025-06-05,Germany
O-1786,C-026,2025-01-23,Czech Republic
O-1787,C-096,2025-04-15,Italy
O-1788,C-145,2025-10-03,France
O-1789,C-065,2026-03-25,Italy
O-1790,C-373,2025-01-09,Germany
O-1791,C-120,2025-04-03,Italy
O-1792,C-078,2025-01-16,Spain
O-1793,C-253,2025-08-11,United States
O-1794,C-176,2026-03-07,Italy
O-1795,C-160,2026-05-26,Italy
O-1796,C-191,2026-04-20,Spain
O-1797,C-357,2025-02-02,Italy
O-1798,C-170,2025-03-24,Italy
O-1799,C-432,2025-05-30,France
O-1800,C-029,2025-09-30,Greece
O-1801,C-398,2026-02-06,France
O-1802,C-037,2026-04-27,United Kingdom
O-1803,C-093,2025-07-16,France
O-1804,C-459,2025-09-14,Italy
O-1805,C-419,2026-01-26,Germany
O-1806,C-425,2025-01-13,France
O-1807,C-063,2025-09-12,Czech Republic
O-1808,C-198,2026-03-30,Georgia
O-1809,C-127,2025-02-04,Czech Republic
O-1810,C-102,2026-04-17,Germany
O-1811,C-377,2025-04-07,Georgia
O-1812,C-267,2025-08-02,United States
O-1813,C-243,2026-02-03,Germany
O-1814,C-349,2025-11-16,Georgia
O-1815,C-480,2025-11-27,Italy
O-1816,C-082,2025-02-13,Italy
O-1817,C-382,2026-06-18,Greece
O-1818,C-063,2025-09-17,Czech Republic
O-1819,C-247,2025-11-02,United Kingdom
O-1820,C-102,2026-01-05,Germany
O-1821,C-455,2025-02-23,Spain
O-1822,C-443,2025-08-12,United Kingdom
O-1823,C-499,2025-04-26,United Kingdom
O-1824,C-121,2026-03-21,United Kingdom
O-1825,C-167,2025-01-16,Czech Republic
O-1826,C-086,2025-10-10,Greece
O-1827,C-300,2025-05-03,Czech Republic
O-1828,C-203,2025-09-06,Spain
O-1829,C-005,2025-02-13,United Kingdom
O-1830,C-298,2026-05-02,Czech Republic
O-1831,C-353,2025-06-08,United States
O-1832,C-191,2025-04-02,Spain
O-1833,C-128,2025-06-11,France
O-1834,C-256,2025-04-04,United States
O-1835,C-352,2025-12-13,Germany
O-1836,C-477,2025-03-03,Georgia
O-1837,C-031,2025-12-31,Czech Republic
O-1838,C-331,2025-06-07,Georgia
O-1839,C-360,2025-04-20,Germany
O-1840,C-065,2026-05-15,Italy
O-1841,C-120,2025-11-21,Italy
O-1842,C-286,2025-12-22,Germany
O-1843,C-413,2026-03-26,United Kingdom
O-1844,C-376,2025-07-17,Czech Republic
O-1845,C-011,2026-01-22,France
O-1846,C-184,2025-05-18,Spain
O-1847,C-129,2025-02-10,France
O-1848,C-249,2026-03-25,Germany
O-1849,C-287,2025-10-29,Czech Republic
O-1850,C-278,2026-05-17,United Kingdom
O-1851,C-098,2025-07-11,Georgia
O-1852,C-279,2025-12-23,United States
O-1853,C-166,2026-04-25,United Kingdom
O-1854,C-141,2025-06-14,United Kingdom
O-1855,C-036,2026-06-28,Czech Republic
O-1856,C-080,2026-04-06,United Kingdom
O-1857,C-152,2025-09-27,Czech Republic
O-1858,C-278,2026-01-11,United Kingdom
O-1859,C-233,2025-01-01,Greece
O-1860,C-398,2026-06-03,France
O-1861,C-195,2025-07-09,Greece
O-1862,C-453,2025-01-20,Czech Republic
O-1863,C-318,2026-01-08,Greece
O-1864,C-398,2025-09-02,France
O-1865,C-165,2025-03-06,United Kingdom
O-1866,C-338,2026-02-01,Spain
O-1867,C-098,2026-06-21,Georgia
O-1868,C-350,2026-05-25,France
O-1869,C-393,2025-06-07,Georgia
O-1870,C-314,2025-10-17,United Kingdom
O-1871,C-166,2026-02-24,United Kingdom
O-1872,C-329,2025-11-26,Germany
O-1873,C-057,2025-04-09,Greece
O-1874,C-268,2025-03-10,Georgia
O-1875,C-023,2025-05-13,Italy
O-1876,C-092,2025-02-02,Germany
O-1877,C-104,2025-04-20,Italy
O-1878,C-249,2025-07-16,Germany
O-1879,C-051,2025-02-02,Germany
O-1880,C-293,2026-02-02,Spain
O-1881,C-337,2026-05-17,France
O-1882,C-270,2025-09-20,Greece
O-1883,C-026,2026-01-11,Czech Republic
O-1884,C-114,2025-03-14,Germany
O-1885,C-007,2025-08-02,France
O-1886,C-336,2026-05-19,United Kingdom
O-1887,C-476,2025-03-23,Czech Republic
O-1888,C-240,2025-03-04,Georgia
O-1889,C-185,2026-03-02,United Kingdom
O-1890,C-421,2026-01-13,Georgia
O-1891,C-407,2025-03-01,Czech Republic
O-1892,C-422,2025-09-30,France
O-1893,C-271,2025-02-11,United States
O-1894,C-376,2025-03-14,Czech Republic
O-1895,C-428,2025-11-08,Italy
O-1896,C-040,2025-08-10,Czech Republic
O-1897,C-492,2026-06-16,Italy
O-1898,C-050,2025-04-14,Spain
O-1899,C-372,2025-08-25,Italy
O-1900,C-273,2026-01-30,United States
O-1901,C-098,2025-07-17,Georgia
O-1902,C-270,2025-09-12,Greece
O-1903,C-292,2025-07-03,United Kingdom
O-1904,C-286,2026-03-02,Germany
O-1905,C-383,2025-04-19,Spain
O-1906,C-393,2026-01-02,Georgia
O-1907,C-346,2026-04-15,Greece
O-1908,C-360,2026-03-14,Germany
O-1909,C-453,2025-04-17,Czech Republic
O-1910,C-086,2025-07-04,Greece
O-1911,C-282,2026-02-16,France
O-1912,C-259,2025-12-12,Czech Republic
O-1913,C-337,2025-06-11,France
O-1914,C-274,2026-03-30,Greece
O-1915,C-478,2025-12-27,Spain
O-1916,C-463,2025-11-19,Georgia
O-1917,C-282,2025-11-29,France
O-1918,C-433,2026-01-16,United Kingdom
O-1919,C-212,2026-03-17,Czech Republic
O-1920,C-423,2025-11-28,Greece
O-1921,C-312,2025-09-04,Germany
O-1922,C-289,2025-08-08,Germany
O-1923,C-193,2025-09-18,Czech Republic
O-1924,C-185,2026-04-09,United Kingdom
O-1925,C-230,2026-02-11,Czech Republic
O-1926,C-001,2025-02-05,France
O-1927,C-146,2025-01-17,Greece
O-1928,C-266,2025-05-19,France
O-1929,C-456,2025-11-06,United Kingdom
O-1930,C-004,2025-11-04,United States
O-1931,C-114,2025-08-08,Germany
O-1932,C-439,2025-11-19,France
O-1933,C-012,2025-10-10,Germany
O-1934,C-471,2026-06-08,Czech Republic
O-1935,C-285,2025-06-08,Czech Republic
O-1936,C-049,2025-02-08,United Kingdom
O-1937,C-236,2025-12-31,Germany
O-1938,C-080,2025-05-22,United Kingdom
O-1939,C-136,2026-01-11,Spain
O-1940,C-456,2025-09-13,United Kingdom
O-1941,C-120,2025-09-20,Italy
O-1942,C-416,2025-11-04,Italy
O-1943,C-048,2026-02-14,Germany
O-1944,C-292,2025-08-11,United Kingdom
O-1945,C-376,2025-03-21,Czech Republic
O-1946,C-371,2025-11-29,Spain
O-1947,C-406,2026-05-10,Spain
O-1948,C-089,2026-05-15,Greece
O-1949,C-423,2025-04-08,Greece
O-1950,C-305,2025-11-04,Georgia
O-1951,C-020,2026-01-26,Germany
O-1952,C-041,2025-02-27,Italy
O-1953,C-472,2025-12-09,France
O-1954,C-179,2026-03-21,Italy
O-1955,C-214,2025-05-04,United States
O-1956,C-446,2025-08-21,Georgia
O-1957,C-383,2025-01-12,Spain
O-1958,C-325,2026-01-27,Germany
O-1959,C-028,2025-11-09,United Kingdom
O-1960,C-269,2025-02-12,Czech Republic
O-1961,C-164,2025-06-03,Italy
O-1962,C-168,2026-05-30,Germany
O-1963,C-358,2025-08-15,United Kingdom
O-1964,C-079,2025-02-21,Greece
O-1965,C-345,2026-02-07,United States
O-1966,C-498,2026-04-02,Greece
O-1967,C-386,2026-06-01,United Kingdom
O-1968,C-047,2025-08-16,Italy
O-1969,C-222,2025-10-24,Italy
O-1970,C-403,2026-02-08,France
O-1971,C-076,2025-05-16,Italy
O-1972,C-173,2025-03-26,Greece
O-1973,C-244,2025-02-20,Czech Republic
O-1974,C-281,2026-02-13,Germany
O-1975,C-135,2025-03-29,Spain
O-1976,C-205,2026-05-29,France
O-1977,C-223,2025-05-14,United States
O-1978,C-391,2025-05-19,United Kingdom
O-1979,C-247,2025-07-22,United Kingdom
O-1980,C-250,2026-02-09,United Kingdom
O-1981,C-334,2025-07-20,United Kingdom
O-1982,C-288,2026-06-21,Greece
O-1983,C-127,2025-09-06,Czech Republic
O-1984,C-037,2025-09-30,United Kingdom
O-1985,C-398,2026-03-17,France
O-1986,C-166,2025-04-02,United Kingdom
O-1987,C-058,2026-02-28,United Kingdom
O-1988,C-217,2026-01-10,United Kingdom
O-1989,C-179,2025-07-15,Italy
O-1990,C-165,2025-12-19,United Kingdom
O-1991,C-305,2025-01-25,Georgia
O-1992,C-395,2025-11-09,Georgia
O-1993,C-087,2025-12-25,Germany
O-1994,C-316,2026-03-29,Italy
O-1995,C-320,2025-05-30,Germany
O-1996,C-226,2025-02-15,Georgia
O-1997,C-474,2025-08-28,Spain
O-1998,C-103,2026-01-18,Germany
O-1999,C-080,2025-03-29,United Kingdom
O-2000,C-058,2025-02-25,United Kingdom
O-2001,C-125,2025-06-01,United Kingdom
O-2002,C-445,2025-10-22,Czech Republic
O-2003,C-008,2025-12-18,France
O-2004,C-356,2025-04-24,United Kingdom
O-2005,C-157,2026-04-06,France
O-2006,C-242,2025-01-24,Georgia
O-2007,C-170,2025-08-03,Italy
O-2008,C-379,2025-08-05,France
O-2009,C-105,2026-06-20,Czech Republic
O-2010,C-385,2025-09-22,France
O-2011,C-281,2026-05-10,Germany
O-2012,C-319,2025-05-25,Spain
O-2013,C-356,2025-01-19,United Kingdom
O-2014,C-193,2026-06-24,Czech Republic
O-2015,C-023,2025-09-19,Italy
O-2016,C-088,2025-03-03,Czech Republic
O-2017,C-146,2025-07-25,Greece
O-2018,C-405,2025-10-05,Greece
O-2019,C-028,2026-04-22,United Kingdom
O-2020,C-336,2025-01-09,United Kingdom
O-2021,C-035,2026-02-02,United Kingdom
O-2022,C-339,2025-10-05,France
O-2023,C-340,2026-01-04,United States
O-2024,C-443,2025-04-21,United Kingdom
O-2025,C-010,2025-10-27,Germany
O-2026,C-445,2026-01-31,Czech Republic
O-2027,C-119,2026-01-25,United Kingdom
O-2028,C-261,2025-04-12,Germany
O-2029,C-463,2025-11-20,Georgia
O-2030,C-249,2026-06-29,Germany
O-2031,C-046,2025-07-10,United States
O-2032,C-102,2026-05-28,Germany
O-2033,C-495,2026-04-14,Italy
O-2034,C-288,2025-01-23,Greece
O-2035,C-021,2025-09-11,France
O-2036,C-473,2026-06-27,Czech Republic
O-2037,C-157,2025-12-08,France
O-2038,C-251,2026-02-07,Italy
O-2039,C-382,2025-06-10,Greece
O-2040,C-010,2025-12-22,Germany
O-2041,C-351,2025-12-27,Georgia
O-2042,C-182,2025-11-06,France
O-2043,C-121,2026-05-29,United Kingdom
O-2044,C-142,2025-03-05,Greece
O-2045,C-321,2025-09-21,Czech Republic
O-2046,C-450,2026-02-01,United Kingdom
O-2047,C-456,2025-01-31,United Kingdom
O-2048,C-484,2025-10-14,Georgia
O-2049,C-116,2025-06-05,Greece
O-2050,C-175,2026-02-07,Italy
O-2051,C-337,2025-05-21,France
O-2052,C-045,2026-01-27,United States
O-2053,C-267,2025-08-21,United States
O-2054,C-214,2025-09-04,United States
O-2055,C-294,2025-06-06,Czech Republic
O-2056,C-219,2025-11-16,United Kingdom
O-2057,C-466,2025-12-04,France
O-2058,C-230,2025-05-15,Czech Republic
O-2059,C-106,2025-05-22,Greece
O-2060,C-298,2025-07-27,Czech Republic
O-2061,C-442,2025-05-22,France
O-2062,C-159,2026-06-21,United States
O-2063,C-466,2025-05-19,France
O-2064,C-221,2025-05-29,United Kingdom
O-2065,C-336,2025-06-11,United Kingdom
O-2066,C-163,2025-03-11,France
O-2067,C-286,2026-06-30,Germany
O-2068,C-486,2025-05-02,United States
O-2069,C-095,2025-11-22,Greece
O-2070,C-430,2025-05-30,Czech Republic
O-2071,C-373,2025-01-31,Germany
O-2072,C-392,2025-11-23,United States
O-2073,C-451,2026-02-28,Czech Republic
O-2074,C-493,2026-02-26,Spain
O-2075,C-156,2026-03-30,Spain
O-2076,C-382,2025-10-08,Greece
O-2077,C-078,2025-07-12,Spain
O-2078,C-055,2025-05-15,Georgia
O-2079,C-095,2025-01-27,Greece
O-2080,C-391,2025-10-01,United Kingdom
O-2081,C-311,2025-08-25,United States
O-2082,C-306,2025-08-26,Germany
O-2083,C-119,2025-01-27,United Kingdom
O-2084,C-184,2025-03-23,Spain
O-2085,C-353,2026-05-04,United States
O-2086,C-069,2026-05-30,Germany
O-2087,C-434,2026-04-26,France
O-2088,C-365,2026-01-18,United States
O-2089,C-095,2026-02-01,Greece
O-2090,C-252,2026-05-01,Spain
O-2091,C-071,2025-06-17,Spain
O-2092,C-099,2025-08-20,Georgia
O-2093,C-017,2026-02-23,Czech Republic
O-2094,C-392,2025-01-16,United States
O-2095,C-474,2025-10-04,Spain
O-2096,C-487,2026-02-27,Czech Republic
O-2097,C-114,2025-07-27,Germany
O-2098,C-388,2025-07-29,Germany
O-2099,C-034,2025-07-01,United Kingdom
O-2100,C-475,2026-03-26,France
O-2101,C-444,2026-05-17,United Kingdom
O-2102,C-353,2025-11-29,United States
O-2103,C-444,2026-04-14,United Kingdom
O-2104,C-455,2025-09-10,Spain
O-2105,C-219,2026-02-19,United Kingdom
O-2106,C-398,2025-02-12,France
O-2107,C-312,2026-01-25,Germany
O-2108,C-369,2025-11-17,Italy
O-2109,C-202,2026-06-22,Georgia
O-2110,C-329,2025-02-09,Germany
O-2111,C-267,2025-04-22,United States
O-2112,C-232,2026-04-13,Germany
O-2113,C-424,2025-02-13,United States
O-2114,C-450,2025-09-09,United Kingdom
O-2115,C-266,2026-02-10,France
O-2116,C-377,2025-02-10,Georgia
O-2117,C-286,2026-02-01,Germany
O-2118,C-265,2025-02-20,Germany
O-2119,C-098,2025-10-26,Georgia
O-2120,C-226,2026-02-12,Georgia
O-2121,C-453,2025-11-08,Czech Republic
O-2122,C-397,2025-10-20,Czech Republic
O-2123,C-237,2025-06-20,United States
O-2124,C-217,2025-10-29,United Kingdom
O-2125,C-314,2025-02-25,United Kingdom
O-2126,C-354,2026-06-14,United Kingdom
O-2127,C-463,2025-05-26,Georgia
O-2128,C-238,2026-04-08,Greece
O-2129,C-047,2026-05-28,Italy
O-2130,C-058,2025-07-04,United Kingdom
O-2131,C-399,2025-05-19,Italy
O-2132,C-202,2026-02-28,Georgia
O-2133,C-166,2026-04-07,United Kingdom
O-2134,C-013,2025-07-03,Greece
O-2135,C-233,2025-07-26,Greece
O-2136,C-452,2026-04-11,Italy
O-2137,C-047,2025-09-14,Italy
O-2138,C-166,2025-06-17,United Kingdom
O-2139,C-368,2025-05-07,Spain
O-2140,C-047,2025-04-27,Italy
O-2141,C-362,2026-04-06,Spain
O-2142,C-325,2026-01-07,Germany
O-2143,C-044,2026-06-21,Italy
O-2144,C-363,2026-01-29,Georgia
O-2145,C-373,2026-06-08,Germany
O-2146,C-314,2025-06-13,United Kingdom
O-2147,C-194,2026-01-25,France
O-2148,C-023,2025-06-24,Italy
O-2149,C-468,2025-12-10,Italy
O-2150,C-290,2025-06-03,Germany
O-2151,C-084,2025-05-29,United Kingdom
O-2152,C-092,2025-02-22,Germany
O-2153,C-215,2025-11-12,Georgia
O-2154,C-159,2026-04-02,United States
O-2155,C-148,2025-07-05,Greece
O-2156,C-061,2025-05-15,Greece
O-2157,C-492,2025-07-27,Italy
O-2158,C-002,2025-09-17,United Kingdom
O-2159,C-007,2026-04-15,France
O-2160,C-255,2026-05-26,Italy
O-2161,C-279,2025-01-06,United States
O-2162,C-312,2026-05-21,Germany
O-2163,C-122,2025-08-11,United States
O-2164,C-302,2026-05-03,Czech Republic
O-2165,C-233,2026-02-24,Greece
O-2166,C-227,2025-03-23,Greece
O-2167,C-308,2025-01-07,Germany
O-2168,C-126,2025-10-12,Czech Republic
O-2169,C-318,2025-08-01,Greece
O-2170,C-026,2025-07-09,Czech Republic
O-2171,C-076,2025-02-26,Italy
O-2172,C-335,2025-12-24,Georgia
O-2173,C-019,2025-05-29,Greece
O-2174,C-438,2025-02-03,United Kingdom
O-2175,C-342,2025-11-02,United States
O-2176,C-170,2025-03-31,Italy
O-2177,C-026,2025-04-22,Czech Republic
O-2178,C-214,2025-07-02,United States
O-2179,C-083,2025-10-19,United States
O-2180,C-313,2025-07-01,Germany
O-2181,C-495,2026-04-12,Italy
O-2182,C-384,2026-01-04,Italy
O-2183,C-477,2025-02-06,Georgia
O-2184,C-048,2025-11-03,Germany
O-2185,C-166,2026-01-13,United Kingdom
O-2186,C-460,2026-01-24,Germany
O-2187,C-420,2025-03-11,Germany
O-2188,C-389,2026-03-14,Italy
O-2189,C-432,2025-03-08,France
O-2190,C-150,2026-04-28,Greece
O-2191,C-069,2025-05-05,Germany
O-2192,C-356,2025-10-09,United Kingdom
O-2193,C-169,2026-06-24,Italy
O-2194,C-212,2026-06-22,Czech Republic
O-2195,C-108,2025-08-03,Germany
O-2196,C-314,2025-03-01,United Kingdom
O-2197,C-056,2026-06-26,Georgia
O-2198,C-045,2026-05-11,United States
O-2199,C-371,2025-10-22,Spain
O-2200,C-219,2025-11-21,United Kingdom
O-2201,C-133,2026-06-23,Italy
O-2202,C-295,2025-12-29,United Kingdom
O-2203,C-475,2025-05-13,France
O-2204,C-315,2026-05-24,Italy
O-2205,C-267,2026-05-25,United States
O-2206,C-253,2025-07-04,United States
O-2207,C-453,2025-08-27,Czech Republic
O-2208,C-363,2025-10-25,Georgia
O-2209,C-100,2025-01-02,Germany
O-2210,C-061,2025-01-25,Greece
O-2211,C-239,2025-05-01,Greece
O-2212,C-378,2025-08-01,Georgia
O-2213,C-410,2026-03-01,Germany
O-2214,C-212,2025-02-16,Czech Republic
O-2215,C-171,2025-12-25,Greece
O-2216,C-287,2025-08-06,Czech Republic
O-2217,C-006,2025-07-26,Czech Republic
O-2218,C-354,2025-10-16,United Kingdom
O-2219,C-131,2025-03-11,France
O-2220,C-158,2025-11-04,France
O-2221,C-260,2025-11-28,Germany
O-2222,C-393,2025-01-07,Georgia
O-2223,C-059,2025-12-08,Greece
O-2224,C-175,2026-02-10,Italy
O-2225,C-371,2025-01-30,Spain
O-2226,C-427,2025-06-29,Spain
O-2227,C-100,2025-12-05,Germany
O-2228,C-427,2025-12-13,Spain
O-2229,C-473,2026-05-06,Czech Republic
O-2230,C-470,2026-05-01,Spain
O-2231,C-409,2025-02-06,Spain
O-2232,C-331,2025-05-20,Georgia
O-2233,C-247,2025-06-09,United Kingdom
O-2234,C-322,2026-04-17,Spain
O-2235,C-457,2025-12-10,Greece
O-2236,C-237,2026-02-28,United States
O-2237,C-476,2025-02-27,Czech Republic
O-2238,C-428,2026-06-18,Italy
O-2239,C-154,2025-11-20,Georgia
O-2240,C-285,2025-01-20,Czech Republic
O-2241,C-107,2025-12-06,United States
O-2242,C-410,2025-12-29,Germany
O-2243,C-034,2025-06-02,United Kingdom
O-2244,C-144,2025-02-01,Germany
O-2245,C-174,2026-01-20,United Kingdom
O-2246,C-321,2025-06-19,Czech Republic
O-2247,C-293,2026-02-03,Spain
O-2248,C-096,2025-04-30,Italy
O-2249,C-443,2025-11-12,United Kingdom
O-2250,C-362,2025-11-19,Spain
O-2251,C-364,2025-02-02,United Kingdom
O-2252,C-140,2026-02-28,France
O-2253,C-045,2026-05-24,United States
O-2254,C-450,2025-09-01,United Kingdom
O-2255,C-191,2026-04-08,Spain
O-2256,C-425,2025-11-06,France
O-2257,C-111,2026-06-22,France
O-2258,C-155,2025-06-29,Italy
O-2259,C-058,2026-01-19,United Kingdom
O-2260,C-402,2025-02-08,Czech Republic
O-2261,C-399,2025-07-26,Italy
O-2262,C-468,2025-04-05,Italy
O-2263,C-228,2026-06-03,Greece
O-2264,C-013,2026-05-10,Greece
O-2265,C-464,2026-05-28,Germany
O-2266,C-079,2025-07-14,Greece
O-2267,C-175,2026-05-11,Italy
O-2268,C-376,2026-06-21,Czech Republic
O-2269,C-159,2025-12-02,United States
O-2270,C-074,2025-04-11,Italy
O-2271,C-421,2026-06-13,Georgia
O-2272,C-347,2025-05-16,Czech Republic
O-2273,C-106,2025-02-07,Greece
O-2274,C-236,2026-02-01,Germany
O-2275,C-366,2026-06-19,Germany
O-2276,C-060,2025-01-05,Italy
O-2277,C-160,2025-02-15,Italy
O-2278,C-352,2025-03-31,Germany
O-2279,C-171,2026-04-24,Greece
O-2280,C-456,2025-02-17,United Kingdom
O-2281,C-053,2026-06-18,Greece
O-2282,C-393,2025-11-16,Georgia
O-2283,C-012,2025-11-16,Germany
O-2284,C-328,2025-08-03,United Kingdom
O-2285,C-165,2025-07-25,United Kingdom
O-2286,C-099,2025-10-21,Georgia
O-2287,C-142,2026-06-30,Greece
O-2288,C-164,2026-03-28,Italy
O-2289,C-344,2025-05-01,Germany
O-2290,C-140,2025-06-02,France
O-2291,C-081,2025-10-08,Spain
O-2292,C-059,2025-01-16,Greece
O-2293,C-491,2026-06-11,Czech Republic
O-2294,C-053,2025-07-31,Greece
O-2295,C-278,2025-12-25,United Kingdom
O-2296,C-282,2025-11-23,France
O-2297,C-139,2025-05-25,France
O-2298,C-483,2025-10-18,Spain
O-2299,C-294,2025-09-08,Czech Republic
O-2300,C-088,2025-03-14,Czech Republic
O-2301,C-160,2025-12-13,Italy
O-2302,C-277,2026-03-31,France
O-2303,C-026,2025-05-14,Czech Republic
O-2304,C-015,2026-04-28,France
O-2305,C-463,2025-02-21,Georgia
O-2306,C-055,2026-01-28,Georgia
O-2307,C-028,2025-03-30,United Kingdom
O-2308,C-219,2026-02-06,United Kingdom
O-2309,C-092,2026-04-02,Germany
O-2310,C-316,2025-12-31,Italy
O-2311,C-160,2025-12-07,Italy
O-2312,C-419,2025-07-22,Germany
O-2313,C-366,2025-03-22,Germany
O-2314,C-499,2026-04-22,United Kingdom
O-2315,C-291,2025-05-15,Georgia
O-2316,C-048,2026-04-25,Germany
O-2317,C-050,2026-04-12,Spain
O-2318,C-159,2026-04-22,United States
O-2319,C-241,2025-08-26,France
O-2320,C-486,2025-08-18,United States
O-2321,C-074,2025-09-22,Italy
O-2322,C-468,2026-01-08,Italy
O-2323,C-201,2025-07-07,Germany
O-2324,C-359,2025-12-05,Spain
O-2325,C-404,2025-11-29,United Kingdom
O-2326,C-233,2026-05-15,Greece
O-2327,C-016,2025-03-08,Czech Republic
O-2328,C-244,2025-04-26,Czech Republic
O-2329,C-180,2026-05-06,United States
O-2330,C-237,2025-06-24,United States
O-2331,C-145,2025-12-23,France
O-2332,C-310,2025-05-11,United Kingdom
O-2333,C-261,2025-04-16,Germany
O-2334,C-208,2025-04-20,Greece
O-2335,C-167,2025-03-14,Czech Republic
O-2336,C-406,2025-11-06,Spain
O-2337,C-273,2026-04-18,United States
O-2338,C-206,2026-02-28,France
O-2339,C-123,2025-09-07,Germany
O-2340,C-281,2025-06-12,Germany
O-2341,C-499,2026-05-09,United Kingdom
O-2342,C-197,2025-03-09,Greece
O-2343,C-175,2025-08-02,Italy
O-2344,C-417,2026-03-18,Germany
O-2345,C-402,2026-03-22,Czech Republic
O-2346,C-291,2025-12-17,Georgia
O-2347,C-279,2025-08-30,United States
O-2348,C-089,2025-03-21,Greece
O-2349,C-379,2026-05-14,France
O-2350,C-059,2026-04-20,Greece
O-2351,C-167,2025-04-10,Czech Republic
O-2352,C-421,2026-04-01,Georgia
O-2353,C-091,2025-11-12,Spain
O-2354,C-490,2026-02-20,Italy
O-2355,C-036,2025-04-22,Czech Republic
O-2356,C-351,2026-01-24,Georgia
O-2357,C-168,2026-05-22,Germany
O-2358,C-331,2025-03-04,Georgia
O-2359,C-047,2025-08-11,Italy
O-2360,C-419,2025-05-23,Germany
O-2361,C-455,2025-01-01,Spain
O-2362,C-388,2025-05-31,Germany
O-2363,C-339,2025-06-02,France
O-2364,C-232,2026-06-29,Germany
O-2365,C-150,2026-02-04,Greece
O-2366,C-316,2026-04-03,Italy
O-2367,C-101,2025-07-30,Germany
O-2368,C-349,2025-11-21,Georgia
O-2369,C-154,2025-11-08,Georgia
O-2370,C-471,2026-03-22,Czech Republic
O-2371,C-368,2025-12-19,Spain
O-2372,C-046,2025-01-09,United States
O-2373,C-314,2026-06-07,United Kingdom
O-2374,C-207,2025-05-11,Czech Republic
O-2375,C-437,2025-10-29,Georgia
O-2376,C-032,2026-01-14,Spain
O-2377,C-462,2025-02-24,France
O-2378,C-001,2026-01-03,France
O-2379,C-057,2025-10-16,Greece
O-2380,C-444,2025-02-01,United Kingdom
O-2381,C-121,2026-03-19,United Kingdom
O-2382,C-360,2026-02-08,Germany
O-2383,C-321,2025-11-22,Czech Republic
O-2384,C-365,2026-01-27,United States
O-2385,C-208,2026-01-26,Greece
O-2386,C-223,2025-08-05,United States
O-2387,C-340,2025-06-27,United States
O-2388,C-244,2025-05-23,Czech Republic
O-2389,C-097,2026-01-29,Spain
O-2390,C-432,2026-01-04,France
O-2391,C-431,2026-03-04,France
O-2392,C-079,2025-10-23,Greece
O-2393,C-447,2025-05-09,United States
O-2394,C-069,2025-01-12,Germany
O-2395,C-037,2025-01-17,United Kingdom
O-2396,C-074,2026-05-14,Italy
O-2397,C-337,2026-03-24,France
O-2398,C-500,2025-05-20,Spain
O-2399,C-044,2025-05-21,Italy
O-2400,C-329,2026-03-02,Germany
O-2401,C-441,2026-04-12,United Kingdom
O-2402,C-458,2026-03-12,United States
O-2403,C-320,2025-07-04,Germany
O-2404,C-233,2026-06-06,Greece
O-2405,C-218,2026-04-06,Spain
O-2406,C-197,2025-12-30,Greece
O-2407,C-116,2025-07-10,Greece
O-2408,C-218,2025-01-08,Spain
O-2409,C-296,2026-05-26,Germany
O-2410,C-434,2025-08-31,France
O-2411,C-365,2026-05-29,United States
O-2412,C-138,2026-02-25,Greece
O-2413,C-475,2026-01-11,France
O-2414,C-018,2025-02-08,Georgia
O-2415,C-291,2026-05-10,Georgia
O-2416,C-361,2026-01-13,Spain
O-2417,C-058,2026-05-09,United Kingdom
O-2418,C-493,2025-03-23,Spain
O-2419,C-073,2026-06-24,Germany
O-2420,C-440,2025-10-14,Spain
O-2421,C-239,2026-06-14,Greece
O-2422,C-041,2026-06-20,Italy
O-2423,C-456,2025-04-01,United Kingdom
O-2424,C-126,2026-04-29,Czech Republic
O-2425,C-323,2025-03-21,Germany
O-2426,C-351,2025-11-16,Georgia
O-2427,C-314,2025-02-24,United Kingdom
O-2428,C-463,2025-12-18,Georgia
O-2429,C-274,2025-01-12,Greece
O-2430,C-241,2026-04-10,France
O-2431,C-263,2026-04-26,Greece
O-2432,C-294,2025-12-06,Czech Republic
O-2433,C-216,2025-12-28,Spain
O-2434,C-492,2025-10-29,Italy
O-2435,C-149,2025-06-21,Czech Republic
O-2436,C-019,2025-11-08,Greece
O-2437,C-373,2025-09-24,Germany
O-2438,C-032,2026-04-30,Spain
O-2439,C-297,2025-06-23,Italy
O-2440,C-294,2025-02-22,Czech Republic
O-2441,C-337,2025-10-26,France
O-2442,C-415,2025-01-28,United Kingdom
O-2443,C-147,2026-05-12,United Kingdom
O-2444,C-043,2025-05-10,Greece
O-2445,C-259,2025-03-20,Czech Republic
O-2446,C-436,2025-10-12,Italy
O-2447,C-130,2025-05-16,Czech Republic
O-2448,C-316,2025-10-15,Italy
O-2449,C-141,2025-09-21,United Kingdom
O-2450,C-008,2025-04-25,France
O-2451,C-310,2025-06-28,United Kingdom
O-2452,C-466,2025-06-04,France
O-2453,C-338,2026-04-03,Spain
O-2454,C-190,2025-06-29,Germany
O-2455,C-134,2025-08-30,Germany
O-2456,C-249,2025-07-05,Germany
O-2457,C-410,2026-06-25,Germany
O-2458,C-442,2025-02-03,France
O-2459,C-176,2025-03-28,Italy
O-2460,C-496,2025-05-29,United States
O-2461,C-305,2025-06-07,Georgia
O-2462,C-429,2026-05-23,Georgia
O-2463,C-386,2026-02-27,United Kingdom
O-2464,C-395,2026-01-28,Georgia
O-2465,C-122,2026-03-27,United States
O-2466,C-372,2025-06-21,Italy
O-2467,C-108,2025-12-20,Germany
O-2468,C-028,2025-09-28,United Kingdom
O-2469,C-387,2025-04-29,Georgia
O-2470,C-027,2025-06-21,United Kingdom
O-2471,C-238,2026-02-13,Greece
O-2472,C-244,2025-11-05,Czech Republic
O-2473,C-244,2026-06-30,Czech Republic
O-2474,C-120,2026-01-24,Italy
O-2475,C-350,2026-02-04,France
O-2476,C-243,2025-09-26,Germany
O-2477,C-075,2026-06-28,Germany
O-2478,C-446,2026-03-22,Georgia
O-2479,C-007,2025-10-23,France
O-2480,C-475,2026-04-05,France
O-2481,C-196,2025-11-20,United States
O-2482,C-493,2026-06-27,Spain
O-2483,C-350,2025-02-12,France
O-2484,C-050,2026-06-29,Spain
O-2485,C-327,2025-12-29,France
O-2486,C-490,2026-03-19,Italy
O-2487,C-313,2025-10-07,Germany
O-2488,C-172,2025-10-04,Greece
O-2489,C-137,2025-04-11,Italy
O-2490,C-131,2026-02-05,France
O-2491,C-237,2025-09-05,United States
O-2492,C-376,2025-07-19,Czech Republic
O-2493,C-267,2025-12-12,United States
O-2494,C-347,2025-07-04,Czech Republic
O-2495,C-161,2025-01-11,Czech Republic
O-2496,C-345,2025-01-09,United States
O-2497,C-426,2025-03-11,United Kingdom
O-2498,C-007,2026-02-26,France
O-2499,C-051,2026-06-22,Germany
O-2500,C-054,2026-04-02,Germany
O-2501,C-180,2025-08-13,United States
O-2502,C-372,2025-10-18,Italy
O-2503,C-129,2025-07-17,France
O-2504,C-018,2025-01-25,Georgia
O-2505,C-318,2025-04-05,Greece
O-2506,C-030,2025-08-11,United Kingdom
O-2507,C-487,2025-05-05,Czech Republic
O-2508,C-363,2025-05-03,Georgia
O-2509,C-045,2025-05-14,United States
O-2510,C-193,2025-07-09,Czech Republic
O-2511,C-459,2025-04-24,Italy
O-2512,C-357,2025-07-08,Italy
O-2513,C-130,2025-10-29,Czech Republic
O-2514,C-240,2025-03-19,Georgia
O-2515,C-328,2026-04-10,United Kingdom
O-2516,C-473,2025-10-11,Czech Republic
O-2517,C-394,2026-03-14,Spain
O-2518,C-355,2025-11-28,Italy
O-2519,C-132,2025-06-15,Italy
O-2520,C-400,2025-03-17,Spain
O-2521,C-142,2025-03-05,Greece
O-2522,C-196,2026-02-02,United States
O-2523,C-171,2025-03-03,Greece
O-2524,C-133,2025-09-29,Italy
O-2525,C-092,2026-03-28,Germany
O-2526,C-036,2026-05-19,Czech Republic
O-2527,C-476,2025-07-25,Czech Republic
O-2528,C-313,2026-02-07,Germany
O-2529,C-092,2026-05-19,Germany
O-2530,C-056,2025-05-28,Georgia
O-2531,C-277,2026-03-18,France
O-2532,C-112,2025-04-19,Germany
O-2533,C-468,2026-03-29,Italy
O-2534,C-367,2025-09-23,Georgia
O-2535,C-053,2025-02-05,Greece
O-2536,C-038,2025-03-14,Georgia
O-2537,C-293,2025-09-14,Spain
O-2538,C-398,2026-04-02,France
O-2539,C-010,2026-05-25,Germany
O-2540,C-077,2025-01-01,Italy
O-2541,C-478,2025-02-08,Spain
O-2542,C-341,2026-02-04,Italy
O-2543,C-137,2025-06-05,Italy
O-2544,C-359,2025-12-04,Spain
O-2545,C-464,2026-02-05,Germany
O-2546,C-295,2025-01-04,United Kingdom
O-2547,C-264,2026-05-18,Spain
O-2548,C-245,2026-03-23,Italy
O-2549,C-207,2025-03-13,Czech Republic
O-2550,C-277,2025-08-20,France
O-2551,C-002,2026-01-29,United Kingdom
O-2552,C-489,2026-05-09,Spain
O-2553,C-063,2026-01-03,Czech Republic
O-2554,C-171,2025-11-07,Greece
O-2555,C-206,2025-02-26,France
O-2556,C-324,2025-04-03,Spain
O-2557,C-188,2025-12-15,Italy
O-2558,C-042,2026-04-16,Georgia
O-2559,C-390,2025-10-24,Germany
O-2560,C-332,2025-07-27,United Kingdom
O-2561,C-091,2025-02-10,Spain
O-2562,C-496,2026-01-29,United States
O-2563,C-339,2025-07-15,France
O-2564,C-154,2026-02-04,Georgia
O-2565,C-459,2025-04-20,Italy
O-2566,C-323,2026-01-03,Germany
O-2567,C-250,2025-03-28,United Kingdom
O-2568,C-454,2026-03-25,Georgia
O-2569,C-377,2025-07-14,Georgia
O-2570,C-072,2025-02-06,United Kingdom
O-2571,C-099,2025-01-26,Georgia
O-2572,C-369,2025-09-02,Italy
O-2573,C-251,2026-02-03,Italy
O-2574,C-033,2025-11-12,Georgia
O-2575,C-256,2026-04-06,United States
O-2576,C-495,2025-01-17,Italy
O-2577,C-019,2025-12-14,Greece
O-2578,C-029,2025-12-12,Greece
O-2579,C-404,2025-02-13,United Kingdom
O-2580,C-208,2025-05-02,Greece
O-2581,C-109,2026-06-20,Czech Republic
O-2582,C-235,2025-06-02,Italy
O-2583,C-380,2025-08-27,United States
O-2584,C-474,2025-03-15,Spain
O-2585,C-019,2025-05-25,Greece
O-2586,C-251,2025-01-20,Italy
O-2587,C-242,2025-02-16,Georgia
O-2588,C-125,2025-05-14,United Kingdom
O-2589,C-008,2025-06-26,France
O-2590,C-324,2025-02-21,Spain
O-2591,C-464,2025-11-11,Germany
O-2592,C-421,2025-04-10,Georgia
O-2593,C-234,2025-06-24,Greece
O-2594,C-428,2025-03-07,Italy
O-2595,C-419,2025-04-19,Germany
O-2596,C-059,2026-05-25,Greece
O-2597,C-305,2025-08-14,Georgia
O-2598,C-033,2025-07-27,Georgia
O-2599,C-219,2025-12-12,United Kingdom
O-2600,C-416,2026-02-16,Italy
O-2601,C-167,2025-05-04,Czech Republic
O-2602,C-500,2025-05-21,Spain
O-2603,C-165,2025-08-07,United Kingdom
O-2604,C-392,2025-02-16,United States
O-2605,C-304,2025-06-27,Italy
O-2606,C-172,2025-03-06,Greece
O-2607,C-062,2025-10-08,United Kingdom
O-2608,C-073,2026-03-02,Germany
O-2609,C-087,2026-01-14,Germany
O-2610,C-284,2025-06-18,Czech Republic
O-2611,C-225,2025-09-07,Germany
O-2612,C-474,2025-02-11,Spain
O-2613,C-069,2025-04-13,Germany
O-2614,C-406,2026-01-21,Spain
O-2615,C-399,2025-06-11,Italy
O-2616,C-009,2026-05-14,Greece
O-2617,C-042,2025-01-07,Georgia
O-2618,C-004,2025-07-03,United States
O-2619,C-475,2025-04-02,France
O-2620,C-362,2025-10-18,Spain
O-2621,C-214,2026-05-03,United States
O-2622,C-355,2025-05-10,Italy
O-2623,C-106,2025-05-27,Greece
O-2624,C-328,2025-10-05,United Kingdom
O-2625,C-268,2026-04-07,Georgia
O-2626,C-211,2025-09-02,Georgia
O-2627,C-481,2025-06-28,France
O-2628,C-313,2025-02-08,Germany
O-2629,C-306,2025-07-04,Germany
O-2630,C-368,2026-05-27,Spain
O-2631,C-314,2025-04-01,United Kingdom
O-2632,C-322,2025-11-05,Spain
O-2633,C-179,2026-03-05,Italy
O-2634,C-003,2025-08-30,Czech Republic
O-2635,C-099,2025-05-01,Georgia
O-2636,C-272,2025-04-08,Czech Republic
O-2637,C-317,2026-01-06,United States
O-2638,C-442,2026-06-04,France
O-2639,C-113,2026-04-21,Spain
O-2640,C-395,2025-08-02,Georgia
O-2641,C-142,2025-02-24,Greece
O-2642,C-100,2025-04-26,Germany
O-2643,C-408,2025-06-02,Greece
O-2644,C-351,2026-05-01,Georgia
O-2645,C-255,2025-06-30,Italy
O-2646,C-082,2025-02-14,Italy
O-2647,C-028,2026-01-08,United Kingdom
O-2648,C-146,2025-08-03,Greece
O-2649,C-223,2025-09-15,United States
O-2650,C-172,2026-04-10,Greece
O-2651,C-023,2025-04-17,Italy
O-2652,C-380,2025-02-23,United States
O-2653,C-474,2025-06-30,Spain
O-2654,C-081,2025-01-30,Spain
O-2655,C-249,2026-06-12,Germany
O-2656,C-060,2025-03-14,Italy
O-2657,C-459,2025-08-29,Italy
O-2658,C-370,2026-04-01,Greece
O-2659,C-304,2025-11-30,Italy
O-2660,C-215,2025-07-23,Georgia
O-2661,C-383,2025-11-30,Spain
O-2662,C-118,2025-04-23,Georgia
O-2663,C-167,2025-08-22,Czech Republic
O-2664,C-051,2025-08-31,Germany
O-2665,C-378,2026-02-27,Georgia
O-2666,C-446,2025-07-24,Georgia
O-2667,C-193,2025-08-14,Czech Republic
O-2668,C-038,2026-04-28,Georgia
O-2669,C-300,2026-05-12,Czech Republic
O-2670,C-028,2026-03-23,United Kingdom
O-2671,C-075,2025-08-10,Germany
O-2672,C-476,2026-04-11,Czech Republic
O-2673,C-092,2026-02-01,Germany
O-2674,C-192,2025-05-20,France
O-2675,C-235,2025-07-18,Italy
O-2676,C-324,2026-01-03,Spain
O-2677,C-500,2025-10-04,Spain
O-2678,C-104,2025-12-10,Italy
O-2679,C-066,2025-02-02,Germany
O-2680,C-355,2025-03-03,Italy
O-2681,C-144,2025-05-20,Germany
O-2682,C-057,2026-04-22,Greece
O-2683,C-235,2026-03-05,Italy
O-2684,C-088,2025-12-18,Czech Republic
O-2685,C-113,2025-10-30,Spain
O-2686,C-310,2025-06-10,United Kingdom
O-2687,C-405,2025-06-24,Greece
O-2688,C-296,2025-08-24,Germany
O-2689,C-045,2026-02-26,United States
O-2690,C-439,2026-06-19,France
O-2691,C-251,2025-08-10,Italy
O-2692,C-303,2026-04-30,Italy
O-2693,C-429,2026-04-19,Georgia
O-2694,C-143,2025-01-15,France
O-2695,C-374,2026-03-15,Georgia
O-2696,C-377,2025-09-10,Georgia
O-2697,C-127,2025-12-02,Czech Republic
O-2698,C-223,2025-08-16,United States
O-2699,C-457,2025-06-02,Greece
O-2700,C-468,2025-01-06,Italy
O-2701,C-214,2025-02-15,United States
O-2702,C-021,2026-04-27,France
O-2703,C-376,2026-06-01,Czech Republic
O-2704,C-018,2026-03-12,Georgia
O-2705,C-272,2026-02-08,Czech Republic
O-2706,C-246,2025-04-11,Italy
O-2707,C-232,2026-05-23,Germany
O-2708,C-124,2025-03-27,Greece
O-2709,C-286,2025-01-13,Germany
O-2710,C-355,2026-02-21,Italy
O-2711,C-487,2025-08-12,Czech Republic
O-2712,C-068,2026-01-03,Greece
O-2713,C-152,2025-09-02,Czech Republic
O-2714,C-332,2025-04-03,United Kingdom
O-2715,C-009,2026-05-07,Greece
O-2716,C-343,2025-11-09,United Kingdom
O-2717,C-083,2026-04-16,United States
O-2718,C-440,2025-01-25,Spain
O-2719,C-500,2026-04-11,Spain
O-2720,C-238,2025-05-22,Greece
O-2721,C-448,2026-02-20,Italy
O-2722,C-095,2026-01-15,Greece
O-2723,C-321,2026-04-21,Czech Republic
O-2724,C-361,2025-01-02,Spain
O-2725,C-441,2025-03-14,United Kingdom
O-2726,C-198,2025-12-07,Georgia
O-2727,C-272,2025-02-03,Czech Republic
O-2728,C-152,2026-03-13,Czech Republic
O-2729,C-386,2025-10-04,United Kingdom
O-2730,C-358,2025-08-01,United Kingdom
O-2731,C-404,2025-03-24,United Kingdom
O-2732,C-318,2025-12-10,Greece
O-2733,C-377,2025-02-26,Georgia
O-2734,C-264,2026-01-08,Spain
O-2735,C-455,2025-02-22,Spain
O-2736,C-057,2026-01-28,Greece
O-2737,C-188,2026-04-22,Italy
O-2738,C-317,2025-02-11,United States
O-2739,C-188,2026-01-11,Italy
O-2740,C-090,2025-03-10,France
O-2741,C-288,2025-07-29,Greece
O-2742,C-071,2025-12-09,Spain
O-2743,C-123,2025-04-27,Germany
O-2744,C-333,2026-05-05,Spain
O-2745,C-378,2025-08-03,Georgia
O-2746,C-386,2025-08-19,United Kingdom
O-2747,C-165,2025-12-28,United Kingdom
O-2748,C-460,2025-10-01,Germany
O-2749,C-258,2026-03-10,Georgia
O-2750,C-142,2025-02-25,Greece
O-2751,C-033,2026-01-17,Georgia
O-2752,C-177,2026-04-09,Czech Republic
O-2753,C-249,2026-05-29,Germany
O-2754,C-270,2025-05-06,Greece
O-2755,C-241,2026-06-29,France
O-2756,C-348,2026-06-30,United Kingdom
O-2757,C-461,2025-10-27,United States
O-2758,C-232,2026-01-12,Germany
O-2759,C-410,2025-03-09,Germany
O-2760,C-097,2026-04-14,Spain
O-2761,C-045,2025-03-24,United States
O-2762,C-201,2025-07-03,Germany
O-2763,C-148,2025-03-20,Greece
O-2764,C-056,2025-06-18,Georgia
O-2765,C-142,2025-04-25,Greece
O-2766,C-357,2025-06-01,Italy
O-2767,C-255,2025-06-04,Italy
O-2768,C-448,2025-07-29,Italy
O-2769,C-267,2025-01-24,United States
O-2770,C-151,2026-03-03,Georgia
O-2771,C-497,2025-05-16,Czech Republic
O-2772,C-243,2025-12-22,Germany
O-2773,C-216,2026-03-31,Spain
O-2774,C-378,2025-01-22,Georgia
O-2775,C-150,2025-07-13,Greece
O-2776,C-033,2025-01-23,Georgia
O-2777,C-447,2025-08-26,United States
O-2778,C-428,2026-06-17,Italy
O-2779,C-331,2025-12-10,Georgia
O-2780,C-211,2025-12-18,Georgia
O-2781,C-336,2025-12-01,United Kingdom
O-2782,C-249,2026-06-27,Germany
O-2783,C-432,2026-04-01,France
O-2784,C-235,2025-11-08,Italy
O-2785,C-291,2025-05-16,Georgia
O-2786,C-460,2025-11-10,Germany
O-2787,C-088,2025-09-24,Czech Republic
O-2788,C-117,2026-05-11,Greece
O-2789,C-191,2025-10-23,Spain
O-2790,C-395,2025-02-18,Georgia
O-2791,C-076,2025-12-28,Italy
O-2792,C-146,2026-04-12,Greece
O-2793,C-490,2025-06-20,Italy
O-2794,C-317,2025-06-14,United States
O-2795,C-365,2025-10-20,United States
O-2796,C-094,2025-06-29,Italy
O-2797,C-430,2025-06-07,Czech Republic
O-2798,C-083,2025-09-01,United States
O-2799,C-060,2025-02-12,Italy
O-2800,C-163,2025-05-10,France
O-2801,C-226,2025-09-24,Georgia
O-2802,C-190,2025-07-08,Germany
O-2803,C-106,2025-02-05,Greece
O-2804,C-341,2025-11-21,Italy
O-2805,C-177,2025-06-01,Czech Republic
O-2806,C-191,2026-04-05,Spain
O-2807,C-277,2025-06-16,France
O-2808,C-274,2025-11-05,Greece
O-2809,C-063,2025-01-26,Czech Republic
O-2810,C-208,2026-05-27,Greece
O-2811,C-394,2025-05-29,Spain
O-2812,C-486,2026-04-15,United States
O-2813,C-476,2025-11-24,Czech Republic
O-2814,C-080,2025-01-05,United Kingdom
O-2815,C-497,2026-06-04,Czech Republic
O-2816,C-170,2025-10-30,Italy
O-2817,C-243,2025-10-24,Germany
O-2818,C-497,2025-05-31,Czech Republic
O-2819,C-410,2026-03-29,Germany
O-2820,C-174,2025-04-26,United Kingdom
O-2821,C-375,2026-05-06,France
O-2822,C-461,2025-02-11,United States
O-2823,C-072,2025-04-30,United Kingdom
O-2824,C-158,2025-01-26,France
O-2825,C-206,2025-08-14,France
O-2826,C-229,2026-01-01,Italy
O-2827,C-048,2025-12-01,Germany
O-2828,C-029,2025-07-19,Greece
O-2829,C-299,2026-06-24,France
O-2830,C-114,2025-10-12,Germany
O-2831,C-101,2025-01-24,Germany
O-2832,C-043,2026-04-02,Greece
O-2833,C-347,2025-03-31,Czech Republic
O-2834,C-500,2026-06-09,Spain
O-2835,C-202,2025-07-19,Georgia
O-2836,C-252,2025-11-22,Spain
O-2837,C-309,2026-06-08,Georgia
O-2838,C-484,2025-02-27,Georgia
O-2839,C-466,2026-01-05,France
O-2840,C-204,2025-06-01,Italy
O-2841,C-367,2026-03-14,Georgia
O-2842,C-190,2026-01-31,Germany
O-2843,C-191,2025-01-13,Spain
O-2844,C-146,2025-12-20,Greece
O-2845,C-180,2025-11-12,United States
O-2846,C-229,2025-03-31,Italy
O-2847,C-111,2026-03-31,France
O-2848,C-380,2026-03-02,United States
O-2849,C-412,2026-03-30,France
O-2850,C-148,2025-06-17,Greece
O-2851,C-413,2026-03-11,United Kingdom
O-2852,C-374,2026-03-01,Georgia
O-2853,C-072,2025-03-30,United Kingdom
O-2854,C-074,2025-08-01,Italy
O-2855,C-156,2026-05-02,Spain
O-2856,C-445,2026-06-22,Czech Republic
O-2857,C-172,2025-03-09,Greece
O-2858,C-478,2026-01-20,Spain
O-2859,C-046,2025-01-07,United States
O-2860,C-210,2025-10-07,France
O-2861,C-213,2025-06-29,France
O-2862,C-285,2026-04-19,Czech Republic
O-2863,C-364,2025-05-21,United Kingdom
O-2864,C-103,2025-07-10,Germany
O-2865,C-427,2026-01-26,Spain
O-2866,C-149,2026-05-18,Czech Republic
O-2867,C-022,2025-11-06,Czech Republic
O-2868,C-428,2025-11-08,Italy
O-2869,C-253,2026-04-20,United States
O-2870,C-115,2025-01-28,United States
O-2871,C-406,2025-01-03,Spain
O-2872,C-079,2025-09-26,Greece
O-2873,C-154,2026-04-29,Georgia
O-2874,C-064,2025-10-22,United States
O-2875,C-214,2025-07-03,United States
O-2876,C-252,2025-09-08,Spain
O-2877,C-015,2025-05-03,France
O-2878,C-392,2025-10-11,United States
O-2879,C-253,2025-03-10,United States
O-2880,C-307,2026-01-06,United States
O-2881,C-298,2026-05-08,Czech Republic
O-2882,C-290,2026-03-23,Germany
O-2883,C-445,2025-09-22,Czech Republic
O-2884,C-322,2026-05-03,Spain
O-2885,C-499,2025-05-03,United Kingdom
O-2886,C-192,2026-06-09,France
O-2887,C-376,2025-01-18,Czech Republic
O-2888,C-433,2025-09-23,United Kingdom
O-2889,C-084,2025-03-01,United Kingdom
O-2890,C-075,2025-11-24,Germany
O-2891,C-237,2025-05-19,United States
O-2892,C-183,2025-06-17,Germany
O-2893,C-028,2025-10-07,United Kingdom
O-2894,C-185,2026-03-06,United Kingdom
O-2895,C-326,2025-12-31,Germany
O-2896,C-025,2025-10-24,United States
O-2897,C-150,2026-06-27,Greece
O-2898,C-328,2025-03-20,United Kingdom
O-2899,C-264,2025-07-18,Spain
O-2900,C-393,2025-07-07,Georgia
O-2901,C-392,2025-04-07,United States
O-2902,C-307,2025-06-21,United States
O-2903,C-279,2025-11-27,United States
O-2904,C-447,2025-11-20,United States
O-2905,C-424,2025-11-05,United States
O-2906,C-139,2026-01-07,France
O-2907,C-050,2025-12-27,Spain
O-2908,C-422,2025-05-28,France
O-2909,C-007,2025-05-21,France
O-2910,C-266,2025-10-16,France
O-2911,C-191,2026-05-12,Spain
O-2912,C-211,2025-12-15,Georgia
O-2913,C-472,2025-06-16,France
O-2914,C-053,2025-08-12,Greece
O-2915,C-080,2026-05-31,United Kingdom
O-2916,C-114,2025-07-12,Germany
O-2917,C-408,2026-06-23,Greece
O-2918,C-434,2026-06-29,France
O-2919,C-365,2025-04-27,United States
O-2920,C-214,2026-04-17,United States
O-2921,C-470,2025-03-20,Spain
O-2922,C-060,2025-05-15,Italy
O-2923,C-473,2025-01-18,Czech Republic
O-2924,C-246,2025-12-23,Italy
O-2925,C-160,2026-01-07,Italy
O-2926,C-072,2026-03-29,United Kingdom
O-2927,C-456,2026-06-20,United Kingdom
O-2928,C-391,2025-12-17,United Kingdom
O-2929,C-089,2025-11-08,Greece
O-2930,C-015,2025-05-02,France
O-2931,C-114,2025-05-12,Germany
O-2932,C-439,2025-05-26,France
O-2933,C-353,2025-08-21,United States
O-2934,C-158,2025-05-09,France
O-2935,C-108,2025-05-14,Germany
O-2936,C-041,2026-03-12,Italy
O-2937,C-354,2025-04-25,United Kingdom
O-2938,C-040,2025-01-20,Czech Republic
O-2939,C-397,2026-05-11,Czech Republic
O-2940,C-388,2026-03-18,Germany
O-2941,C-022,2025-07-21,Czech Republic
O-2942,C-056,2025-02-03,Georgia
O-2943,C-407,2026-06-10,Czech Republic
O-2944,C-304,2025-03-02,Italy
O-2945,C-241,2025-05-02,France
O-2946,C-466,2025-09-17,France
O-2947,C-023,2025-03-09,Italy
O-2948,C-155,2025-01-11,Italy
O-2949,C-387,2025-04-09,Georgia
O-2950,C-401,2025-05-07,Spain
O-2951,C-472,2025-07-30,France
O-2952,C-301,2025-07-24,Greece
O-2953,C-095,2025-12-26,Greece
O-2954,C-015,2025-04-03,France
O-2955,C-075,2025-10-12,Germany
O-2956,C-486,2025-12-23,United States
O-2957,C-181,2025-06-14,Georgia
O-2958,C-438,2026-05-28,United Kingdom
O-2959,C-400,2025-09-05,Spain
O-2960,C-259,2025-03-11,Czech Republic
O-2961,C-051,2025-01-15,Germany
O-2962,C-271,2025-08-11,United States
O-2963,C-367,2025-07-16,Georgia
O-2964,C-494,2025-10-16,Italy
O-2965,C-088,2025-01-05,Czech Republic
O-2966,C-499,2025-04-12,United Kingdom
O-2967,C-474,2025-08-08,Spain
O-2968,C-472,2026-06-01,France
O-2969,C-436,2026-05-02,Italy
O-2970,C-188,2025-07-09,Italy
O-2971,C-226,2025-04-20,Georgia
O-2972,C-093,2025-12-30,France
O-2973,C-195,2026-03-11,Greece
O-2974,C-110,2026-06-11,United States
O-2975,C-117,2026-02-22,Greece
O-2976,C-058,2025-11-18,United Kingdom
O-2977,C-064,2026-04-23,United States
O-2978,C-057,2026-06-17,Greece
O-2979,C-070,2026-05-23,Greece
O-2980,C-391,2026-01-05,United Kingdom
O-2981,C-361,2025-10-23,Spain
O-2982,C-286,2025-02-11,Germany
O-2983,C-043,2025-12-02,Greece
O-2984,C-253,2025-04-29,United States
O-2985,C-198,2025-10-18,Georgia
O-2986,C-234,2025-11-16,Greece
O-2987,C-352,2026-03-31,Germany
O-2988,C-116,2026-02-22,Greece
O-2989,C-149,2026-03-15,Czech Republic
O-2990,C-097,2025-03-13,Spain
O-2991,C-459,2026-05-03,Italy
O-2992,C-481,2026-01-12,France
O-2993,C-092,2025-01-14,Germany
O-2994,C-346,2026-05-19,Greece
O-2995,C-345,2025-04-18,United States
O-2996,C-203,2026-03-25,Spain
O-2997,C-268,2025-03-29,Georgia
O-2998,C-062,2025-05-27,United Kingdom
O-2999,C-203,2026-02-15,Spain
O-3000,C-356,2025-04-15,United Kingdom
O-3001,C-380,2025-06-22,United States
O-3002,C-034,2026-01-08,United Kingdom
O-3003,C-500,2025-07-23,Spain
O-3004,C-174,2025-07-25,United Kingdom
O-3005,C-305,2026-02-18,Georgia
O-3006,C-063,2025-08-27,Czech Republic
O-3007,C-430,2026-03-11,Czech Republic
O-3008,C-372,2026-05-27,Italy
O-3009,C-143,2025-10-07,France
O-3010,C-388,2026-02-14,Germany
O-3011,C-183,2026-05-03,Germany
O-3012,C-342,2026-02-19,United States
O-3013,C-249,2026-06-08,Germany
O-3014,C-143,2025-05-31,France
O-3015,C-394,2026-04-11,Spain
O-3016,C-056,2025-05-06,Georgia
O-3017,C-129,2026-05-17,France
O-3018,C-255,2025-08-25,Italy
O-3019,C-322,2025-05-18,Spain
O-3020,C-016,2025-04-12,Czech Republic
O-3021,C-378,2025-02-24,Georgia
O-3022,C-426,2025-03-11,United Kingdom
O-3023,C-256,2025-01-28,United States
O-3024,C-498,2025-07-03,Greece
O-3025,C-196,2025-12-01,United States
O-3026,C-079,2025-11-07,Greece
O-3027,C-319,2025-04-09,Spain
O-3028,C-390,2025-03-20,Germany
O-3029,C-339,2026-06-17,France
O-3030,C-393,2026-05-20,Georgia
O-3031,C-406,2026-04-23,Spain
O-3032,C-104,2025-10-28,Italy
O-3033,C-339,2026-05-25,France
O-3034,C-252,2026-06-01,Spain
O-3035,C-134,2025-12-18,Germany
O-3036,C-415,2025-01-19,United Kingdom
O-3037,C-488,2025-02-02,Czech Republic
O-3038,C-221,2025-05-02,United Kingdom
O-3039,C-197,2026-04-06,Greece
O-3040,C-162,2026-01-21,Greece
O-3041,C-227,2026-04-16,Greece
O-3042,C-019,2025-02-03,Greece
O-3043,C-091,2025-11-07,Spain
O-3044,C-453,2025-06-18,Czech Republic
O-3045,C-252,2026-03-18,Spain
O-3046,C-069,2025-11-16,Germany
O-3047,C-367,2026-02-03,Georgia
O-3048,C-250,2025-04-23,United Kingdom
O-3049,C-292,2026-05-18,United Kingdom
O-3050,C-338,2026-04-27,Spain
O-3051,C-244,2025-06-10,Czech Republic
O-3052,C-260,2025-02-27,Germany
O-3053,C-201,2025-09-27,Germany
O-3054,C-254,2026-01-22,Greece
O-3055,C-316,2025-12-28,Italy
O-3056,C-393,2025-10-19,Georgia
O-3057,C-165,2025-03-04,United Kingdom
O-3058,C-015,2025-02-16,France
O-3059,C-066,2026-01-11,Germany
O-3060,C-179,2025-01-28,Italy
O-3061,C-392,2025-12-16,United States
O-3062,C-195,2025-04-10,Greece
O-3063,C-220,2025-12-20,United Kingdom
O-3064,C-183,2026-02-26,Germany
O-3065,C-180,2025-02-27,United States
O-3066,C-339,2025-09-08,France
O-3067,C-127,2025-08-29,Czech Republic
O-3068,C-332,2025-11-16,United Kingdom
O-3069,C-304,2025-03-28,Italy
O-3070,C-467,2025-03-09,Greece
O-3071,C-445,2025-11-09,Czech Republic
O-3072,C-059,2025-12-12,Greece
O-3073,C-087,2025-01-21,Germany
O-3074,C-276,2025-11-30,Germany
O-3075,C-020,2026-04-17,Germany
O-3076,C-337,2026-03-09,France
O-3077,C-291,2026-06-12,Georgia
O-3078,C-462,2026-03-08,France
O-3079,C-137,2025-01-21,Italy
O-3080,C-357,2026-04-26,Italy
O-3081,C-302,2025-01-23,Czech Republic
O-3082,C-163,2026-01-22,France
O-3083,C-293,2026-02-04,Spain
O-3084,C-166,2025-04-11,United Kingdom
O-3085,C-414,2026-05-16,Georgia
O-3086,C-052,2025-07-30,Spain
O-3087,C-173,2026-05-24,Greece
O-3088,C-258,2025-12-14,Georgia
O-3089,C-086,2025-11-03,Greece
O-3090,C-187,2026-03-23,United States
O-3091,C-104,2026-05-24,Italy
O-3092,C-326,2025-03-19,Germany
O-3093,C-431,2025-08-08,France
O-3094,C-148,2025-09-29,Greece
O-3095,C-025,2025-11-01,United States
O-3096,C-294,2026-02-16,Czech Republic
O-3097,C-412,2025-08-20,France
O-3098,C-320,2025-04-05,Germany
O-3099,C-368,2025-04-08,Spain
O-3100,C-304,2025-12-11,Italy
O-3101,C-140,2025-03-10,France
O-3102,C-291,2026-06-28,Georgia
O-3103,C-244,2026-03-14,Czech Republic
O-3104,C-108,2025-12-22,Germany
O-3105,C-408,2025-03-20,Greece
O-3106,C-334,2025-11-06,United Kingdom
O-3107,C-259,2025-11-04,Czech Republic
O-3108,C-222,2025-11-17,Italy
O-3109,C-103,2026-03-01,Germany
O-3110,C-206,2025-09-15,France
O-3111,C-320,2026-06-12,Germany
O-3112,C-233,2025-07-04,Greece
O-3113,C-452,2025-01-20,Italy
O-3114,C-322,2026-06-13,Spain
O-3115,C-442,2025-07-11,France
O-3116,C-296,2026-05-27,Germany
O-3117,C-110,2026-04-24,United States
O-3118,C-138,2026-06-30,Greece
O-3119,C-415,2026-03-21,United Kingdom
O-3120,C-479,2025-03-03,Czech Republic
O-3121,C-268,2025-07-25,Georgia
O-3122,C-187,2026-04-19,United States
O-3123,C-076,2025-09-04,Italy
O-3124,C-078,2025-11-04,Spain
O-3125,C-433,2026-03-22,United Kingdom
O-3126,C-211,2025-11-23,Georgia
O-3127,C-441,2025-03-07,United Kingdom
O-3128,C-325,2025-07-28,Germany
O-3129,C-434,2026-02-27,France
O-3130,C-137,2025-10-21,Italy
O-3131,C-331,2025-06-14,Georgia
O-3132,C-132,2025-08-30,Italy
O-3133,C-208,2025-09-02,Greece
O-3134,C-059,2025-06-03,Greece
O-3135,C-099,2025-01-29,Georgia
O-3136,C-126,2025-11-14,Czech Republic
O-3137,C-238,2026-05-13,Greece
O-3138,C-287,2026-03-23,Czech Republic
O-3139,C-217,2025-02-07,United Kingdom
O-3140,C-104,2025-06-13,Italy
O-3141,C-140,2025-05-20,France
O-3142,C-015,2025-09-22,France
O-3143,C-405,2025-10-12,Greece
O-3144,C-338,2025-06-30,Spain
O-3145,C-330,2025-02-13,Italy
O-3146,C-494,2026-05-13,Italy
O-3147,C-401,2025-01-21,Spain
O-3148,C-029,2025-03-27,Greece
O-3149,C-161,2025-11-02,Czech Republic
O-3150,C-444,2025-03-07,United Kingdom
O-3151,C-462,2026-02-21,France
O-3152,C-460,2026-01-08,Germany
O-3153,C-344,2025-04-03,Germany
O-3154,C-204,2025-05-24,Italy
O-3155,C-121,2025-04-25,United Kingdom
O-3156,C-293,2026-05-28,Spain
O-3157,C-478,2025-05-04,Spain
O-3158,C-268,2026-06-22,Georgia
O-3159,C-129,2026-05-24,France
O-3160,C-453,2025-04-03,Czech Republic
O-3161,C-122,2025-05-06,United States
O-3162,C-396,2025-11-17,United Kingdom
O-3163,C-169,2026-02-04,Italy
O-3164,C-413,2025-08-30,United Kingdom
O-3165,C-479,2026-03-10,Czech Republic
O-3166,C-112,2025-05-28,Germany
O-3167,C-055,2025-06-29,Georgia
O-3168,C-110,2025-10-09,United States
O-3169,C-226,2026-02-23,Georgia
O-3170,C-131,2025-02-27,France
O-3171,C-252,2026-01-19,Spain
O-3172,C-359,2025-04-26,Spain
O-3173,C-163,2026-03-10,France
O-3174,C-244,2025-09-10,Czech Republic
O-3175,C-494,2025-10-12,Italy
O-3176,C-451,2025-05-29,Czech Republic
O-3177,C-186,2026-05-02,France
O-3178,C-367,2026-01-12,Georgia
O-3179,C-421,2025-11-12,Georgia
O-3180,C-011,2025-02-05,France
O-3181,C-431,2025-02-25,France
O-3182,C-354,2025-09-03,United Kingdom
O-3183,C-130,2026-01-29,Czech Republic
O-3184,C-159,2026-01-07,United States
O-3185,C-463,2025-05-05,Georgia
O-3186,C-274,2025-08-31,Greece
O-3187,C-440,2026-03-30,Spain
O-3188,C-199,2025-01-09,Italy
O-3189,C-466,2026-02-07,France
O-3190,C-475,2025-09-19,France
O-3191,C-155,2025-04-03,Italy
O-3192,C-480,2025-08-30,Italy
O-3193,C-153,2025-08-04,United States
O-3194,C-441,2025-06-14,United Kingdom
O-3195,C-469,2026-03-26,Greece
O-3196,C-324,2025-11-21,Spain
O-3197,C-451,2026-02-21,Czech Republic
O-3198,C-405,2025-02-04,Greece
O-3199,C-141,2025-03-24,United Kingdom
O-3200,C-422,2026-05-19,France
O-3201,C-242,2026-02-27,Georgia
O-3202,C-475,2025-12-07,France
O-3203,C-368,2026-03-09,Spain
O-3204,C-449,2025-04-13,Greece
O-3205,C-423,2025-06-14,Greece
O-3206,C-358,2025-09-25,United Kingdom
O-3207,C-260,2025-03-09,Germany
O-3208,C-181,2026-03-07,Georgia
O-3209,C-309,2025-12-01,Georgia
O-3210,C-233,2025-01-29,Greece
O-3211,C-391,2025-02-23,United Kingdom
O-3212,C-329,2025-07-08,Germany
O-3213,C-323,2026-03-31,Germany
O-3214,C-406,2025-05-20,Spain
O-3215,C-002,2026-02-15,United Kingdom
O-3216,C-103,2025-11-09,Germany
O-3217,C-161,2025-03-26,Czech Republic
O-3218,C-057,2025-06-11,Greece
O-3219,C-128,2026-06-13,France
O-3220,C-366,2025-05-14,Germany
O-3221,C-434,2026-02-25,France
O-3222,C-406,2025-11-24,Spain
O-3223,C-232,2026-05-05,Germany
O-3224,C-448,2025-05-17,Italy
O-3225,C-134,2025-06-27,Germany
O-3226,C-352,2025-12-02,Germany
O-3227,C-410,2025-10-16,Germany
O-3228,C-102,2025-03-28,Germany
O-3229,C-213,2026-01-12,France
O-3230,C-094,2026-02-07,Italy
O-3231,C-449,2026-01-22,Greece
O-3232,C-484,2025-08-18,Georgia
O-3233,C-011,2025-01-24,France
O-3234,C-473,2025-08-23,Czech Republic
O-3235,C-465,2025-04-02,Czech Republic
O-3236,C-499,2026-04-19,United Kingdom
O-3237,C-102,2025-09-26,Germany
O-3238,C-360,2025-06-22,Germany
O-3239,C-026,2026-02-15,Czech Republic
O-3240,C-317,2026-03-16,United States
O-3241,C-308,2025-09-24,Germany
O-3242,C-077,2025-04-02,Italy
O-3243,C-491,2026-01-12,Czech Republic
O-3244,C-088,2025-05-01,Czech Republic
O-3245,C-008,2026-06-23,France
O-3246,C-223,2026-04-10,United States
O-3247,C-424,2026-05-22,United States
O-3248,C-061,2025-08-18,Greece
O-3249,C-366,2025-07-28,Germany
O-3250,C-098,2025-09-30,Georgia
O-3251,C-148,2026-05-22,Greece
O-3252,C-196,2025-05-14,United States
O-3253,C-221,2025-07-31,United Kingdom
O-3254,C-308,2025-08-09,Germany
O-3255,C-422,2025-10-17,France
O-3256,C-373,2025-07-13,Germany
O-3257,C-215,2025-07-04,Georgia
O-3258,C-210,2025-05-30,France
O-3259,C-015,2025-10-25,France
O-3260,C-500,2025-09-26,Spain
O-3261,C-121,2026-04-07,United Kingdom
O-3262,C-465,2025-09-12,Czech Republic
O-3263,C-190,2026-04-15,Germany
O-3264,C-044,2025-01-11,Italy
O-3265,C-241,2025-05-17,France
O-3266,C-447,2025-11-28,United States
O-3267,C-499,2026-02-12,United Kingdom
O-3268,C-352,2025-08-06,Germany
O-3269,C-366,2026-01-28,Germany
O-3270,C-363,2026-03-10,Georgia
O-3271,C-377,2025-09-20,Georgia
O-3272,C-038,2025-04-08,Georgia
O-3273,C-286,2025-03-02,Germany
O-3274,C-027,2025-12-07,United Kingdom
O-3275,C-477,2025-08-29,Georgia
O-3276,C-242,2025-12-29,Georgia
O-3277,C-311,2025-02-16,United States
O-3278,C-003,2025-09-17,Czech Republic
O-3279,C-259,2026-01-26,Czech Republic
O-3280,C-155,2026-02-09,Italy
O-3281,C-344,2026-01-15,Germany
O-3282,C-068,2025-02-12,Greece
O-3283,C-298,2025-07-03,Czech Republic
O-3284,C-134,2025-06-23,Germany
O-3285,C-258,2026-05-20,Georgia
O-3286,C-477,2025-12-14,Georgia
O-3287,C-450,2026-04-25,United Kingdom
O-3288,C-068,2025-04-02,Greece
O-3289,C-163,2026-06-28,France
O-3290,C-222,2025-05-26,Italy
O-3291,C-134,2025-04-30,Germany
O-3292,C-161,2025-02-15,Czech Republic
O-3293,C-066,2026-05-27,Germany
O-3294,C-447,2025-10-15,United States
O-3295,C-383,2026-01-05,Spain
O-3296,C-475,2026-03-17,France
O-3297,C-145,2025-09-27,France
O-3298,C-314,2025-09-28,United Kingdom
O-3299,C-265,2025-11-17,Germany
O-3300,C-224,2025-06-18,Germany
O-3301,C-162,2026-05-19,Greece
O-3302,C-392,2025-06-04,United States
O-3303,C-285,2026-03-27,Czech Republic
O-3304,C-028,2025-07-13,United Kingdom
O-3305,C-077,2025-02-25,Italy
O-3306,C-118,2025-07-07,Georgia
O-3307,C-019,2026-04-27,Greece
O-3308,C-134,2025-06-17,Germany
O-3309,C-362,2026-04-24,Spain
O-3310,C-224,2025-04-29,Germany
O-3311,C-459,2026-05-22,Italy
O-3312,C-021,2026-03-29,France
O-3313,C-183,2026-05-12,Germany
O-3314,C-235,2026-05-20,Italy
O-3315,C-058,2025-06-01,United Kingdom
O-3316,C-064,2025-12-24,United States
O-3317,C-048,2025-07-28,Germany
O-3318,C-445,2025-10-18,Czech Republic
O-3319,C-093,2025-06-22,France
O-3320,C-384,2026-06-05,Italy
O-3321,C-422,2025-10-07,France
O-3322,C-289,2025-08-06,Germany
O-3323,C-299,2025-01-05,France
O-3324,C-270,2025-07-04,Greece
O-3325,C-214,2025-03-20,United States
O-3326,C-127,2026-05-26,Czech Republic
O-3327,C-347,2025-04-07,Czech Republic
O-3328,C-455,2025-12-03,Spain
O-3329,C-014,2025-10-19,Georgia
O-3330,C-349,2025-05-05,Georgia
O-3331,C-202,2026-01-18,Georgia
O-3332,C-303,2025-04-19,Italy
O-3333,C-429,2025-11-28,Georgia
O-3334,C-079,2025-01-30,Greece
O-3335,C-042,2026-04-17,Georgia
O-3336,C-426,2026-05-07,United Kingdom
O-3337,C-233,2025-10-03,Greece
O-3338,C-305,2025-01-06,Georgia
O-3339,C-169,2025-02-14,Italy
O-3340,C-336,2026-04-09,United Kingdom
O-3341,C-167,2025-05-13,Czech Republic
O-3342,C-109,2025-02-19,Czech Republic
O-3343,C-411,2025-10-17,Spain
O-3344,C-166,2025-02-26,United Kingdom
O-3345,C-381,2025-03-14,Greece
O-3346,C-281,2026-01-26,Germany
O-3347,C-048,2026-02-13,Germany
O-3348,C-131,2025-07-02,France
O-3349,C-123,2026-02-13,Germany
O-3350,C-046,2025-01-22,United States
O-3351,C-437,2025-08-02,Georgia
O-3352,C-084,2026-02-02,United Kingdom
O-3353,C-400,2026-02-17,Spain
O-3354,C-146,2025-06-07,Greece
O-3355,C-062,2025-11-02,United Kingdom
O-3356,C-252,2026-03-19,Spain
O-3357,C-377,2025-11-14,Georgia
O-3358,C-463,2025-05-15,Georgia
O-3359,C-184,2025-04-09,Spain
O-3360,C-427,2026-01-12,Spain
O-3361,C-263,2025-07-24,Greece
O-3362,C-251,2026-04-02,Italy
O-3363,C-454,2026-02-02,Georgia
O-3364,C-244,2025-10-02,Czech Republic
O-3365,C-289,2026-03-10,Germany
O-3366,C-047,2026-03-09,Italy
O-3367,C-416,2026-01-13,Italy
O-3368,C-315,2025-07-10,Italy
O-3369,C-223,2026-03-13,United States
O-3370,C-048,2025-02-11,Germany
O-3371,C-263,2025-12-16,Greece
O-3372,C-499,2026-04-20,United Kingdom
O-3373,C-347,2025-08-18,Czech Republic
O-3374,C-332,2025-06-08,United Kingdom
O-3375,C-477,2026-05-23,Georgia
O-3376,C-270,2026-06-22,Greece
O-3377,C-043,2025-10-25,Greece
O-3378,C-240,2026-03-24,Georgia
O-3379,C-041,2026-05-05,Italy
O-3380,C-154,2025-06-02,Georgia
O-3381,C-066,2025-11-04,Germany
O-3382,C-431,2025-09-12,France
O-3383,C-268,2026-03-14,Georgia
O-3384,C-152,2025-02-18,Czech Republic
O-3385,C-283,2025-03-20,Georgia
O-3386,C-470,2025-02-16,Spain
O-3387,C-263,2025-04-21,Greece
O-3388,C-262,2026-03-12,Spain
O-3389,C-212,2025-04-07,Czech Republic
O-3390,C-238,2025-09-17,Greece
O-3391,C-182,2025-09-18,France
O-3392,C-300,2025-03-25,Czech Republic
O-3393,C-394,2026-05-31,Spain
O-3394,C-009,2025-04-27,Greece
O-3395,C-380,2026-04-19,United States
O-3396,C-092,2025-07-06,Germany
O-3397,C-432,2026-02-07,France
O-3398,C-024,2025-03-27,Czech Republic
O-3399,C-214,2025-11-01,United States
O-3400,C-161,2026-04-11,Czech Republic
O-3401,C-388,2026-04-06,Germany
O-3402,C-320,2025-09-29,Germany
O-3403,C-175,2025-07-11,Italy
O-3404,C-109,2025-07-09,Czech Republic
O-3405,C-041,2025-09-23,Italy
O-3406,C-447,2025-04-19,United States
O-3407,C-223,2025-01-19,United States
O-3408,C-003,2026-02-09,Czech Republic
O-3409,C-060,2025-01-14,Italy
O-3410,C-088,2026-05-04,Czech Republic
O-3411,C-236,2026-02-19,Germany
O-3412,C-445,2026-05-14,Czech Republic
O-3413,C-156,2026-01-05,Spain
O-3414,C-354,2026-02-09,United Kingdom
O-3415,C-412,2025-11-06,France
O-3416,C-045,2025-05-09,United States
O-3417,C-070,2025-01-15,Greece
O-3418,C-098,2025-04-25,Georgia
O-3419,C-418,2025-01-17,France
O-3420,C-357,2025-07-12,Italy
O-3421,C-440,2025-01-28,Spain
O-3422,C-108,2026-05-08,Germany
O-3423,C-333,2025-05-29,Spain
O-3424,C-333,2025-09-05,Spain
O-3425,C-224,2025-07-15,Germany
O-3426,C-045,2025-11-05,United States
O-3427,C-395,2026-04-20,Georgia
O-3428,C-076,2026-05-01,Italy
O-3429,C-217,2025-01-23,United Kingdom
O-3430,C-060,2025-06-20,Italy
O-3431,C-463,2025-06-06,Georgia
O-3432,C-379,2026-04-01,France
O-3433,C-494,2026-05-12,Italy
O-3434,C-242,2025-01-21,Georgia
O-3435,C-441,2026-04-06,United Kingdom
O-3436,C-300,2025-09-06,Czech Republic
O-3437,C-104,2025-10-29,Italy
O-3438,C-292,2026-02-06,United Kingdom
O-3439,C-027,2025-12-08,United Kingdom
O-3440,C-005,2025-04-16,United Kingdom
O-3441,C-323,2026-03-19,Germany
O-3442,C-213,2026-05-23,France
O-3443,C-378,2025-10-25,Georgia
O-3444,C-019,2026-05-15,Greece
O-3445,C-205,2026-05-13,France
O-3446,C-263,2026-05-15,Greece
O-3447,C-119,2025-03-04,United Kingdom
O-3448,C-271,2025-01-20,United States
O-3449,C-217,2025-11-20,United Kingdom
O-3450,C-284,2025-03-07,Czech Republic
O-3451,C-138,2026-03-04,Greece
O-3452,C-456,2026-04-30,United Kingdom
O-3453,C-060,2026-05-22,Italy
O-3454,C-319,2025-12-22,Spain
O-3455,C-230,2026-03-23,Czech Republic
O-3456,C-011,2025-06-15,France
O-3457,C-148,2025-07-16,Greece
O-3458,C-241,2025-12-19,France
O-3459,C-225,2025-08-26,Germany
O-3460,C-260,2025-08-13,Germany
O-3461,C-301,2025-12-14,Greece
O-3462,C-472,2026-04-25,France
O-3463,C-068,2025-10-28,Greece
O-3464,C-371,2026-02-04,Spain
O-3465,C-492,2026-03-03,Italy
O-3466,C-427,2026-01-04,Spain
O-3467,C-408,2026-04-29,Greece
O-3468,C-410,2025-06-15,Germany
O-3469,C-319,2025-08-01,Spain
O-3470,C-145,2025-03-30,France
O-3471,C-342,2026-05-10,United States
O-3472,C-067,2025-06-27,Czech Republic
O-3473,C-103,2025-06-10,Germany
O-3474,C-311,2026-05-19,United States
O-3475,C-052,2026-03-02,Spain
O-3476,C-483,2026-05-21,Spain
O-3477,C-156,2025-08-29,Spain
O-3478,C-108,2025-02-18,Germany
O-3479,C-010,2026-01-03,Germany
O-3480,C-452,2025-09-25,Italy
O-3481,C-183,2025-06-12,Germany
O-3482,C-090,2026-05-31,France
O-3483,C-017,2025-03-07,Czech Republic
O-3484,C-173,2026-03-17,Greece
O-3485,C-059,2025-08-21,Greece
O-3486,C-062,2025-08-18,United Kingdom
O-3487,C-250,2025-09-22,United Kingdom
O-3488,C-175,2025-12-30,Italy
O-3489,C-394,2025-02-17,Spain
O-3490,C-395,2025-10-01,Georgia
O-3491,C-459,2025-06-04,Italy
O-3492,C-437,2026-06-12,Georgia
O-3493,C-310,2025-04-17,United Kingdom
O-3494,C-362,2025-02-21,Spain
O-3495,C-475,2026-03-25,France
O-3496,C-410,2026-04-14,Germany
O-3497,C-493,2025-04-24,Spain
O-3498,C-500,2025-04-19,Spain
O-3499,C-401,2025-04-15,Spain
O-3500,C-422,2025-02-12,France
